{
    "confidence_score": 0.9265145659446716,
    "ptm": 0.9626463651657104,
    "iptm": 0.9350153803825378,
    "ligand_iptm": 0.0,
    "protein_iptm": 0.9350153803825378,
    "complex_plddt": 0.9243893027305603,
    "complex_iplddt": 0.896308183670044,
    "complex_pde": 0.26421037316322327,
    "complex_ipde": 0.3222498297691345,
    "chains_ptm": {
        "0": 0.9758792519569397,
        "1": 0.9440280795097351
    },
    "pair_chains_iptm": {
        "0": {
            "0": 0.9758792519569397,
            "1": 0.8855663537979126
        },
        "1": {
            "0": 0.9350153803825378,
            "1": 0.9440280795097351
        }
    }
}