{
    "confidence_score": 0.9347988367080688,
    "ptm": 0.9628328084945679,
    "iptm": 0.9401891827583313,
    "ligand_iptm": 0.0,
    "protein_iptm": 0.9401891827583313,
    "complex_plddt": 0.9334511756896973,
    "complex_iplddt": 0.908285915851593,
    "complex_pde": 0.26585501432418823,
    "complex_ipde": 0.3336872458457947,
    "chains_ptm": {
        "0": 0.9749597907066345,
        "1": 0.9382416009902954
    },
    "pair_chains_iptm": {
        "0": {
            "0": 0.9749597907066345,
            "1": 0.8928327560424805
        },
        "1": {
            "0": 0.9401891827583313,
            "1": 0.9382416009902954
        }
    }
}