{
    "confidence_score": 0.8759563565254211,
    "ptm": 0.9503042101860046,
    "iptm": 0.9041948318481445,
    "ligand_iptm": 0.0,
    "protein_iptm": 0.9041948318481445,
    "complex_plddt": 0.8688966631889343,
    "complex_iplddt": 0.8133230209350586,
    "complex_pde": 0.2800447940826416,
    "complex_ipde": 0.4148706793785095,
    "chains_ptm": {
        "0": 0.9664906859397888,
        "1": 0.886253833770752
    },
    "pair_chains_iptm": {
        "0": {
            "0": 0.9664906859397888,
            "1": 0.7809451818466187
        },
        "1": {
            "0": 0.9041948318481445,
            "1": 0.886253833770752
        }
    }
}