{
    "confidence_score": 0.9289725422859192,
    "ptm": 0.9649494886398315,
    "iptm": 0.9349812269210815,
    "ligand_iptm": 0.0,
    "protein_iptm": 0.9349812269210815,
    "complex_plddt": 0.9274703860282898,
    "complex_iplddt": 0.9017391800880432,
    "complex_pde": 0.2643776834011078,
    "complex_ipde": 0.3239397406578064,
    "chains_ptm": {
        "0": 0.9759594202041626,
        "1": 0.9409372806549072
    },
    "pair_chains_iptm": {
        "0": {
            "0": 0.9759594202041626,
            "1": 0.8955797553062439
        },
        "1": {
            "0": 0.9349812269210815,
            "1": 0.9409372806549072
        }
    }
}