{
    "confidence_score": 0.9198428988456726,
    "ptm": 0.9610705375671387,
    "iptm": 0.9339151382446289,
    "ligand_iptm": 0.0,
    "protein_iptm": 0.9339151382446289,
    "complex_plddt": 0.91632479429245,
    "complex_iplddt": 0.8886561393737793,
    "complex_pde": 0.2630489468574524,
    "complex_ipde": 0.30489757657051086,
    "chains_ptm": {
        "0": 0.9701451659202576,
        "1": 0.9412100315093994
    },
    "pair_chains_iptm": {
        "0": {
            "0": 0.9701451659202576,
            "1": 0.8799883723258972
        },
        "1": {
            "0": 0.9339151382446289,
            "1": 0.9412100315093994
        }
    }
}