{
    "confidence_score": 0.9161969423294067,
    "ptm": 0.9582251310348511,
    "iptm": 0.9233717322349548,
    "ligand_iptm": 0.0,
    "protein_iptm": 0.9233717322349548,
    "complex_plddt": 0.9144032001495361,
    "complex_iplddt": 0.883548378944397,
    "complex_pde": 0.26852476596832275,
    "complex_ipde": 0.3414989709854126,
    "chains_ptm": {
        "0": 0.97186279296875,
        "1": 0.9053947329521179
    },
    "pair_chains_iptm": {
        "0": {
            "0": 0.97186279296875,
            "1": 0.8295671343803406
        },
        "1": {
            "0": 0.9233717322349548,
            "1": 0.9053947329521179
        }
    }
}