{
    "confidence_score": 0.9197246432304382,
    "ptm": 0.9656435251235962,
    "iptm": 0.9411585330963135,
    "ligand_iptm": 0.0,
    "protein_iptm": 0.9411585330963135,
    "complex_plddt": 0.9143661856651306,
    "complex_iplddt": 0.8780792951583862,
    "complex_pde": 0.2635796368122101,
    "complex_ipde": 0.3164826035499573,
    "chains_ptm": {
        "0": 0.975881040096283,
        "1": 0.9475034475326538
    },
    "pair_chains_iptm": {
        "0": {
            "0": 0.975881040096283,
            "1": 0.8801262378692627
        },
        "1": {
            "0": 0.9411585330963135,
            "1": 0.9475034475326538
        }
    }
}