{
    "confidence_score": 0.9253849983215332,
    "ptm": 0.9642658233642578,
    "iptm": 0.9350579380989075,
    "ligand_iptm": 0.0,
    "protein_iptm": 0.9350579380989075,
    "complex_plddt": 0.9229667782783508,
    "complex_iplddt": 0.8902464509010315,
    "complex_pde": 0.2645799219608307,
    "complex_ipde": 0.31982165575027466,
    "chains_ptm": {
        "0": 0.9761993885040283,
        "1": 0.9405472874641418
    },
    "pair_chains_iptm": {
        "0": {
            "0": 0.9761993885040283,
            "1": 0.8813713192939758
        },
        "1": {
            "0": 0.9350579380989075,
            "1": 0.9405472874641418
        }
    }
}