{
    "confidence_score": 0.8630022406578064,
    "ptm": 0.9307976961135864,
    "iptm": 0.8255990147590637,
    "ligand_iptm": 0.0,
    "protein_iptm": 0.8255990147590637,
    "complex_plddt": 0.8723530173301697,
    "complex_iplddt": 0.8131237626075745,
    "complex_pde": 0.32260286808013916,
    "complex_ipde": 0.8408432006835938,
    "chains_ptm": {
        "0": 0.9665830731391907,
        "1": 0.8394963145256042
    },
    "pair_chains_iptm": {
        "0": {
            "0": 0.9665830731391907,
            "1": 0.727340579032898
        },
        "1": {
            "0": 0.8255990147590637,
            "1": 0.8394963145256042
        }
    }
}