{
    "confidence_score": 0.8929810523986816,
    "ptm": 0.9539440870285034,
    "iptm": 0.9102078676223755,
    "ligand_iptm": 0.0,
    "protein_iptm": 0.9102078676223755,
    "complex_plddt": 0.8886743783950806,
    "complex_iplddt": 0.8490334153175354,
    "complex_pde": 0.2706276476383209,
    "complex_ipde": 0.3612748384475708,
    "chains_ptm": {
        "0": 0.9722093939781189,
        "1": 0.9179971814155579
    },
    "pair_chains_iptm": {
        "0": {
            "0": 0.9722093939781189,
            "1": 0.8589072227478027
        },
        "1": {
            "0": 0.9102078676223755,
            "1": 0.9179971814155579
        }
    }
}