{
    "confidence_score": 0.954736053943634,
    "ptm": 0.9644696116447449,
    "iptm": 0.9569268226623535,
    "ligand_iptm": 0.0,
    "protein_iptm": 0.9569268226623535,
    "complex_plddt": 0.954188346862793,
    "complex_iplddt": 0.9671823382377625,
    "complex_pde": 0.29992765188217163,
    "complex_ipde": 0.5696958303451538,
    "chains_ptm": {
        "0": 0.9745476841926575,
        "1": 0.9755362272262573
    },
    "pair_chains_iptm": {
        "0": {
            "0": 0.9745476841926575,
            "1": 0.9563192129135132
        },
        "1": {
            "0": 0.9569268226623535,
            "1": 0.9755362272262573
        }
    }
}