{
    "confidence_score": 0.9539432525634766,
    "ptm": 0.957330584526062,
    "iptm": 0.9472910761833191,
    "ligand_iptm": 0.0,
    "protein_iptm": 0.9472910761833191,
    "complex_plddt": 0.9556063413619995,
    "complex_iplddt": 0.9686583280563354,
    "complex_pde": 0.32102158665657043,
    "complex_ipde": 0.7380741238594055,
    "chains_ptm": {
        "0": 0.9717108607292175,
        "1": 0.9701765775680542
    },
    "pair_chains_iptm": {
        "0": {
            "0": 0.9717108607292175,
            "1": 0.9472910761833191
        },
        "1": {
            "0": 0.9464160799980164,
            "1": 0.9701765775680542
        }
    }
}