{
    "confidence_score": 0.9464661478996277,
    "ptm": 0.9471855163574219,
    "iptm": 0.9375818967819214,
    "ligand_iptm": 0.0,
    "protein_iptm": 0.9375818967819214,
    "complex_plddt": 0.9486871957778931,
    "complex_iplddt": 0.9614759683609009,
    "complex_pde": 0.32085853815078735,
    "complex_ipde": 0.6416285634040833,
    "chains_ptm": {
        "0": 0.9625723958015442,
        "1": 0.9627962112426758
    },
    "pair_chains_iptm": {
        "0": {
            "0": 0.9625723958015442,
            "1": 0.93506920337677
        },
        "1": {
            "0": 0.9375818967819214,
            "1": 0.9627962112426758
        }
    }
}