{
    "confidence_score": 0.9443497061729431,
    "ptm": 0.9443907737731934,
    "iptm": 0.933879017829895,
    "ligand_iptm": 0.0,
    "protein_iptm": 0.933879017829895,
    "complex_plddt": 0.9469673037528992,
    "complex_iplddt": 0.9631783366203308,
    "complex_pde": 0.3299387991428375,
    "complex_ipde": 0.6666379570960999,
    "chains_ptm": {
        "0": 0.9613862037658691,
        "1": 0.9600749015808105
    },
    "pair_chains_iptm": {
        "0": {
            "0": 0.9613862037658691,
            "1": 0.933879017829895
        },
        "1": {
            "0": 0.9336323142051697,
            "1": 0.9600749015808105
        }
    }
}