{
    "confidence_score": 0.9512557983398438,
    "ptm": 0.9519341588020325,
    "iptm": 0.9417393803596497,
    "ligand_iptm": 0.0,
    "protein_iptm": 0.9417393803596497,
    "complex_plddt": 0.9536348581314087,
    "complex_iplddt": 0.965880811214447,
    "complex_pde": 0.32271620631217957,
    "complex_ipde": 0.6840327382087708,
    "chains_ptm": {
        "0": 0.965171217918396,
        "1": 0.965020477771759
    },
    "pair_chains_iptm": {
        "0": {
            "0": 0.965171217918396,
            "1": 0.9405174255371094
        },
        "1": {
            "0": 0.9417393803596497,
            "1": 0.965020477771759
        }
    }
}