{
    "confidence_score": 0.9511198401451111,
    "ptm": 0.9611654281616211,
    "iptm": 0.9547545313835144,
    "ligand_iptm": 0.0,
    "protein_iptm": 0.9547545313835144,
    "complex_plddt": 0.9502111673355103,
    "complex_iplddt": 0.9620282053947449,
    "complex_pde": 0.2934945225715637,
    "complex_ipde": 0.44882261753082275,
    "chains_ptm": {
        "0": 0.9707173109054565,
        "1": 0.9713422656059265
    },
    "pair_chains_iptm": {
        "0": {
            "0": 0.9707173109054565,
            "1": 0.9541881680488586
        },
        "1": {
            "0": 0.9547545313835144,
            "1": 0.9713422656059265
        }
    }
}