{
    "confidence_score": 0.9542393684387207,
    "ptm": 0.966138482093811,
    "iptm": 0.959722638130188,
    "ligand_iptm": 0.0,
    "protein_iptm": 0.959722638130188,
    "complex_plddt": 0.9528685808181763,
    "complex_iplddt": 0.9656426906585693,
    "complex_pde": 0.28751325607299805,
    "complex_ipde": 0.41931992769241333,
    "chains_ptm": {
        "0": 0.9742234349250793,
        "1": 0.9748337864875793
    },
    "pair_chains_iptm": {
        "0": {
            "0": 0.9742234349250793,
            "1": 0.9595805406570435
        },
        "1": {
            "0": 0.959722638130188,
            "1": 0.9748337864875793
        }
    }
}