{
    "confidence_score": 0.9543775916099548,
    "ptm": 0.962559700012207,
    "iptm": 0.9542067646980286,
    "ligand_iptm": 0.0,
    "protein_iptm": 0.9542067646980286,
    "complex_plddt": 0.954420268535614,
    "complex_iplddt": 0.9673894047737122,
    "complex_pde": 0.3010505139827728,
    "complex_ipde": 0.5617771744728088,
    "chains_ptm": {
        "0": 0.9738171696662903,
        "1": 0.9737294912338257
    },
    "pair_chains_iptm": {
        "0": {
            "0": 0.9738171696662903,
            "1": 0.9535740613937378
        },
        "1": {
            "0": 0.9542067646980286,
            "1": 0.9737294912338257
        }
    }
}