{
    "confidence_score": 0.9496076703071594,
    "ptm": 0.9478432536125183,
    "iptm": 0.935408890247345,
    "ligand_iptm": 0.0,
    "protein_iptm": 0.935408890247345,
    "complex_plddt": 0.9531573057174683,
    "complex_iplddt": 0.9686773419380188,
    "complex_pde": 0.3364897072315216,
    "complex_ipde": 0.8181578516960144,
    "chains_ptm": {
        "0": 0.9660775065422058,
        "1": 0.9656891822814941
    },
    "pair_chains_iptm": {
        "0": {
            "0": 0.9660775065422058,
            "1": 0.9345990419387817
        },
        "1": {
            "0": 0.935408890247345,
            "1": 0.9656891822814941
        }
    }
}