{
    "confidence_score": 0.9535814523696899,
    "ptm": 0.9621384739875793,
    "iptm": 0.9538041949272156,
    "ligand_iptm": 0.0,
    "protein_iptm": 0.9538041949272156,
    "complex_plddt": 0.953525722026825,
    "complex_iplddt": 0.9680811166763306,
    "complex_pde": 0.30134883522987366,
    "complex_ipde": 0.542153537273407,
    "chains_ptm": {
        "0": 0.9736645817756653,
        "1": 0.9745623469352722
    },
    "pair_chains_iptm": {
        "0": {
            "0": 0.9736645817756653,
            "1": 0.9529542922973633
        },
        "1": {
            "0": 0.9538041949272156,
            "1": 0.9745623469352722
        }
    }
}