{
    "confidence_score": 0.8427574038505554,
    "ptm": 0.9430421590805054,
    "iptm": 0.8891124129295349,
    "ligand_iptm": 0.0,
    "protein_iptm": 0.8891124129295349,
    "complex_plddt": 0.8311686515808105,
    "complex_iplddt": 0.7565710544586182,
    "complex_pde": 0.3334212303161621,
    "complex_ipde": 0.9713721871376038,
    "chains_ptm": {
        "0": 0.9806511402130127,
        "1": 0.9711089730262756
    },
    "pair_chains_iptm": {
        "0": {
            "0": 0.9806511402130127,
            "1": 0.8891124129295349
        },
        "1": {
            "0": 0.8334692716598511,
            "1": 0.9711089730262756
        }
    }
}