{
    "confidence_score": 0.8353972434997559,
    "ptm": 0.936561107635498,
    "iptm": 0.8789128661155701,
    "ligand_iptm": 0.0,
    "protein_iptm": 0.8789128661155701,
    "complex_plddt": 0.8245183229446411,
    "complex_iplddt": 0.7639108896255493,
    "complex_pde": 0.36171069741249084,
    "complex_ipde": 1.0676226615905762,
    "chains_ptm": {
        "0": 0.9753202199935913,
        "1": 0.9653922319412231
    },
    "pair_chains_iptm": {
        "0": {
            "0": 0.9753202199935913,
            "1": 0.8789128661155701
        },
        "1": {
            "0": 0.8164588809013367,
            "1": 0.9653922319412231
        }
    }
}