{
    "confidence_score": 0.8590124249458313,
    "ptm": 0.9490481615066528,
    "iptm": 0.9113667011260986,
    "ligand_iptm": 0.0,
    "protein_iptm": 0.9113667011260986,
    "complex_plddt": 0.8459237813949585,
    "complex_iplddt": 0.7912125587463379,
    "complex_pde": 0.33397176861763,
    "complex_ipde": 0.8319304585456848,
    "chains_ptm": {
        "0": 0.9756414294242859,
        "1": 0.9708962440490723
    },
    "pair_chains_iptm": {
        "0": {
            "0": 0.9756414294242859,
            "1": 0.9113667011260986
        },
        "1": {
            "0": 0.8513067364692688,
            "1": 0.9708962440490723
        }
    }
}