{
    "confidence_score": 0.8396798968315125,
    "ptm": 0.9347658157348633,
    "iptm": 0.8605620861053467,
    "ligand_iptm": 0.0,
    "protein_iptm": 0.8605620861053467,
    "complex_plddt": 0.8344593644142151,
    "complex_iplddt": 0.7677119374275208,
    "complex_pde": 0.3577311038970947,
    "complex_ipde": 1.2588597536087036,
    "chains_ptm": {
        "0": 0.9755430817604065,
        "1": 0.9690284729003906
    },
    "pair_chains_iptm": {
        "0": {
            "0": 0.9755430817604065,
            "1": 0.8605620861053467
        },
        "1": {
            "0": 0.80747389793396,
            "1": 0.9690284729003906
        }
    }
}