{
    "confidence_score": 0.8677887320518494,
    "ptm": 0.9439285397529602,
    "iptm": 0.9054678678512573,
    "ligand_iptm": 0.0,
    "protein_iptm": 0.9054678678512573,
    "complex_plddt": 0.8583689332008362,
    "complex_iplddt": 0.8128790259361267,
    "complex_pde": 0.35025671124458313,
    "complex_ipde": 1.0199495553970337,
    "chains_ptm": {
        "0": 0.9768959879875183,
        "1": 0.9686198830604553
    },
    "pair_chains_iptm": {
        "0": {
            "0": 0.9768959879875183,
            "1": 0.9054678678512573
        },
        "1": {
            "0": 0.8476229310035706,
            "1": 0.9686198830604553
        }
    }
}