{
    "confidence_score": 0.7804486155509949,
    "ptm": 0.8466663360595703,
    "iptm": 0.60953688621521,
    "ligand_iptm": 0.0,
    "protein_iptm": 0.60953688621521,
    "complex_plddt": 0.8231765031814575,
    "complex_iplddt": 0.733208179473877,
    "complex_pde": 0.5496153235435486,
    "complex_ipde": 4.558419704437256,
    "chains_ptm": {
        "0": 0.9557201862335205,
        "1": 0.9558817744255066
    },
    "pair_chains_iptm": {
        "0": {
            "0": 0.9557201862335205,
            "1": 0.60953688621521
        },
        "1": {
            "0": 0.5225950479507446,
            "1": 0.9558817744255066
        }
    }
}