{
    "confidence_score": 0.8291768431663513,
    "ptm": 0.9160631895065308,
    "iptm": 0.8045772910118103,
    "ligand_iptm": 0.0,
    "protein_iptm": 0.8045772910118103,
    "complex_plddt": 0.8353266716003418,
    "complex_iplddt": 0.7608475685119629,
    "complex_pde": 0.38597166538238525,
    "complex_ipde": 1.9227652549743652,
    "chains_ptm": {
        "0": 0.9770368337631226,
        "1": 0.9694222807884216
    },
    "pair_chains_iptm": {
        "0": {
            "0": 0.9770368337631226,
            "1": 0.8045772910118103
        },
        "1": {
            "0": 0.7415353655815125,
            "1": 0.9694222807884216
        }
    }
}