{
    "confidence_score": 0.8431423306465149,
    "ptm": 0.9441590905189514,
    "iptm": 0.889482319355011,
    "ligand_iptm": 0.0,
    "protein_iptm": 0.889482319355011,
    "complex_plddt": 0.8315572738647461,
    "complex_iplddt": 0.7576911449432373,
    "complex_pde": 0.342133104801178,
    "complex_ipde": 1.1379979848861694,
    "chains_ptm": {
        "0": 0.9756281971931458,
        "1": 0.9737352132797241
    },
    "pair_chains_iptm": {
        "0": {
            "0": 0.9756281971931458,
            "1": 0.889482319355011
        },
        "1": {
            "0": 0.8373991250991821,
            "1": 0.9737352132797241
        }
    }
}