{
    "confidence_score": 0.8309009671211243,
    "ptm": 0.9255126118659973,
    "iptm": 0.8396742343902588,
    "ligand_iptm": 0.0,
    "protein_iptm": 0.8396742343902588,
    "complex_plddt": 0.8287075757980347,
    "complex_iplddt": 0.765908420085907,
    "complex_pde": 0.3726903796195984,
    "complex_ipde": 1.545585036277771,
    "chains_ptm": {
        "0": 0.9723557233810425,
        "1": 0.9684885144233704
    },
    "pair_chains_iptm": {
        "0": {
            "0": 0.9723557233810425,
            "1": 0.8396742343902588
        },
        "1": {
            "0": 0.7795431017875671,
            "1": 0.9684885144233704
        }
    }
}