{
    "confidence_score": 0.8468496203422546,
    "ptm": 0.9422736167907715,
    "iptm": 0.88316810131073,
    "ligand_iptm": 0.0,
    "protein_iptm": 0.88316810131073,
    "complex_plddt": 0.8377699851989746,
    "complex_iplddt": 0.766870379447937,
    "complex_pde": 0.3432669937610626,
    "complex_ipde": 1.1807390451431274,
    "chains_ptm": {
        "0": 0.9781101942062378,
        "1": 0.9739511609077454
    },
    "pair_chains_iptm": {
        "0": {
            "0": 0.9781101942062378,
            "1": 0.88316810131073
        },
        "1": {
            "0": 0.8259509801864624,
            "1": 0.9739511609077454
        }
    }
}