{"id": "9jo6_union", "structure": {"resolution": null, "method": null, "deposited": null, "released": null, "revised": null, "num_chains": 2, "num_interfaces": null, "pH": null, "temperature": null}, "chains": [{"chain_id": 0, "chain_name": "A", "mol_type": 0, "cluster_id": -1, "msa_id": "9jo6_union_0", "num_residues": 140, "valid": true, "entity_id": 0}, {"chain_id": 1, "chain_name": "B", "mol_type": 0, "cluster_id": -1, "msa_id": "9jo6_union_1", "num_residues": 41, "valid": true, "entity_id": 1}], "interfaces": [], "inference_options": {"pocket_constraints": [], "contact_constraints": [], "atom_contact_constraints": [], "atom_contact_union_constraints": [[[[0, 39, 286], [0, 40, 288], 10.042119, true], [[0, 39, 287], [0, 40, 288], 10.042119, true]], [[[0, 39, 286], [0, 39, 281], 9.189454, true], [[0, 39, 287], [0, 39, 281], 9.189454, true]], [[[0, 48, 348], [0, 49, 350], 10.366372, true], [[0, 48, 349], [0, 49, 350], 10.366372, true]], [[[0, 54, 388], [0, 54, 383], 9.861978, true], [[0, 54, 389], [0, 54, 383], 9.861978, true]], [[[0, 73, 519], [0, 73, 514], 8.913238, true], [[0, 73, 520], [0, 73, 514], 8.913238, true]], [[[0, 2, 21], [0, 2, 16], 9.033332, true], [[0, 2, 22], [0, 2, 16], 9.033332, true]], [[[1, 140, 1013], [1, 140, 1016], 8.48, true], [[1, 140, 1013], [1, 140, 1019], 8.48, true], [[1, 140, 1013], [1, 140, 1020], 8.48, true], [[1, 140, 1013], [1, 140, 1012], 8.440001, true], [[1, 140, 1013], [1, 140, 1018], 8.440001, true], [[1, 140, 1013], [1, 140, 1021], 8.440001, true]], [[[0, 2, 21], [0, 3, 23], 10.102166, true], [[0, 2, 22], [0, 3, 23], 10.102166, true]]]}, "templates": [], "md": null, "affinity": null}