{
    "confidence_score": 0.8081404566764832,
    "ptm": 0.178122878074646,
    "iptm": 0.150935560464859,
    "ligand_iptm": 0.0,
    "protein_iptm": 0.0,
    "complex_plddt": 0.9724416732788086,
    "complex_iplddt": 0.9724416732788086,
    "complex_pde": 0.25207534432411194,
    "complex_ipde": 0.25265100598335266,
    "chains_ptm": {
        "0": 0.18603776395320892,
        "1": 0.20816880464553833
    },
    "pair_chains_iptm": {
        "0": {
            "0": 0.18603776395320892,
            "1": 0.150935560464859
        },
        "1": {
            "0": 0.13742484152317047,
            "1": 0.20816880464553833
        }
    }
}