{
    "confidence_score": 0.8098542094230652,
    "ptm": 0.18406955897808075,
    "iptm": 0.1552606225013733,
    "ligand_iptm": 0.0,
    "protein_iptm": 0.0,
    "complex_plddt": 0.9735025763511658,
    "complex_iplddt": 0.973502516746521,
    "complex_pde": 0.2520597577095032,
    "complex_ipde": 0.2526851296424866,
    "chains_ptm": {
        "0": 0.19132225215435028,
        "1": 0.2128782570362091
    },
    "pair_chains_iptm": {
        "0": {
            "0": 0.19132225215435028,
            "1": 0.1552606225013733
        },
        "1": {
            "0": 0.14784091711044312,
            "1": 0.2128782570362091
        }
    }
}