{
    "confidence_score": 0.8119495511054993,
    "ptm": 0.18441520631313324,
    "iptm": 0.15546295046806335,
    "ligand_iptm": 0.0,
    "protein_iptm": 0.0,
    "complex_plddt": 0.9760712385177612,
    "complex_iplddt": 0.9760712385177612,
    "complex_pde": 0.2524392306804657,
    "complex_ipde": 0.2531869113445282,
    "chains_ptm": {
        "0": 0.19128020107746124,
        "1": 0.21336723864078522
    },
    "pair_chains_iptm": {
        "0": {
            "0": 0.19128020107746124,
            "1": 0.15546295046806335
        },
        "1": {
            "0": 0.14550407230854034,
            "1": 0.21336723864078522
        }
    }
}