{
    "confidence_score": 0.8115730285644531,
    "ptm": 0.18064533174037933,
    "iptm": 0.1534469574689865,
    "ligand_iptm": 0.0,
    "protein_iptm": 0.0,
    "complex_plddt": 0.9761044979095459,
    "complex_iplddt": 0.9761044383049011,
    "complex_pde": 0.25341054797172546,
    "complex_ipde": 0.2544652223587036,
    "chains_ptm": {
        "0": 0.18914209306240082,
        "1": 0.2088581919670105
    },
    "pair_chains_iptm": {
        "0": {
            "0": 0.18914209306240082,
            "1": 0.1534469574689865
        },
        "1": {
            "0": 0.14561769366264343,
            "1": 0.2088581919670105
        }
    }
}