{
    "confidence_score": 0.8114418983459473,
    "ptm": 0.18238459527492523,
    "iptm": 0.15417861938476562,
    "ligand_iptm": 0.0,
    "protein_iptm": 0.0,
    "complex_plddt": 0.9757577180862427,
    "complex_iplddt": 0.9757577180862427,
    "complex_pde": 0.25289466977119446,
    "complex_ipde": 0.2537951171398163,
    "chains_ptm": {
        "0": 0.19066421687602997,
        "1": 0.21167460083961487
    },
    "pair_chains_iptm": {
        "0": {
            "0": 0.19066421687602997,
            "1": 0.15417861938476562
        },
        "1": {
            "0": 0.1479583978652954,
            "1": 0.21167460083961487
        }
    }
}