{
    "confidence_score": 0.810888946056366,
    "ptm": 0.18075883388519287,
    "iptm": 0.15185517072677612,
    "ligand_iptm": 0.0,
    "protein_iptm": 0.0,
    "complex_plddt": 0.9756473898887634,
    "complex_iplddt": 0.9756473302841187,
    "complex_pde": 0.2526282072067261,
    "complex_ipde": 0.25340911746025085,
    "chains_ptm": {
        "0": 0.19100825488567352,
        "1": 0.20966224372386932
    },
    "pair_chains_iptm": {
        "0": {
            "0": 0.19100825488567352,
            "1": 0.15185517072677612
        },
        "1": {
            "0": 0.14389874041080475,
            "1": 0.20966224372386932
        }
    }
}