{
    "confidence_score": 0.8113986849784851,
    "ptm": 0.18008899688720703,
    "iptm": 0.1523873656988144,
    "ligand_iptm": 0.0,
    "protein_iptm": 0.0,
    "complex_plddt": 0.9761515259742737,
    "complex_iplddt": 0.9761514663696289,
    "complex_pde": 0.25272196531295776,
    "complex_ipde": 0.25351467728614807,
    "chains_ptm": {
        "0": 0.18973715603351593,
        "1": 0.20899780094623566
    },
    "pair_chains_iptm": {
        "0": {
            "0": 0.18973715603351593,
            "1": 0.1523873656988144
        },
        "1": {
            "0": 0.14681044220924377,
            "1": 0.20899780094623566
        }
    }
}