{
    "confidence_score": 0.8068254590034485,
    "ptm": 0.1726142317056656,
    "iptm": 0.14230240881443024,
    "ligand_iptm": 0.0,
    "protein_iptm": 0.0,
    "complex_plddt": 0.9729561805725098,
    "complex_iplddt": 0.9729562997817993,
    "complex_pde": 0.25400668382644653,
    "complex_ipde": 0.2550908327102661,
    "chains_ptm": {
        "0": 0.18178869783878326,
        "1": 0.20292583107948303
    },
    "pair_chains_iptm": {
        "0": {
            "0": 0.18178869783878326,
            "1": 0.14230240881443024
        },
        "1": {
            "0": 0.13342055678367615,
            "1": 0.20292583107948303
        }
    }
}