{
    "confidence_score": 0.8112611770629883,
    "ptm": 0.18088212609291077,
    "iptm": 0.15215346217155457,
    "ligand_iptm": 0.0,
    "protein_iptm": 0.0,
    "complex_plddt": 0.9760380983352661,
    "complex_iplddt": 0.9760380983352661,
    "complex_pde": 0.2528704106807709,
    "complex_ipde": 0.25378477573394775,
    "chains_ptm": {
        "0": 0.18713726103305817,
        "1": 0.21058784425258636
    },
    "pair_chains_iptm": {
        "0": {
            "0": 0.18713726103305817,
            "1": 0.15215346217155457
        },
        "1": {
            "0": 0.14459747076034546,
            "1": 0.21058784425258636
        }
    }
}