{
    "confidence_score": 0.8117424845695496,
    "ptm": 0.1840948909521103,
    "iptm": 0.15606895089149475,
    "ligand_iptm": 0.0,
    "protein_iptm": 0.0,
    "complex_plddt": 0.9756608605384827,
    "complex_iplddt": 0.9756609201431274,
    "complex_pde": 0.25261637568473816,
    "complex_ipde": 0.253422349691391,
    "chains_ptm": {
        "0": 0.19098183512687683,
        "1": 0.21212062239646912
    },
    "pair_chains_iptm": {
        "0": {
            "0": 0.19098183512687683,
            "1": 0.15606895089149475
        },
        "1": {
            "0": 0.14666026830673218,
            "1": 0.21212062239646912
        }
    }
}