{
    "confidence_score": 0.8116645216941833,
    "ptm": 0.1842113584280014,
    "iptm": 0.15563629567623138,
    "ligand_iptm": 0.0,
    "protein_iptm": 0.0,
    "complex_plddt": 0.9756715297698975,
    "complex_iplddt": 0.9756715893745422,
    "complex_pde": 0.25232282280921936,
    "complex_ipde": 0.2530063986778259,
    "chains_ptm": {
        "0": 0.19063015282154083,
        "1": 0.2127862125635147
    },
    "pair_chains_iptm": {
        "0": {
            "0": 0.19063015282154083,
            "1": 0.15563629567623138
        },
        "1": {
            "0": 0.14900276064872742,
            "1": 0.2127862125635147
        }
    }
}