{
    "confidence_score": 0.8090171813964844,
    "ptm": 0.17557203769683838,
    "iptm": 0.14650392532348633,
    "ligand_iptm": 0.0,
    "protein_iptm": 0.0,
    "complex_plddt": 0.9746454358100891,
    "complex_iplddt": 0.9746454358100891,
    "complex_pde": 0.2525930106639862,
    "complex_ipde": 0.25335946679115295,
    "chains_ptm": {
        "0": 0.18774423003196716,
        "1": 0.20549923181533813
    },
    "pair_chains_iptm": {
        "0": {
            "0": 0.18774423003196716,
            "1": 0.14650392532348633
        },
        "1": {
            "0": 0.14042870700359344,
            "1": 0.20549923181533813
        }
    }
}