{
    "confidence_score": 0.8120707869529724,
    "ptm": 0.18346452713012695,
    "iptm": 0.15587133169174194,
    "ligand_iptm": 0.0,
    "protein_iptm": 0.0,
    "complex_plddt": 0.9761205911636353,
    "complex_iplddt": 0.97612065076828,
    "complex_pde": 0.25281772017478943,
    "complex_ipde": 0.2536587715148926,
    "chains_ptm": {
        "0": 0.19280463457107544,
        "1": 0.21176715195178986
    },
    "pair_chains_iptm": {
        "0": {
            "0": 0.19280463457107544,
            "1": 0.15587133169174194
        },
        "1": {
            "0": 0.14979995787143707,
            "1": 0.21176715195178986
        }
    }
}