{
    "confidence_score": 0.8119334578514099,
    "ptm": 0.18273380398750305,
    "iptm": 0.1542598307132721,
    "ligand_iptm": 0.0,
    "protein_iptm": 0.0,
    "complex_plddt": 0.976351797580719,
    "complex_iplddt": 0.9763518571853638,
    "complex_pde": 0.25330162048339844,
    "complex_ipde": 0.2543785870075226,
    "chains_ptm": {
        "0": 0.19128498435020447,
        "1": 0.2112075537443161
    },
    "pair_chains_iptm": {
        "0": {
            "0": 0.19128498435020447,
            "1": 0.1542598307132721
        },
        "1": {
            "0": 0.14661681652069092,
            "1": 0.2112075537443161
        }
    }
}