{
    "confidence_score": 0.81147700548172,
    "ptm": 0.18199656903743744,
    "iptm": 0.1531747579574585,
    "ligand_iptm": 0.0,
    "protein_iptm": 0.0,
    "complex_plddt": 0.9760525226593018,
    "complex_iplddt": 0.976052463054657,
    "complex_pde": 0.25300338864326477,
    "complex_ipde": 0.2539044916629791,
    "chains_ptm": {
        "0": 0.19206251204013824,
        "1": 0.21081815659999847
    },
    "pair_chains_iptm": {
        "0": {
            "0": 0.19206251204013824,
            "1": 0.1531747579574585
        },
        "1": {
            "0": 0.14819860458374023,
            "1": 0.21081815659999847
        }
    }
}