{
    "confidence_score": 0.812506377696991,
    "ptm": 0.18603816628456116,
    "iptm": 0.1575067639350891,
    "ligand_iptm": 0.0,
    "protein_iptm": 0.0,
    "complex_plddt": 0.976256251335144,
    "complex_iplddt": 0.9762561917304993,
    "complex_pde": 0.2523897588253021,
    "complex_ipde": 0.25311779975891113,
    "chains_ptm": {
        "0": 0.19054631888866425,
        "1": 0.2145693451166153
    },
    "pair_chains_iptm": {
        "0": {
            "0": 0.19054631888866425,
            "1": 0.1575067639350891
        },
        "1": {
            "0": 0.14834752678871155,
            "1": 0.2145693451166153
        }
    }
}