{
    "confidence_score": 0.8116804361343384,
    "ptm": 0.1831270158290863,
    "iptm": 0.1542956829071045,
    "ligand_iptm": 0.0,
    "protein_iptm": 0.0,
    "complex_plddt": 0.9760265350341797,
    "complex_iplddt": 0.9760265350341797,
    "complex_pde": 0.2524479925632477,
    "complex_ipde": 0.2531191408634186,
    "chains_ptm": {
        "0": 0.19149012863636017,
        "1": 0.211958110332489
    },
    "pair_chains_iptm": {
        "0": {
            "0": 0.19149012863636017,
            "1": 0.1542956829071045
        },
        "1": {
            "0": 0.14678914844989777,
            "1": 0.211958110332489
        }
    }
}