{
    "confidence_score": 0.8121919631958008,
    "ptm": 0.1842082440853119,
    "iptm": 0.1563781350851059,
    "ligand_iptm": 0.0,
    "protein_iptm": 0.0,
    "complex_plddt": 0.9761453866958618,
    "complex_iplddt": 0.9761453866958618,
    "complex_pde": 0.25299298763275146,
    "complex_ipde": 0.25387120246887207,
    "chains_ptm": {
        "0": 0.19253182411193848,
        "1": 0.21203811466693878
    },
    "pair_chains_iptm": {
        "0": {
            "0": 0.19253182411193848,
            "1": 0.1563781350851059
        },
        "1": {
            "0": 0.14874407649040222,
            "1": 0.21203811466693878
        }
    }
}