{
    "confidence_score": 0.8109704852104187,
    "ptm": 0.18001435697078705,
    "iptm": 0.15143446624279022,
    "ligand_iptm": 0.0,
    "protein_iptm": 0.0,
    "complex_plddt": 0.9758545160293579,
    "complex_iplddt": 0.9758545160293579,
    "complex_pde": 0.2529587745666504,
    "complex_ipde": 0.25370314717292786,
    "chains_ptm": {
        "0": 0.18919233977794647,
        "1": 0.20859402418136597
    },
    "pair_chains_iptm": {
        "0": {
            "0": 0.18919233977794647,
            "1": 0.15143446624279022
        },
        "1": {
            "0": 0.143998920917511,
            "1": 0.20859402418136597
        }
    }
}