{
    "confidence_score": 0.8112775683403015,
    "ptm": 0.18376854062080383,
    "iptm": 0.15482106804847717,
    "ligand_iptm": 0.0,
    "protein_iptm": 0.0,
    "complex_plddt": 0.9753917455673218,
    "complex_iplddt": 0.9753917455673218,
    "complex_pde": 0.25273361802101135,
    "complex_ipde": 0.25360745191574097,
    "chains_ptm": {
        "0": 0.19206242263317108,
        "1": 0.2127157747745514
    },
    "pair_chains_iptm": {
        "0": {
            "0": 0.19206242263317108,
            "1": 0.15482106804847717
        },
        "1": {
            "0": 0.14674332737922668,
            "1": 0.2127157747745514
        }
    }
}