{
    "confidence_score": 0.4156769812107086,
    "ptm": 0.34357964992523193,
    "iptm": 0.2588810622692108,
    "ligand_iptm": 0.0,
    "protein_iptm": 0.2588810622692108,
    "complex_plddt": 0.45487597584724426,
    "complex_iplddt": 0.4516078233718872,
    "complex_pde": 2.236300468444824,
    "complex_ipde": 6.082063674926758,
    "chains_ptm": {
        "0": 0.4336645007133484,
        "1": 0.31311213970184326
    },
    "pair_chains_iptm": {
        "0": {
            "0": 0.4336645007133484,
            "1": 0.22049684822559357
        },
        "1": {
            "0": 0.2588810622692108,
            "1": 0.31311213970184326
        }
    }
}