{
    "confidence_score": 0.553464412689209,
    "ptm": 0.882107675075531,
    "iptm": 0.8808777928352356,
    "ligand_iptm": 0.0,
    "protein_iptm": 0.8808777928352356,
    "complex_plddt": 0.4716110825538635,
    "complex_iplddt": 0.4718538522720337,
    "complex_pde": 0.4118105173110962,
    "complex_ipde": 0.6621707677841187,
    "chains_ptm": {
        "0": 0.8833575248718262,
        "1": 0.8565351366996765
    },
    "pair_chains_iptm": {
        "0": {
            "0": 0.8833575248718262,
            "1": 0.8289834856987
        },
        "1": {
            "0": 0.8808777928352356,
            "1": 0.8565351366996765
        }
    }
}