{
    "confidence_score": 0.5168406963348389,
    "ptm": 0.7698823809623718,
    "iptm": 0.735715925693512,
    "ligand_iptm": 0.0,
    "protein_iptm": 0.735715925693512,
    "complex_plddt": 0.4621218740940094,
    "complex_iplddt": 0.4624409079551697,
    "complex_pde": 0.7861116528511047,
    "complex_ipde": 1.9327239990234375,
    "chains_ptm": {
        "0": 0.8060282468795776,
        "1": 0.7326381206512451
    },
    "pair_chains_iptm": {
        "0": {
            "0": 0.8060282468795776,
            "1": 0.7106804847717285
        },
        "1": {
            "0": 0.735715925693512,
            "1": 0.7326381206512451
        }
    }
}