{
    "confidence_score": 0.3701636493206024,
    "ptm": 0.1964264065027237,
    "iptm": 0.08253001421689987,
    "ligand_iptm": 0.0,
    "protein_iptm": 0.08253001421689987,
    "complex_plddt": 0.4420720636844635,
    "complex_iplddt": 0.4371996819972992,
    "complex_pde": 2.896994113922119,
    "complex_ipde": 7.889673709869385,
    "chains_ptm": {
        "0": 0.3245142102241516,
        "1": 0.22588300704956055
    },
    "pair_chains_iptm": {
        "0": {
            "0": 0.3245142102241516,
            "1": 0.07449420541524887
        },
        "1": {
            "0": 0.08253001421689987,
            "1": 0.22588300704956055
        }
    }
}