{
    "confidence_score": 0.37287184596061707,
    "ptm": 0.22875483334064484,
    "iptm": 0.13474370539188385,
    "ligand_iptm": 0.0,
    "protein_iptm": 0.13474370539188385,
    "complex_plddt": 0.43240389227867126,
    "complex_iplddt": 0.43425804376602173,
    "complex_pde": 2.656787395477295,
    "complex_ipde": 7.321113586425781,
    "chains_ptm": {
        "0": 0.33432263135910034,
        "1": 0.31821906566619873
    },
    "pair_chains_iptm": {
        "0": {
            "0": 0.33432263135910034,
            "1": 0.13474370539188385
        },
        "1": {
            "0": 0.12563395500183105,
            "1": 0.31821906566619873
        }
    }
}