{
    "confidence_score": 0.5169920325279236,
    "ptm": 0.7778163552284241,
    "iptm": 0.7485352754592896,
    "ligand_iptm": 0.0,
    "protein_iptm": 0.7485352754592896,
    "complex_plddt": 0.4591061472892761,
    "complex_iplddt": 0.46130433678627014,
    "complex_pde": 0.8067015409469604,
    "complex_ipde": 1.9308702945709229,
    "chains_ptm": {
        "0": 0.8152039051055908,
        "1": 0.743212878704071
    },
    "pair_chains_iptm": {
        "0": {
            "0": 0.8152039051055908,
            "1": 0.6972373723983765
        },
        "1": {
            "0": 0.7485352754592896,
            "1": 0.743212878704071
        }
    }
}