{
    "confidence_score": 0.4528522491455078,
    "ptm": 0.47176259756088257,
    "iptm": 0.40562885999679565,
    "ligand_iptm": 0.0,
    "protein_iptm": 0.40562885999679565,
    "complex_plddt": 0.46465811133384705,
    "complex_iplddt": 0.46121999621391296,
    "complex_pde": 1.6877366304397583,
    "complex_ipde": 4.433864593505859,
    "chains_ptm": {
        "0": 0.5478753447532654,
        "1": 0.4657547175884247
    },
    "pair_chains_iptm": {
        "0": {
            "0": 0.5478753447532654,
            "1": 0.3781736493110657
        },
        "1": {
            "0": 0.40562885999679565,
            "1": 0.4657547175884247
        }
    }
}