{
    "confidence_score": 0.4981040954589844,
    "ptm": 0.6532050371170044,
    "iptm": 0.6037845015525818,
    "ligand_iptm": 0.0,
    "protein_iptm": 0.6037845015525818,
    "complex_plddt": 0.47168397903442383,
    "complex_iplddt": 0.47198763489723206,
    "complex_pde": 1.3563858270645142,
    "complex_ipde": 3.5928196907043457,
    "chains_ptm": {
        "0": 0.7034354209899902,
        "1": 0.5947678685188293
    },
    "pair_chains_iptm": {
        "0": {
            "0": 0.7034354209899902,
            "1": 0.5243391990661621
        },
        "1": {
            "0": 0.6037845015525818,
            "1": 0.5947678685188293
        }
    }
}