{
    "confidence_score": 0.4074060916900635,
    "ptm": 0.22353830933570862,
    "iptm": 0.12041832506656647,
    "ligand_iptm": 0.0,
    "protein_iptm": 0.12041832506656647,
    "complex_plddt": 0.47915300726890564,
    "complex_iplddt": 0.47424376010894775,
    "complex_pde": 2.6609649658203125,
    "complex_ipde": 7.442925453186035,
    "chains_ptm": {
        "0": 0.34853312373161316,
        "1": 0.23795495927333832
    },
    "pair_chains_iptm": {
        "0": {
            "0": 0.34853312373161316,
            "1": 0.11696016043424606
        },
        "1": {
            "0": 0.12041832506656647,
            "1": 0.23795495927333832
        }
    }
}