{
    "confidence_score": 0.4582054316997528,
    "ptm": 0.5070723295211792,
    "iptm": 0.44384923577308655,
    "ligand_iptm": 0.0,
    "protein_iptm": 0.44384923577308655,
    "complex_plddt": 0.4617944657802582,
    "complex_iplddt": 0.4602961838245392,
    "complex_pde": 1.5094066858291626,
    "complex_ipde": 4.0048723220825195,
    "chains_ptm": {
        "0": 0.5912187099456787,
        "1": 0.5095520615577698
    },
    "pair_chains_iptm": {
        "0": {
            "0": 0.5912187099456787,
            "1": 0.4230297803878784
        },
        "1": {
            "0": 0.44384923577308655,
            "1": 0.5095520615577698
        }
    }
}