{
    "confidence_score": 0.8521048426628113,
    "ptm": 0.7980915904045105,
    "iptm": 0.708667516708374,
    "ligand_iptm": 0.0,
    "protein_iptm": 0.708667516708374,
    "complex_plddt": 0.8879641890525818,
    "complex_iplddt": 0.9167765378952026,
    "complex_pde": 0.537266194820404,
    "complex_ipde": 1.7929633855819702,
    "chains_ptm": {
        "0": 0.8889164328575134,
        "1": 0.8860344290733337
    },
    "pair_chains_iptm": {
        "0": {
            "0": 0.8889164328575134,
            "1": 0.7074894309043884
        },
        "1": {
            "0": 0.708667516708374,
            "1": 0.8860344290733337
        }
    }
}