{
    "confidence_score": 0.7972784638404846,
    "ptm": 0.8479906320571899,
    "iptm": 0.7786545157432556,
    "ligand_iptm": 0.0,
    "protein_iptm": 0.7786545157432556,
    "complex_plddt": 0.8019344210624695,
    "complex_iplddt": 0.8049840927124023,
    "complex_pde": 0.38572779297828674,
    "complex_ipde": 0.9909321665763855,
    "chains_ptm": {
        "0": 0.9225265979766846,
        "1": 0.912565290927887
    },
    "pair_chains_iptm": {
        "0": {
            "0": 0.9225265979766846,
            "1": 0.7651896476745605
        },
        "1": {
            "0": 0.7786545157432556,
            "1": 0.912565290927887
        }
    }
}