{
    "confidence_score": 0.8875347971916199,
    "ptm": 0.8991415500640869,
    "iptm": 0.8627241849899292,
    "ligand_iptm": 0.0,
    "protein_iptm": 0.8627241849899292,
    "complex_plddt": 0.8937374353408813,
    "complex_iplddt": 0.9313623905181885,
    "complex_pde": 0.3575407862663269,
    "complex_ipde": 0.8403926491737366,
    "chains_ptm": {
        "0": 0.937768280506134,
        "1": 0.9353102445602417
    },
    "pair_chains_iptm": {
        "0": {
            "0": 0.937768280506134,
            "1": 0.8627241849899292
        },
        "1": {
            "0": 0.8605147004127502,
            "1": 0.9353102445602417
        }
    }
}