{
    "confidence_score": 0.713661253452301,
    "ptm": 0.7032826542854309,
    "iptm": 0.5627865195274353,
    "ligand_iptm": 0.0,
    "protein_iptm": 0.5627865195274353,
    "complex_plddt": 0.7513799071311951,
    "complex_iplddt": 0.7451515197753906,
    "complex_pde": 0.5698558688163757,
    "complex_ipde": 2.0693728923797607,
    "chains_ptm": {
        "0": 0.853071391582489,
        "1": 0.8458476662635803
    },
    "pair_chains_iptm": {
        "0": {
            "0": 0.853071391582489,
            "1": 0.5579415559768677
        },
        "1": {
            "0": 0.5627865195274353,
            "1": 0.8458476662635803
        }
    }
}