{
    "confidence_score": 0.769218385219574,
    "ptm": 0.8412741422653198,
    "iptm": 0.766103982925415,
    "ligand_iptm": 0.0,
    "protein_iptm": 0.766103982925415,
    "complex_plddt": 0.7699970006942749,
    "complex_iplddt": 0.7802905440330505,
    "complex_pde": 0.41721343994140625,
    "complex_ipde": 1.1800968647003174,
    "chains_ptm": {
        "0": 0.9178991913795471,
        "1": 0.9164441227912903
    },
    "pair_chains_iptm": {
        "0": {
            "0": 0.9178991913795471,
            "1": 0.766103982925415
        },
        "1": {
            "0": 0.7635923027992249,
            "1": 0.9164441227912903
        }
    }
}