{
    "confidence_score": 0.8569578528404236,
    "ptm": 0.8175110220909119,
    "iptm": 0.7347962856292725,
    "ligand_iptm": 0.0,
    "protein_iptm": 0.7347962856292725,
    "complex_plddt": 0.8874981999397278,
    "complex_iplddt": 0.9217941164970398,
    "complex_pde": 0.4895458519458771,
    "complex_ipde": 1.546373724937439,
    "chains_ptm": {
        "0": 0.9002255797386169,
        "1": 0.9022780060768127
    },
    "pair_chains_iptm": {
        "0": {
            "0": 0.9002255797386169,
            "1": 0.7293053865432739
        },
        "1": {
            "0": 0.7347962856292725,
            "1": 0.9022780060768127
        }
    }
}