{
    "confidence_score": 0.7790189981460571,
    "ptm": 0.8229917287826538,
    "iptm": 0.7486964464187622,
    "ligand_iptm": 0.0,
    "protein_iptm": 0.7486964464187622,
    "complex_plddt": 0.7865995764732361,
    "complex_iplddt": 0.7849447131156921,
    "complex_pde": 0.3862854838371277,
    "complex_ipde": 0.9845618605613708,
    "chains_ptm": {
        "0": 0.8924713730812073,
        "1": 0.8979368805885315
    },
    "pair_chains_iptm": {
        "0": {
            "0": 0.8924713730812073,
            "1": 0.7486964464187622
        },
        "1": {
            "0": 0.7446696162223816,
            "1": 0.8979368805885315
        }
    }
}