{
    "confidence_score": 0.8560129404067993,
    "ptm": 0.8157814741134644,
    "iptm": 0.7437634468078613,
    "ligand_iptm": 0.0,
    "protein_iptm": 0.7437634468078613,
    "complex_plddt": 0.8840753436088562,
    "complex_iplddt": 0.920562744140625,
    "complex_pde": 0.4477735459804535,
    "complex_ipde": 1.2562698125839233,
    "chains_ptm": {
        "0": 0.8877993226051331,
        "1": 0.8876733183860779
    },
    "pair_chains_iptm": {
        "0": {
            "0": 0.8877993226051331,
            "1": 0.7398980259895325
        },
        "1": {
            "0": 0.7437634468078613,
            "1": 0.8876733183860779
        }
    }
}