{
    "confidence_score": 0.85514897108078,
    "ptm": 0.8153306245803833,
    "iptm": 0.7302519083023071,
    "ligand_iptm": 0.0,
    "protein_iptm": 0.7302519083023071,
    "complex_plddt": 0.8863732814788818,
    "complex_iplddt": 0.9226131439208984,
    "complex_pde": 0.4951685667037964,
    "complex_ipde": 1.5577260255813599,
    "chains_ptm": {
        "0": 0.9017874002456665,
        "1": 0.8992054462432861
    },
    "pair_chains_iptm": {
        "0": {
            "0": 0.9017874002456665,
            "1": 0.7302519083023071
        },
        "1": {
            "0": 0.728873610496521,
            "1": 0.8992054462432861
        }
    }
}