{
    "confidence_score": 0.8609033823013306,
    "ptm": 0.8049433827400208,
    "iptm": 0.7064337730407715,
    "ligand_iptm": 0.0,
    "protein_iptm": 0.7064337730407715,
    "complex_plddt": 0.899520754814148,
    "complex_iplddt": 0.933917224407196,
    "complex_pde": 0.5373132228851318,
    "complex_ipde": 1.8712621927261353,
    "chains_ptm": {
        "0": 0.9044959545135498,
        "1": 0.9020825624465942
    },
    "pair_chains_iptm": {
        "0": {
            "0": 0.9044959545135498,
            "1": 0.7064337730407715
        },
        "1": {
            "0": 0.705678403377533,
            "1": 0.9020825624465942
        }
    }
}