{
    "confidence_score": 0.906742513179779,
    "ptm": 0.7680812478065491,
    "iptm": 0.7686761021614075,
    "ligand_iptm": 0.0,
    "protein_iptm": 0.0,
    "complex_plddt": 0.9412590265274048,
    "complex_iplddt": 0.9412590861320496,
    "complex_pde": 0.25397488474845886,
    "complex_ipde": 0.2546653747558594,
    "chains_ptm": {
        "0": 0.7710230946540833,
        "1": 0.7709342837333679
    },
    "pair_chains_iptm": {
        "0": {
            "0": 0.7710230946540833,
            "1": 0.7686761021614075
        },
        "1": {
            "0": 0.761817455291748,
            "1": 0.7709342837333679
        }
    }
}