{
    "confidence_score": 0.9102161526679993,
    "ptm": 0.7857974171638489,
    "iptm": 0.7825970649719238,
    "ligand_iptm": 0.0,
    "protein_iptm": 0.0,
    "complex_plddt": 0.9421209096908569,
    "complex_iplddt": 0.9421207904815674,
    "complex_pde": 0.2534514367580414,
    "complex_ipde": 0.253871887922287,
    "chains_ptm": {
        "0": 0.7884612083435059,
        "1": 0.78899747133255
    },
    "pair_chains_iptm": {
        "0": {
            "0": 0.7884612083435059,
            "1": 0.7825970649719238
        },
        "1": {
            "0": 0.7799239158630371,
            "1": 0.78899747133255
        }
    }
}