{
    "confidence_score": 0.9122554063796997,
    "ptm": 0.7976119518280029,
    "iptm": 0.793978750705719,
    "ligand_iptm": 0.0,
    "protein_iptm": 0.0,
    "complex_plddt": 0.9418245553970337,
    "complex_iplddt": 0.9418244957923889,
    "complex_pde": 0.252964586019516,
    "complex_ipde": 0.25328031182289124,
    "chains_ptm": {
        "0": 0.8015949130058289,
        "1": 0.7986236214637756
    },
    "pair_chains_iptm": {
        "0": {
            "0": 0.8015949130058289,
            "1": 0.793978750705719
        },
        "1": {
            "0": 0.7936287522315979,
            "1": 0.7986236214637756
        }
    }
}