{
    "confidence_score": 0.911085307598114,
    "ptm": 0.7896556854248047,
    "iptm": 0.7874720692634583,
    "ligand_iptm": 0.0,
    "protein_iptm": 0.0,
    "complex_plddt": 0.9419885873794556,
    "complex_iplddt": 0.9419885277748108,
    "complex_pde": 0.25358864665031433,
    "complex_ipde": 0.2540127635002136,
    "chains_ptm": {
        "0": 0.7918390035629272,
        "1": 0.7902699708938599
    },
    "pair_chains_iptm": {
        "0": {
            "0": 0.7918390035629272,
            "1": 0.7830459475517273
        },
        "1": {
            "0": 0.7874720692634583,
            "1": 0.7902699708938599
        }
    }
}