{
    "confidence_score": 0.912296712398529,
    "ptm": 0.7967240214347839,
    "iptm": 0.7961093187332153,
    "ligand_iptm": 0.0,
    "protein_iptm": 0.0,
    "complex_plddt": 0.9413434863090515,
    "complex_iplddt": 0.9413434863090515,
    "complex_pde": 0.2528254985809326,
    "complex_ipde": 0.25312063097953796,
    "chains_ptm": {
        "0": 0.7988462448120117,
        "1": 0.8024331331253052
    },
    "pair_chains_iptm": {
        "0": {
            "0": 0.7988462448120117,
            "1": 0.7892132997512817
        },
        "1": {
            "0": 0.7961093187332153,
            "1": 0.8024331331253052
        }
    }
}