{
    "confidence_score": 0.9131399393081665,
    "ptm": 0.7984699606895447,
    "iptm": 0.7966650128364563,
    "ligand_iptm": 0.0,
    "protein_iptm": 0.0,
    "complex_plddt": 0.9422586560249329,
    "complex_iplddt": 0.9422585964202881,
    "complex_pde": 0.2528722286224365,
    "complex_ipde": 0.25325509905815125,
    "chains_ptm": {
        "0": 0.8015133142471313,
        "1": 0.8010600805282593
    },
    "pair_chains_iptm": {
        "0": {
            "0": 0.8015133142471313,
            "1": 0.7966650128364563
        },
        "1": {
            "0": 0.7954264879226685,
            "1": 0.8010600805282593
        }
    }
}