{
    "confidence_score": 0.9125112891197205,
    "ptm": 0.794264018535614,
    "iptm": 0.79036945104599,
    "ligand_iptm": 0.0,
    "protein_iptm": 0.0,
    "complex_plddt": 0.9430467486381531,
    "complex_iplddt": 0.9430468678474426,
    "complex_pde": 0.25312429666519165,
    "complex_ipde": 0.25354698300361633,
    "chains_ptm": {
        "0": 0.7981582880020142,
        "1": 0.7982932329177856
    },
    "pair_chains_iptm": {
        "0": {
            "0": 0.7981582880020142,
            "1": 0.7903462648391724
        },
        "1": {
            "0": 0.79036945104599,
            "1": 0.7982932329177856
        }
    }
}