{
    "confidence_score": 0.9133559465408325,
    "ptm": 0.8005830645561218,
    "iptm": 0.7989065051078796,
    "ligand_iptm": 0.0,
    "protein_iptm": 0.0,
    "complex_plddt": 0.9419683218002319,
    "complex_iplddt": 0.9419683814048767,
    "complex_pde": 0.2525859773159027,
    "complex_ipde": 0.25293007493019104,
    "chains_ptm": {
        "0": 0.8022593259811401,
        "1": 0.8037551641464233
    },
    "pair_chains_iptm": {
        "0": {
            "0": 0.8022593259811401,
            "1": 0.7961437702178955
        },
        "1": {
            "0": 0.7989065051078796,
            "1": 0.8037551641464233
        }
    }
}