{
    "confidence_score": 0.9142147898674011,
    "ptm": 0.8085828423500061,
    "iptm": 0.8051700592041016,
    "ligand_iptm": 0.0,
    "protein_iptm": 0.0,
    "complex_plddt": 0.9414759874343872,
    "complex_iplddt": 0.9414759874343872,
    "complex_pde": 0.252430260181427,
    "complex_ipde": 0.2527962923049927,
    "chains_ptm": {
        "0": 0.8120120763778687,
        "1": 0.8080623745918274
    },
    "pair_chains_iptm": {
        "0": {
            "0": 0.8120120763778687,
            "1": 0.8051700592041016
        },
        "1": {
            "0": 0.8051532506942749,
            "1": 0.8080623745918274
        }
    }
}