{
    "confidence_score": 0.9094278216362,
    "ptm": 0.7831223607063293,
    "iptm": 0.7792580723762512,
    "ligand_iptm": 0.0,
    "protein_iptm": 0.0,
    "complex_plddt": 0.9419702291488647,
    "complex_iplddt": 0.9419702887535095,
    "complex_pde": 0.2533504068851471,
    "complex_ipde": 0.25370365381240845,
    "chains_ptm": {
        "0": 0.7855212092399597,
        "1": 0.7869863510131836
    },
    "pair_chains_iptm": {
        "0": {
            "0": 0.7855212092399597,
            "1": 0.7792580723762512
        },
        "1": {
            "0": 0.7773105502128601,
            "1": 0.7869863510131836
        }
    }
}