{
    "confidence_score": 0.7300642728805542,
    "ptm": 0.7972244620323181,
    "iptm": 0.697317898273468,
    "ligand_iptm": 0.0,
    "protein_iptm": 0.697317898273468,
    "complex_plddt": 0.7382508516311646,
    "complex_iplddt": 0.7483437657356262,
    "complex_pde": 0.47942081093788147,
    "complex_ipde": 1.4822754859924316,
    "chains_ptm": {
        "0": 0.8991312980651855,
        "1": 0.8911135792732239
    },
    "pair_chains_iptm": {
        "0": {
            "0": 0.8991312980651855,
            "1": 0.6850635409355164
        },
        "1": {
            "0": 0.697317898273468,
            "1": 0.8911135792732239
        }
    }
}