{
    "confidence_score": 0.6900454759597778,
    "ptm": 0.7610315084457397,
    "iptm": 0.6330814361572266,
    "ligand_iptm": 0.0,
    "protein_iptm": 0.6330814361572266,
    "complex_plddt": 0.7042864561080933,
    "complex_iplddt": 0.7162165641784668,
    "complex_pde": 0.5921631455421448,
    "complex_ipde": 2.164355754852295,
    "chains_ptm": {
        "0": 0.8889813423156738,
        "1": 0.8856427669525146
    },
    "pair_chains_iptm": {
        "0": {
            "0": 0.8889813423156738,
            "1": 0.6236794590950012
        },
        "1": {
            "0": 0.6330814361572266,
            "1": 0.8856427669525146
        }
    }
}