{
    "confidence_score": 0.7276983261108398,
    "ptm": 0.7991418838500977,
    "iptm": 0.7079667448997498,
    "ligand_iptm": 0.0,
    "protein_iptm": 0.7079667448997498,
    "complex_plddt": 0.7326312065124512,
    "complex_iplddt": 0.74527907371521,
    "complex_pde": 0.47339335083961487,
    "complex_ipde": 1.44930100440979,
    "chains_ptm": {
        "0": 0.9003995060920715,
        "1": 0.89980149269104
    },
    "pair_chains_iptm": {
        "0": {
            "0": 0.9003995060920715,
            "1": 0.6872935891151428
        },
        "1": {
            "0": 0.7079667448997498,
            "1": 0.89980149269104
        }
    }
}