{
    "confidence_score": 0.7461002469062805,
    "ptm": 0.7927343845367432,
    "iptm": 0.6949537992477417,
    "ligand_iptm": 0.0,
    "protein_iptm": 0.6949537992477417,
    "complex_plddt": 0.7588868141174316,
    "complex_iplddt": 0.7749984264373779,
    "complex_pde": 0.490493506193161,
    "complex_ipde": 1.5261040925979614,
    "chains_ptm": {
        "0": 0.9021073579788208,
        "1": 0.897455632686615
    },
    "pair_chains_iptm": {
        "0": {
            "0": 0.9021073579788208,
            "1": 0.6794242858886719
        },
        "1": {
            "0": 0.6949537992477417,
            "1": 0.897455632686615
        }
    }
}