{
    "confidence_score": 0.7547151446342468,
    "ptm": 0.8250411152839661,
    "iptm": 0.7534013390541077,
    "ligand_iptm": 0.0,
    "protein_iptm": 0.7534013390541077,
    "complex_plddt": 0.7550435662269592,
    "complex_iplddt": 0.7678720951080322,
    "complex_pde": 0.432116836309433,
    "complex_ipde": 1.1759289503097534,
    "chains_ptm": {
        "0": 0.9044415354728699,
        "1": 0.9003422856330872
    },
    "pair_chains_iptm": {
        "0": {
            "0": 0.9044415354728699,
            "1": 0.7320109009742737
        },
        "1": {
            "0": 0.7534013390541077,
            "1": 0.9003422856330872
        }
    }
}