{
    "confidence_score": 0.6971521377563477,
    "ptm": 0.762603759765625,
    "iptm": 0.6488121151924133,
    "ligand_iptm": 0.0,
    "protein_iptm": 0.6488121151924133,
    "complex_plddt": 0.7092371582984924,
    "complex_iplddt": 0.7196031808853149,
    "complex_pde": 0.5515842437744141,
    "complex_ipde": 1.8548240661621094,
    "chains_ptm": {
        "0": 0.876395046710968,
        "1": 0.87796950340271
    },
    "pair_chains_iptm": {
        "0": {
            "0": 0.876395046710968,
            "1": 0.6428970694541931
        },
        "1": {
            "0": 0.6488121151924133,
            "1": 0.87796950340271
        }
    }
}