{
    "confidence_score": 0.6864673495292664,
    "ptm": 0.7533614635467529,
    "iptm": 0.6163610816001892,
    "ligand_iptm": 0.0,
    "protein_iptm": 0.6163610816001892,
    "complex_plddt": 0.7039938569068909,
    "complex_iplddt": 0.7162978053092957,
    "complex_pde": 0.6028988361358643,
    "complex_ipde": 2.2243573665618896,
    "chains_ptm": {
        "0": 0.8903613686561584,
        "1": 0.8796092867851257
    },
    "pair_chains_iptm": {
        "0": {
            "0": 0.8903613686561584,
            "1": 0.6061615943908691
        },
        "1": {
            "0": 0.6163610816001892,
            "1": 0.8796092867851257
        }
    }
}