{
    "confidence_score": 0.7364367842674255,
    "ptm": 0.8014687895774841,
    "iptm": 0.7048968076705933,
    "ligand_iptm": 0.0,
    "protein_iptm": 0.7048968076705933,
    "complex_plddt": 0.7443217635154724,
    "complex_iplddt": 0.7575441002845764,
    "complex_pde": 0.48890966176986694,
    "complex_ipde": 1.5678776502609253,
    "chains_ptm": {
        "0": 0.9080870151519775,
        "1": 0.898333728313446
    },
    "pair_chains_iptm": {
        "0": {
            "0": 0.9080870151519775,
            "1": 0.6912537813186646
        },
        "1": {
            "0": 0.7048968076705933,
            "1": 0.898333728313446
        }
    }
}