{
    "confidence_score": 0.7431942224502563,
    "ptm": 0.806495726108551,
    "iptm": 0.7254072427749634,
    "ligand_iptm": 0.0,
    "protein_iptm": 0.7254072427749634,
    "complex_plddt": 0.7476409077644348,
    "complex_iplddt": 0.7605538964271545,
    "complex_pde": 0.4520297348499298,
    "complex_ipde": 1.3200385570526123,
    "chains_ptm": {
        "0": 0.9023642539978027,
        "1": 0.8935204744338989
    },
    "pair_chains_iptm": {
        "0": {
            "0": 0.9023642539978027,
            "1": 0.7152615785598755
        },
        "1": {
            "0": 0.7254072427749634,
            "1": 0.8935204744338989
        }
    }
}