{
    "confidence_score": 0.7387228608131409,
    "ptm": 0.806659460067749,
    "iptm": 0.726747453212738,
    "ligand_iptm": 0.0,
    "protein_iptm": 0.726747453212738,
    "complex_plddt": 0.7417166829109192,
    "complex_iplddt": 0.7525861859321594,
    "complex_pde": 0.4450826942920685,
    "complex_ipde": 1.292629361152649,
    "chains_ptm": {
        "0": 0.9018980264663696,
        "1": 0.8911101222038269
    },
    "pair_chains_iptm": {
        "0": {
            "0": 0.9018980264663696,
            "1": 0.7186741828918457
        },
        "1": {
            "0": 0.726747453212738,
            "1": 0.8911101222038269
        }
    }
}