{
    "confidence_score": 0.9397996068000793,
    "ptm": 0.9763900637626648,
    "iptm": 0.9540645480155945,
    "ligand_iptm": 0.0,
    "protein_iptm": 0.9540645480155945,
    "complex_plddt": 0.936233401298523,
    "complex_iplddt": 0.9123979806900024,
    "complex_pde": 0.25968751311302185,
    "complex_ipde": 0.3051874041557312,
    "chains_ptm": {
        "0": 0.9838316440582275,
        "1": 0.9466537237167358
    },
    "pair_chains_iptm": {
        "0": {
            "0": 0.9838316440582275,
            "1": 0.9102073311805725
        },
        "1": {
            "0": 0.9540645480155945,
            "1": 0.9466537237167358
        }
    }
}