{
    "confidence_score": 0.9378623962402344,
    "ptm": 0.9750449657440186,
    "iptm": 0.9543325901031494,
    "ligand_iptm": 0.0,
    "protein_iptm": 0.9543325901031494,
    "complex_plddt": 0.9337448477745056,
    "complex_iplddt": 0.9079756736755371,
    "complex_pde": 0.2575359642505646,
    "complex_ipde": 0.2894880175590515,
    "chains_ptm": {
        "0": 0.9839068651199341,
        "1": 0.9500971436500549
    },
    "pair_chains_iptm": {
        "0": {
            "0": 0.9839068651199341,
            "1": 0.9029768109321594
        },
        "1": {
            "0": 0.9543325901031494,
            "1": 0.9500971436500549
        }
    }
}