{
    "confidence_score": 0.9070451855659485,
    "ptm": 0.950779914855957,
    "iptm": 0.9494296908378601,
    "ligand_iptm": 0.0,
    "protein_iptm": 0.9494296908378601,
    "complex_plddt": 0.8964490294456482,
    "complex_iplddt": 0.8917707800865173,
    "complex_pde": 0.3400472402572632,
    "complex_ipde": 0.5241737365722656,
    "chains_ptm": {
        "0": 0.9523666501045227,
        "1": 0.95231032371521
    },
    "pair_chains_iptm": {
        "0": {
            "0": 0.9523666501045227,
            "1": 0.9494296908378601
        },
        "1": {
            "0": 0.9482781887054443,
            "1": 0.95231032371521
        }
    }
}