{
    "confidence_score": 0.9094353914260864,
    "ptm": 0.946913480758667,
    "iptm": 0.9452288746833801,
    "ligand_iptm": 0.0,
    "protein_iptm": 0.9452288746833801,
    "complex_plddt": 0.900486946105957,
    "complex_iplddt": 0.8932459950447083,
    "complex_pde": 0.3848053216934204,
    "complex_ipde": 0.7124716639518738,
    "chains_ptm": {
        "0": 0.9488414525985718,
        "1": 0.9482980370521545
    },
    "pair_chains_iptm": {
        "0": {
            "0": 0.9488414525985718,
            "1": 0.94468754529953
        },
        "1": {
            "0": 0.9452288746833801,
            "1": 0.9482980370521545
        }
    }
}