{
    "confidence_score": 0.9081568717956543,
    "ptm": 0.9585171937942505,
    "iptm": 0.9572438597679138,
    "ligand_iptm": 0.0,
    "protein_iptm": 0.9572438597679138,
    "complex_plddt": 0.895885169506073,
    "complex_iplddt": 0.8912511467933655,
    "complex_pde": 0.3241148293018341,
    "complex_ipde": 0.49246564507484436,
    "chains_ptm": {
        "0": 0.960680365562439,
        "1": 0.9602851271629333
    },
    "pair_chains_iptm": {
        "0": {
            "0": 0.960680365562439,
            "1": 0.9572438597679138
        },
        "1": {
            "0": 0.9562253952026367,
            "1": 0.9602851271629333
        }
    }
}