{
    "confidence_score": 0.9140521287918091,
    "ptm": 0.9602459073066711,
    "iptm": 0.9589584469795227,
    "ligand_iptm": 0.0,
    "protein_iptm": 0.9589584469795227,
    "complex_plddt": 0.9028255343437195,
    "complex_iplddt": 0.8927402496337891,
    "complex_pde": 0.32753583788871765,
    "complex_ipde": 0.5179404616355896,
    "chains_ptm": {
        "0": 0.9623445868492126,
        "1": 0.9613519906997681
    },
    "pair_chains_iptm": {
        "0": {
            "0": 0.9623445868492126,
            "1": 0.9589584469795227
        },
        "1": {
            "0": 0.95859295129776,
            "1": 0.9613519906997681
        }
    }
}