{
    "confidence_score": 0.9128314852714539,
    "ptm": 0.9399022459983826,
    "iptm": 0.9380018711090088,
    "ligand_iptm": 0.0,
    "protein_iptm": 0.9380018711090088,
    "complex_plddt": 0.9065389037132263,
    "complex_iplddt": 0.9066585302352905,
    "complex_pde": 0.37795290350914,
    "complex_ipde": 0.6746230721473694,
    "chains_ptm": {
        "0": 0.9432845115661621,
        "1": 0.9408812522888184
    },
    "pair_chains_iptm": {
        "0": {
            "0": 0.9432845115661621,
            "1": 0.9380018711090088
        },
        "1": {
            "0": 0.9365201592445374,
            "1": 0.9408812522888184
        }
    }
}