{
    "confidence_score": 0.912704586982727,
    "ptm": 0.9490067958831787,
    "iptm": 0.9466115236282349,
    "ligand_iptm": 0.0,
    "protein_iptm": 0.9466115236282349,
    "complex_plddt": 0.9042278528213501,
    "complex_iplddt": 0.9000415205955505,
    "complex_pde": 0.361757755279541,
    "complex_ipde": 0.6389825344085693,
    "chains_ptm": {
        "0": 0.9515441656112671,
        "1": 0.9503551721572876
    },
    "pair_chains_iptm": {
        "0": {
            "0": 0.9515441656112671,
            "1": 0.9466115236282349
        },
        "1": {
            "0": 0.9464695453643799,
            "1": 0.9503551721572876
        }
    }
}