{
    "confidence_score": 0.9141966700553894,
    "ptm": 0.9752285480499268,
    "iptm": 0.9747897982597351,
    "ligand_iptm": 0.0,
    "protein_iptm": 0.9747897982597351,
    "complex_plddt": 0.899048388004303,
    "complex_iplddt": 0.8937008380889893,
    "complex_pde": 0.288160115480423,
    "complex_ipde": 0.37577399611473083,
    "chains_ptm": {
        "0": 0.9768863916397095,
        "1": 0.9761395454406738
    },
    "pair_chains_iptm": {
        "0": {
            "0": 0.9768863916397095,
            "1": 0.9747897982597351
        },
        "1": {
            "0": 0.9743155241012573,
            "1": 0.9761395454406738
        }
    }
}