{
    "confidence_score": 0.9152539372444153,
    "ptm": 0.9502054452896118,
    "iptm": 0.9483040571212769,
    "ligand_iptm": 0.0,
    "protein_iptm": 0.9483040571212769,
    "complex_plddt": 0.9069913625717163,
    "complex_iplddt": 0.9093695282936096,
    "complex_pde": 0.3594551086425781,
    "complex_ipde": 0.6116629838943481,
    "chains_ptm": {
        "0": 0.9517139196395874,
        "1": 0.952106773853302
    },
    "pair_chains_iptm": {
        "0": {
            "0": 0.9517139196395874,
            "1": 0.9483040571212769
        },
        "1": {
            "0": 0.9480276107788086,
            "1": 0.952106773853302
        }
    }
}