{
    "confidence_score": 0.8990734219551086,
    "ptm": 0.9349181056022644,
    "iptm": 0.9318106174468994,
    "ligand_iptm": 0.0,
    "protein_iptm": 0.9318106174468994,
    "complex_plddt": 0.890889048576355,
    "complex_iplddt": 0.886134147644043,
    "complex_pde": 0.411238431930542,
    "complex_ipde": 0.7979089021682739,
    "chains_ptm": {
        "0": 0.9381815195083618,
        "1": 0.9373841881752014
    },
    "pair_chains_iptm": {
        "0": {
            "0": 0.9381815195083618,
            "1": 0.9318106174468994
        },
        "1": {
            "0": 0.931654691696167,
            "1": 0.9373841881752014
        }
    }
}