{
    "confidence_score": 0.9143986701965332,
    "ptm": 0.9518910646438599,
    "iptm": 0.9504412412643433,
    "ligand_iptm": 0.0,
    "protein_iptm": 0.9504412412643433,
    "complex_plddt": 0.9053880572319031,
    "complex_iplddt": 0.9010263085365295,
    "complex_pde": 0.35874173045158386,
    "complex_ipde": 0.6237541437149048,
    "chains_ptm": {
        "0": 0.9540436863899231,
        "1": 0.9533409476280212
    },
    "pair_chains_iptm": {
        "0": {
            "0": 0.9540436863899231,
            "1": 0.9504412412643433
        },
        "1": {
            "0": 0.9495835900306702,
            "1": 0.9533409476280212
        }
    }
}