{
    "confidence_score": 0.9345517158508301,
    "ptm": 0.9741372466087341,
    "iptm": 0.9513840079307556,
    "ligand_iptm": 0.0,
    "protein_iptm": 0.9513840079307556,
    "complex_plddt": 0.9303436279296875,
    "complex_iplddt": 0.9038581252098083,
    "complex_pde": 0.262769877910614,
    "complex_ipde": 0.3232492208480835,
    "chains_ptm": {
        "0": 0.9831573963165283,
        "1": 0.9502266645431519
    },
    "pair_chains_iptm": {
        "0": {
            "0": 0.9831573963165283,
            "1": 0.9059082269668579
        },
        "1": {
            "0": 0.9513840079307556,
            "1": 0.9502266645431519
        }
    }
}