{
    "confidence_score": 0.9343960881233215,
    "ptm": 0.9706407785415649,
    "iptm": 0.944749653339386,
    "ligand_iptm": 0.0,
    "protein_iptm": 0.944749653339386,
    "complex_plddt": 0.9318076968193054,
    "complex_iplddt": 0.9075667262077332,
    "complex_pde": 0.2643875777721405,
    "complex_ipde": 0.3341074585914612,
    "chains_ptm": {
        "0": 0.9813928008079529,
        "1": 0.9315580129623413
    },
    "pair_chains_iptm": {
        "0": {
            "0": 0.9813928008079529,
            "1": 0.8842064738273621
        },
        "1": {
            "0": 0.944749653339386,
            "1": 0.9315580129623413
        }
    }
}