{
    "confidence_score": 0.9343269467353821,
    "ptm": 0.9763742685317993,
    "iptm": 0.9538708925247192,
    "ligand_iptm": 0.0,
    "protein_iptm": 0.9538708925247192,
    "complex_plddt": 0.929440975189209,
    "complex_iplddt": 0.8950307369232178,
    "complex_pde": 0.25721365213394165,
    "complex_ipde": 0.29283592104911804,
    "chains_ptm": {
        "0": 0.9846940040588379,
        "1": 0.9527440667152405
    },
    "pair_chains_iptm": {
        "0": {
            "0": 0.9846940040588379,
            "1": 0.9137016534805298
        },
        "1": {
            "0": 0.9538708925247192,
            "1": 0.9527440667152405
        }
    }
}