{
    "confidence_score": 0.9388816952705383,
    "ptm": 0.9759196043014526,
    "iptm": 0.9577909111976624,
    "ligand_iptm": 0.0,
    "protein_iptm": 0.9577909111976624,
    "complex_plddt": 0.9341543316841125,
    "complex_iplddt": 0.9106336236000061,
    "complex_pde": 0.25785645842552185,
    "complex_ipde": 0.29083943367004395,
    "chains_ptm": {
        "0": 0.9826360940933228,
        "1": 0.9562995433807373
    },
    "pair_chains_iptm": {
        "0": {
            "0": 0.9826360940933228,
            "1": 0.9085145592689514
        },
        "1": {
            "0": 0.9577909111976624,
            "1": 0.9562995433807373
        }
    }
}