{
    "confidence_score": 0.9377595782279968,
    "ptm": 0.9763092994689941,
    "iptm": 0.9585371017456055,
    "ligand_iptm": 0.0,
    "protein_iptm": 0.9585371017456055,
    "complex_plddt": 0.9325652122497559,
    "complex_iplddt": 0.9028782844543457,
    "complex_pde": 0.25796955823898315,
    "complex_ipde": 0.2977783679962158,
    "chains_ptm": {
        "0": 0.9836901426315308,
        "1": 0.9510647654533386
    },
    "pair_chains_iptm": {
        "0": {
            "0": 0.9836901426315308,
            "1": 0.9151036739349365
        },
        "1": {
            "0": 0.9585371017456055,
            "1": 0.9510647654533386
        }
    }
}