{
    "confidence_score": 0.9282094836235046,
    "ptm": 0.9633541107177734,
    "iptm": 0.9171203970909119,
    "ligand_iptm": 0.0,
    "protein_iptm": 0.9171203970909119,
    "complex_plddt": 0.9309818148612976,
    "complex_iplddt": 0.9028114676475525,
    "complex_pde": 0.28124240040779114,
    "complex_ipde": 0.4341927766799927,
    "chains_ptm": {
        "0": 0.9803410768508911,
        "1": 0.9140706658363342
    },
    "pair_chains_iptm": {
        "0": {
            "0": 0.9803410768508911,
            "1": 0.8930335640907288
        },
        "1": {
            "0": 0.9171203970909119,
            "1": 0.9140706658363342
        }
    }
}