{
    "confidence_score": 0.911789059638977,
    "ptm": 0.9752751588821411,
    "iptm": 0.9532379508018494,
    "ligand_iptm": 0.0,
    "protein_iptm": 0.9532379508018494,
    "complex_plddt": 0.9014267921447754,
    "complex_iplddt": 0.8609541058540344,
    "complex_pde": 0.2591222822666168,
    "complex_ipde": 0.3047243058681488,
    "chains_ptm": {
        "0": 0.984445333480835,
        "1": 0.9298340082168579
    },
    "pair_chains_iptm": {
        "0": {
            "0": 0.984445333480835,
            "1": 0.8710874915122986
        },
        "1": {
            "0": 0.9532379508018494,
            "1": 0.9298340082168579
        }
    }
}