{
    "confidence_score": 0.9397344589233398,
    "ptm": 0.9750648140907288,
    "iptm": 0.9591992497444153,
    "ligand_iptm": 0.0,
    "protein_iptm": 0.9591992497444153,
    "complex_plddt": 0.9348682761192322,
    "complex_iplddt": 0.9104422926902771,
    "complex_pde": 0.2579127550125122,
    "complex_ipde": 0.29175999760627747,
    "chains_ptm": {
        "0": 0.9828782081604004,
        "1": 0.9463244080543518
    },
    "pair_chains_iptm": {
        "0": {
            "0": 0.9828782081604004,
            "1": 0.8977482914924622
        },
        "1": {
            "0": 0.9591992497444153,
            "1": 0.9463244080543518
        }
    }
}