{
    "confidence_score": 0.9378553628921509,
    "ptm": 0.9744617342948914,
    "iptm": 0.9490024447441101,
    "ligand_iptm": 0.0,
    "protein_iptm": 0.9490024447441101,
    "complex_plddt": 0.9350686073303223,
    "complex_iplddt": 0.9112355709075928,
    "complex_pde": 0.2608586847782135,
    "complex_ipde": 0.3227281868457794,
    "chains_ptm": {
        "0": 0.9850313067436218,
        "1": 0.948175847530365
    },
    "pair_chains_iptm": {
        "0": {
            "0": 0.9850313067436218,
            "1": 0.9077763557434082
        },
        "1": {
            "0": 0.9490024447441101,
            "1": 0.948175847530365
        }
    }
}