{
    "confidence_score": 0.929887592792511,
    "ptm": 0.976773202419281,
    "iptm": 0.9548057913780212,
    "ligand_iptm": 0.0,
    "protein_iptm": 0.9548057913780212,
    "complex_plddt": 0.9236580729484558,
    "complex_iplddt": 0.8910845518112183,
    "complex_pde": 0.25880396366119385,
    "complex_ipde": 0.29891541600227356,
    "chains_ptm": {
        "0": 0.9842653274536133,
        "1": 0.9589316844940186
    },
    "pair_chains_iptm": {
        "0": {
            "0": 0.9842653274536133,
            "1": 0.9128760099411011
        },
        "1": {
            "0": 0.9548057913780212,
            "1": 0.9589316844940186
        }
    }
}