{
    "confidence_score": 0.8578092455863953,
    "ptm": 0.9388637542724609,
    "iptm": 0.8891865611076355,
    "ligand_iptm": 0.0,
    "protein_iptm": 0.8891865611076355,
    "complex_plddt": 0.84996497631073,
    "complex_iplddt": 0.7966777086257935,
    "complex_pde": 0.35635989904403687,
    "complex_ipde": 1.1899737119674683,
    "chains_ptm": {
        "0": 0.975644588470459,
        "1": 0.9690843224525452
    },
    "pair_chains_iptm": {
        "0": {
            "0": 0.975644588470459,
            "1": 0.8891865611076355
        },
        "1": {
            "0": 0.8275907635688782,
            "1": 0.9690843224525452
        }
    }
}