{
    "confidence_score": 0.860487163066864,
    "ptm": 0.9371848702430725,
    "iptm": 0.8812792897224426,
    "ligand_iptm": 0.0,
    "protein_iptm": 0.8812792897224426,
    "complex_plddt": 0.8552891612052917,
    "complex_iplddt": 0.7982863783836365,
    "complex_pde": 0.36726444959640503,
    "complex_ipde": 1.1520344018936157,
    "chains_ptm": {
        "0": 0.9716952443122864,
        "1": 0.965766429901123
    },
    "pair_chains_iptm": {
        "0": {
            "0": 0.9716952443122864,
            "1": 0.8812792897224426
        },
        "1": {
            "0": 0.8092735409736633,
            "1": 0.965766429901123
        }
    }
}