{
    "confidence_score": 0.8501739501953125,
    "ptm": 0.9528736472129822,
    "iptm": 0.9062366485595703,
    "ligand_iptm": 0.0,
    "protein_iptm": 0.9062366485595703,
    "complex_plddt": 0.836158275604248,
    "complex_iplddt": 0.7665008306503296,
    "complex_pde": 0.3240315616130829,
    "complex_ipde": 0.9847068786621094,
    "chains_ptm": {
        "0": 0.982186496257782,
        "1": 0.9766952991485596
    },
    "pair_chains_iptm": {
        "0": {
            "0": 0.982186496257782,
            "1": 0.9062366485595703
        },
        "1": {
            "0": 0.8602610230445862,
            "1": 0.9766952991485596
        }
    }
}