{
    "confidence_score": 0.861279308795929,
    "ptm": 0.9448865652084351,
    "iptm": 0.8959226012229919,
    "ligand_iptm": 0.0,
    "protein_iptm": 0.8959226012229919,
    "complex_plddt": 0.8526185154914856,
    "complex_iplddt": 0.7901741862297058,
    "complex_pde": 0.33468562364578247,
    "complex_ipde": 1.0256677865982056,
    "chains_ptm": {
        "0": 0.979009211063385,
        "1": 0.9726604223251343
    },
    "pair_chains_iptm": {
        "0": {
            "0": 0.979009211063385,
            "1": 0.8959226012229919
        },
        "1": {
            "0": 0.8430785536766052,
            "1": 0.9726604223251343
        }
    }
}