{
    "confidence_score": 0.8486588597297668,
    "ptm": 0.9398288726806641,
    "iptm": 0.874910295009613,
    "ligand_iptm": 0.0,
    "protein_iptm": 0.874910295009613,
    "complex_plddt": 0.8420959711074829,
    "complex_iplddt": 0.777526319026947,
    "complex_pde": 0.3638582229614258,
    "complex_ipde": 1.3307803869247437,
    "chains_ptm": {
        "0": 0.9725381135940552,
        "1": 0.972528874874115
    },
    "pair_chains_iptm": {
        "0": {
            "0": 0.9725381135940552,
            "1": 0.874910295009613
        },
        "1": {
            "0": 0.8103898763656616,
            "1": 0.972528874874115
        }
    }
}