{
    "confidence_score": 0.8690809607505798,
    "ptm": 0.9367942810058594,
    "iptm": 0.8707099556922913,
    "ligand_iptm": 0.0,
    "protein_iptm": 0.8707099556922913,
    "complex_plddt": 0.8686736226081848,
    "complex_iplddt": 0.8178342580795288,
    "complex_pde": 0.3551942706108093,
    "complex_ipde": 1.289399266242981,
    "chains_ptm": {
        "0": 0.9773215055465698,
        "1": 0.9721546769142151
    },
    "pair_chains_iptm": {
        "0": {
            "0": 0.9773215055465698,
            "1": 0.8707099556922913
        },
        "1": {
            "0": 0.8111028075218201,
            "1": 0.9721546769142151
        }
    }
}