{
    "confidence_score": 0.8631877899169922,
    "ptm": 0.9480520486831665,
    "iptm": 0.9101472496986389,
    "ligand_iptm": 0.0,
    "protein_iptm": 0.9101472496986389,
    "complex_plddt": 0.8514478802680969,
    "complex_iplddt": 0.7929139137268066,
    "complex_pde": 0.3195762634277344,
    "complex_ipde": 0.7527570724487305,
    "chains_ptm": {
        "0": 0.9791547656059265,
        "1": 0.9734541177749634
    },
    "pair_chains_iptm": {
        "0": {
            "0": 0.9791547656059265,
            "1": 0.9101472496986389
        },
        "1": {
            "0": 0.8560096025466919,
            "1": 0.9734541177749634
        }
    }
}