{
    "confidence_score": 0.8667129874229431,
    "ptm": 0.9402161240577698,
    "iptm": 0.8924561738967896,
    "ligand_iptm": 0.0,
    "protein_iptm": 0.8924561738967896,
    "complex_plddt": 0.8602771759033203,
    "complex_iplddt": 0.8031499981880188,
    "complex_pde": 0.3537415564060211,
    "complex_ipde": 1.0841048955917358,
    "chains_ptm": {
        "0": 0.9766967296600342,
        "1": 0.9690367579460144
    },
    "pair_chains_iptm": {
        "0": {
            "0": 0.9766967296600342,
            "1": 0.8924561738967896
        },
        "1": {
            "0": 0.8221377730369568,
            "1": 0.9690367579460144
        }
    }
}