{
    "confidence_score": 0.8358623385429382,
    "ptm": 0.9327024817466736,
    "iptm": 0.8733865022659302,
    "ligand_iptm": 0.0,
    "protein_iptm": 0.8733865022659302,
    "complex_plddt": 0.826481282711029,
    "complex_iplddt": 0.7549000978469849,
    "complex_pde": 0.3672914206981659,
    "complex_ipde": 1.0452800989151,
    "chains_ptm": {
        "0": 0.9664450287818909,
        "1": 0.9615837931632996
    },
    "pair_chains_iptm": {
        "0": {
            "0": 0.9664450287818909,
            "1": 0.8733865022659302
        },
        "1": {
            "0": 0.8061472773551941,
            "1": 0.9615837931632996
        }
    }
}