{
    "confidence_score": 0.8711541295051575,
    "ptm": 0.9581711888313293,
    "iptm": 0.9332216382026672,
    "ligand_iptm": 0.0,
    "protein_iptm": 0.9332216382026672,
    "complex_plddt": 0.85563725233078,
    "complex_iplddt": 0.8099842071533203,
    "complex_pde": 0.31393682956695557,
    "complex_ipde": 0.6773423552513123,
    "chains_ptm": {
        "0": 0.9811134338378906,
        "1": 0.9760074019432068
    },
    "pair_chains_iptm": {
        "0": {
            "0": 0.9811134338378906,
            "1": 0.9332216382026672
        },
        "1": {
            "0": 0.8711572289466858,
            "1": 0.9760074019432068
        }
    }
}