{
    "confidence_score": 0.7339311838150024,
    "ptm": 0.7105079293251038,
    "iptm": 0.0,
    "ligand_iptm": 0.0,
    "protein_iptm": 0.0,
    "complex_plddt": 0.7397869825363159,
    "complex_iplddt": 0.7397869825363159,
    "complex_pde": 1.4607425928115845,
    "complex_ipde": 0.0,
    "chains_ptm": {
        "0": 0.7105079293251038
    },
    "pair_chains_iptm": {
        "0": {
            "0": 0.7105079293251038
        }
    }
}