{
    "confidence_score": 0.7346518039703369,
    "ptm": 0.7112975120544434,
    "iptm": 0.0,
    "ligand_iptm": 0.0,
    "protein_iptm": 0.0,
    "complex_plddt": 0.7404903769493103,
    "complex_iplddt": 0.7404903769493103,
    "complex_pde": 1.4557467699050903,
    "complex_ipde": 0.0,
    "chains_ptm": {
        "0": 0.7112975120544434
    },
    "pair_chains_iptm": {
        "0": {
            "0": 0.7112975120544434
        }
    }
}