{
    "confidence_score": 0.754392683506012,
    "ptm": 0.2699523866176605,
    "iptm": 0.2225445955991745,
    "ligand_iptm": 0.0,
    "protein_iptm": 0.0,
    "complex_plddt": 0.8873546719551086,
    "complex_iplddt": 0.8873546123504639,
    "complex_pde": 0.26741600036621094,
    "complex_ipde": 0.27500271797180176,
    "chains_ptm": {
        "0": 0.3177131116390228,
        "1": 0.31491565704345703
    },
    "pair_chains_iptm": {
        "0": {
            "0": 0.3177131116390228,
            "1": 0.2225445955991745
        },
        "1": {
            "0": 0.22219140827655792,
            "1": 0.31491565704345703
        }
    }
}