{
    "confidence_score": 0.7520718574523926,
    "ptm": 0.26734670996665955,
    "iptm": 0.22440949082374573,
    "ligand_iptm": 0.0,
    "protein_iptm": 0.0,
    "complex_plddt": 0.8839874267578125,
    "complex_iplddt": 0.8839874267578125,
    "complex_pde": 0.26962071657180786,
    "complex_ipde": 0.27808454632759094,
    "chains_ptm": {
        "0": 0.3157108724117279,
        "1": 0.3136191666126251
    },
    "pair_chains_iptm": {
        "0": {
            "0": 0.3157108724117279,
            "1": 0.22440949082374573
        },
        "1": {
            "0": 0.21792688965797424,
            "1": 0.3136191666126251
        }
    }
}