{
    "confidence_score": 0.7563735246658325,
    "ptm": 0.2724129855632782,
    "iptm": 0.22760388255119324,
    "ligand_iptm": 0.0,
    "protein_iptm": 0.0,
    "complex_plddt": 0.8885658979415894,
    "complex_iplddt": 0.8885658979415894,
    "complex_pde": 0.26582083106040955,
    "complex_ipde": 0.27243709564208984,
    "chains_ptm": {
        "0": 0.31788063049316406,
        "1": 0.31722182035446167
    },
    "pair_chains_iptm": {
        "0": {
            "0": 0.31788063049316406,
            "1": 0.22760388255119324
        },
        "1": {
            "0": 0.22644993662834167,
            "1": 0.31722182035446167
        }
    }
}