{
    "confidence_score": 0.7543314695358276,
    "ptm": 0.27010899782180786,
    "iptm": 0.22321824729442596,
    "ligand_iptm": 0.0,
    "protein_iptm": 0.0,
    "complex_plddt": 0.8871097564697266,
    "complex_iplddt": 0.8871098160743713,
    "complex_pde": 0.26702290773391724,
    "complex_ipde": 0.27393627166748047,
    "chains_ptm": {
        "0": 0.31699952483177185,
        "1": 0.31197941303253174
    },
    "pair_chains_iptm": {
        "0": {
            "0": 0.31699952483177185,
            "1": 0.22114744782447815
        },
        "1": {
            "0": 0.22321824729442596,
            "1": 0.31197941303253174
        }
    }
}