{
    "confidence_score": 0.7525836825370789,
    "ptm": 0.2609984278678894,
    "iptm": 0.2153964638710022,
    "ligand_iptm": 0.0,
    "protein_iptm": 0.0,
    "complex_plddt": 0.8868805170059204,
    "complex_iplddt": 0.8868805170059204,
    "complex_pde": 0.2682727575302124,
    "complex_ipde": 0.27592068910598755,
    "chains_ptm": {
        "0": 0.3073207139968872,
        "1": 0.3066001236438751
    },
    "pair_chains_iptm": {
        "0": {
            "0": 0.3073207139968872,
            "1": 0.2153964638710022
        },
        "1": {
            "0": 0.21317479014396667,
            "1": 0.3066001236438751
        }
    }
}