{
    "confidence_score": 0.7526456117630005,
    "ptm": 0.2608879804611206,
    "iptm": 0.21772587299346924,
    "ligand_iptm": 0.0,
    "protein_iptm": 0.0,
    "complex_plddt": 0.8863755464553833,
    "complex_iplddt": 0.8863754272460938,
    "complex_pde": 0.26909124851226807,
    "complex_ipde": 0.2766866087913513,
    "chains_ptm": {
        "0": 0.3116518557071686,
        "1": 0.30476561188697815
    },
    "pair_chains_iptm": {
        "0": {
            "0": 0.3116518557071686,
            "1": 0.21772587299346924
        },
        "1": {
            "0": 0.20868390798568726,
            "1": 0.30476561188697815
        }
    }
}