{
    "confidence_score": 0.7511544823646545,
    "ptm": 0.258881539106369,
    "iptm": 0.21340253949165344,
    "ligand_iptm": 0.0,
    "protein_iptm": 0.0,
    "complex_plddt": 0.8855924606323242,
    "complex_iplddt": 0.8855923414230347,
    "complex_pde": 0.2690437436103821,
    "complex_ipde": 0.27697136998176575,
    "chains_ptm": {
        "0": 0.31080853939056396,
        "1": 0.3053187131881714
    },
    "pair_chains_iptm": {
        "0": {
            "0": 0.31080853939056396,
            "1": 0.21340253949165344
        },
        "1": {
            "0": 0.21086260676383972,
            "1": 0.3053187131881714
        }
    }
}