{
    "confidence_score": 0.7553768157958984,
    "ptm": 0.27352339029312134,
    "iptm": 0.22832824289798737,
    "ligand_iptm": 0.0,
    "protein_iptm": 0.0,
    "complex_plddt": 0.8871389627456665,
    "complex_iplddt": 0.8871389031410217,
    "complex_pde": 0.2665965259075165,
    "complex_ipde": 0.27328625321388245,
    "chains_ptm": {
        "0": 0.31926679611206055,
        "1": 0.318718284368515
    },
    "pair_chains_iptm": {
        "0": {
            "0": 0.31926679611206055,
            "1": 0.22832824289798737
        },
        "1": {
            "0": 0.22215569019317627,
            "1": 0.318718284368515
        }
    }
}