{
    "confidence_score": 0.7550200819969177,
    "ptm": 0.2707711458206177,
    "iptm": 0.2239038646221161,
    "ligand_iptm": 0.0,
    "protein_iptm": 0.0,
    "complex_plddt": 0.887799084186554,
    "complex_iplddt": 0.8877989053726196,
    "complex_pde": 0.26649466156959534,
    "complex_ipde": 0.2730701267719269,
    "chains_ptm": {
        "0": 0.31763818860054016,
        "1": 0.3098430633544922
    },
    "pair_chains_iptm": {
        "0": {
            "0": 0.31763818860054016,
            "1": 0.21789735555648804
        },
        "1": {
            "0": 0.2239038646221161,
            "1": 0.3098430633544922
        }
    }
}