{
    "confidence_score": 0.7530947923660278,
    "ptm": 0.2651287019252777,
    "iptm": 0.21885307133197784,
    "ligand_iptm": 0.0,
    "protein_iptm": 0.0,
    "complex_plddt": 0.8866552114486694,
    "complex_iplddt": 0.8866552710533142,
    "complex_pde": 0.2659282088279724,
    "complex_ipde": 0.271735280752182,
    "chains_ptm": {
        "0": 0.3082830309867859,
        "1": 0.3114040791988373
    },
    "pair_chains_iptm": {
        "0": {
            "0": 0.3082830309867859,
            "1": 0.21885307133197784
        },
        "1": {
            "0": 0.20872853696346283,
            "1": 0.3114040791988373
        }
    }
}