{
    "confidence_score": 0.733740508556366,
    "ptm": 0.834590494632721,
    "iptm": 0.7764970064163208,
    "ligand_iptm": 0.0,
    "protein_iptm": 0.7764970064163208,
    "complex_plddt": 0.7230513691902161,
    "complex_iplddt": 0.7468550801277161,
    "complex_pde": 0.35877206921577454,
    "complex_ipde": 0.8890891671180725,
    "chains_ptm": {
        "0": 0.9049267768859863,
        "1": 0.9086859226226807
    },
    "pair_chains_iptm": {
        "0": {
            "0": 0.9049267768859863,
            "1": 0.7764970064163208
        },
        "1": {
            "0": 0.7677852511405945,
            "1": 0.9086859226226807
        }
    }
}