{
    "confidence_score": 0.7005844116210938,
    "ptm": 0.7381722331047058,
    "iptm": 0.6016029119491577,
    "ligand_iptm": 0.0,
    "protein_iptm": 0.6016029119491577,
    "complex_plddt": 0.7253298163414001,
    "complex_iplddt": 0.7303168177604675,
    "complex_pde": 0.4791126251220703,
    "complex_ipde": 1.6723084449768066,
    "chains_ptm": {
        "0": 0.8912749290466309,
        "1": 0.884030282497406
    },
    "pair_chains_iptm": {
        "0": {
            "0": 0.8912749290466309,
            "1": 0.5934463739395142
        },
        "1": {
            "0": 0.6016029119491577,
            "1": 0.884030282497406
        }
    }
}