{
    "confidence_score": 0.7068774104118347,
    "ptm": 0.8122965097427368,
    "iptm": 0.7528253793716431,
    "ligand_iptm": 0.0,
    "protein_iptm": 0.7528253793716431,
    "complex_plddt": 0.6953904032707214,
    "complex_iplddt": 0.7038012742996216,
    "complex_pde": 0.3573624789714813,
    "complex_ipde": 0.8688700199127197,
    "chains_ptm": {
        "0": 0.8771898746490479,
        "1": 0.8887976408004761
    },
    "pair_chains_iptm": {
        "0": {
            "0": 0.8771898746490479,
            "1": 0.751825213432312
        },
        "1": {
            "0": 0.7528253793716431,
            "1": 0.8887976408004761
        }
    }
}