{
    "confidence_score": 0.726097047328949,
    "ptm": 0.7100826501846313,
    "iptm": 0.5476861000061035,
    "ligand_iptm": 0.0,
    "protein_iptm": 0.5476861000061035,
    "complex_plddt": 0.7706997990608215,
    "complex_iplddt": 0.7515696883201599,
    "complex_pde": 0.5884514451026917,
    "complex_ipde": 2.304750919342041,
    "chains_ptm": {
        "0": 0.8724790215492249,
        "1": 0.8733933568000793
    },
    "pair_chains_iptm": {
        "0": {
            "0": 0.8724790215492249,
            "1": 0.5395079851150513
        },
        "1": {
            "0": 0.5476861000061035,
            "1": 0.8733933568000793
        }
    }
}