{
    "confidence_score": 0.7649643421173096,
    "ptm": 0.8338186740875244,
    "iptm": 0.7678938508033752,
    "ligand_iptm": 0.0,
    "protein_iptm": 0.7678938508033752,
    "complex_plddt": 0.7642319798469543,
    "complex_iplddt": 0.7559641599655151,
    "complex_pde": 0.39979809522628784,
    "complex_ipde": 1.1319082975387573,
    "chains_ptm": {
        "0": 0.9023581743240356,
        "1": 0.909024715423584
    },
    "pair_chains_iptm": {
        "0": {
            "0": 0.9023581743240356,
            "1": 0.7606267929077148
        },
        "1": {
            "0": 0.7678938508033752,
            "1": 0.909024715423584
        }
    }
}