{
    "confidence_score": 0.7766798734664917,
    "ptm": 0.82839035987854,
    "iptm": 0.768342912197113,
    "ligand_iptm": 0.0,
    "protein_iptm": 0.768342912197113,
    "complex_plddt": 0.7787640690803528,
    "complex_iplddt": 0.7606918215751648,
    "complex_pde": 0.37815576791763306,
    "complex_ipde": 0.962736189365387,
    "chains_ptm": {
        "0": 0.8885155916213989,
        "1": 0.8937875032424927
    },
    "pair_chains_iptm": {
        "0": {
            "0": 0.8885155916213989,
            "1": 0.768342912197113
        },
        "1": {
            "0": 0.7633812427520752,
            "1": 0.8937875032424927
        }
    }
}