{
    "confidence_score": 0.694735586643219,
    "ptm": 0.7438346743583679,
    "iptm": 0.5998609662055969,
    "ligand_iptm": 0.0,
    "protein_iptm": 0.5998609662055969,
    "complex_plddt": 0.7184542417526245,
    "complex_iplddt": 0.7268418073654175,
    "complex_pde": 0.5144016742706299,
    "complex_ipde": 1.9212117195129395,
    "chains_ptm": {
        "0": 0.89284747838974,
        "1": 0.8980068564414978
    },
    "pair_chains_iptm": {
        "0": {
            "0": 0.89284747838974,
            "1": 0.5998609662055969
        },
        "1": {
            "0": 0.5980011820793152,
            "1": 0.8980068564414978
        }
    }
}