{
    "confidence_score": 0.6704571843147278,
    "ptm": 0.7718594670295715,
    "iptm": 0.677081286907196,
    "ligand_iptm": 0.0,
    "protein_iptm": 0.677081286907196,
    "complex_plddt": 0.6688011288642883,
    "complex_iplddt": 0.7010120749473572,
    "complex_pde": 0.4617755115032196,
    "complex_ipde": 1.5044218301773071,
    "chains_ptm": {
        "0": 0.8867614269256592,
        "1": 0.8846980333328247
    },
    "pair_chains_iptm": {
        "0": {
            "0": 0.8867614269256592,
            "1": 0.6679251194000244
        },
        "1": {
            "0": 0.677081286907196,
            "1": 0.8846980333328247
        }
    }
}