{
    "confidence_score": 0.6507784128189087,
    "ptm": 0.8266645669937134,
    "iptm": 0.7559622526168823,
    "ligand_iptm": 0.0,
    "protein_iptm": 0.7559622526168823,
    "complex_plddt": 0.6244823932647705,
    "complex_iplddt": 0.6492764353752136,
    "complex_pde": 0.3606674075126648,
    "complex_ipde": 0.9222433567047119,
    "chains_ptm": {
        "0": 0.9065473079681396,
        "1": 0.9104403257369995
    },
    "pair_chains_iptm": {
        "0": {
            "0": 0.9065473079681396,
            "1": 0.7559622526168823
        },
        "1": {
            "0": 0.7448087930679321,
            "1": 0.9104403257369995
        }
    }
}