{
    "confidence_score": 0.676928699016571,
    "ptm": 0.7594090104103088,
    "iptm": 0.6622058749198914,
    "ligand_iptm": 0.0,
    "protein_iptm": 0.6622058749198914,
    "complex_plddt": 0.680609405040741,
    "complex_iplddt": 0.6766266226768494,
    "complex_pde": 0.41802170872688293,
    "complex_ipde": 1.265211820602417,
    "chains_ptm": {
        "0": 0.8846699595451355,
        "1": 0.8883559703826904
    },
    "pair_chains_iptm": {
        "0": {
            "0": 0.8846699595451355,
            "1": 0.5937309265136719
        },
        "1": {
            "0": 0.6622058749198914,
            "1": 0.8883559703826904
        }
    }
}