{
    "confidence_score": 0.8112668395042419,
    "ptm": 0.18179509043693542,
    "iptm": 0.15326160192489624,
    "ligand_iptm": 0.0,
    "protein_iptm": 0.0,
    "complex_plddt": 0.9757680892944336,
    "complex_iplddt": 0.9757680892944336,
    "complex_pde": 0.2528421878814697,
    "complex_ipde": 0.25372636318206787,
    "chains_ptm": {
        "0": 0.1899900585412979,
        "1": 0.2103283554315567
    },
    "pair_chains_iptm": {
        "0": {
            "0": 0.1899900585412979,
            "1": 0.15326160192489624
        },
        "1": {
            "0": 0.14545784890651703,
            "1": 0.2103283554315567
        }
    }
}