{
    "confidence_score": 0.8112725615501404,
    "ptm": 0.1812438815832138,
    "iptm": 0.1526414155960083,
    "ligand_iptm": 0.0,
    "protein_iptm": 0.0,
    "complex_plddt": 0.9759303331375122,
    "complex_iplddt": 0.9759302139282227,
    "complex_pde": 0.2529617249965668,
    "complex_ipde": 0.2538350522518158,
    "chains_ptm": {
        "0": 0.18925239145755768,
        "1": 0.20984609425067902
    },
    "pair_chains_iptm": {
        "0": {
            "0": 0.18925239145755768,
            "1": 0.1526414155960083
        },
        "1": {
            "0": 0.14778420329093933,
            "1": 0.20984609425067902
        }
    }
}