{
    "confidence_score": 0.8116350173950195,
    "ptm": 0.1836722195148468,
    "iptm": 0.1554146558046341,
    "ligand_iptm": 0.0,
    "protein_iptm": 0.0,
    "complex_plddt": 0.9756900668144226,
    "complex_iplddt": 0.9756900072097778,
    "complex_pde": 0.25247567892074585,
    "complex_ipde": 0.2531825602054596,
    "chains_ptm": {
        "0": 0.19074176251888275,
        "1": 0.2119295448064804
    },
    "pair_chains_iptm": {
        "0": {
            "0": 0.19074176251888275,
            "1": 0.1554146558046341
        },
        "1": {
            "0": 0.1473163664340973,
            "1": 0.2119295448064804
        }
    }
}