{
    "confidence_score": 0.810811460018158,
    "ptm": 0.17950738966464996,
    "iptm": 0.1510644555091858,
    "ligand_iptm": 0.0,
    "protein_iptm": 0.0,
    "complex_plddt": 0.9757481813430786,
    "complex_iplddt": 0.9757482409477234,
    "complex_pde": 0.2528316080570221,
    "complex_ipde": 0.2537207007408142,
    "chains_ptm": {
        "0": 0.18771547079086304,
        "1": 0.20949608087539673
    },
    "pair_chains_iptm": {
        "0": {
            "0": 0.18771547079086304,
            "1": 0.1510644555091858
        },
        "1": {
            "0": 0.1414860188961029,
            "1": 0.20949608087539673
        }
    }
}