{
    "confidence_score": 0.811795175075531,
    "ptm": 0.18268300592899323,
    "iptm": 0.1540740430355072,
    "ligand_iptm": 0.0,
    "protein_iptm": 0.0,
    "complex_plddt": 0.9762253761291504,
    "complex_iplddt": 0.9762252569198608,
    "complex_pde": 0.2531123459339142,
    "complex_ipde": 0.25407248735427856,
    "chains_ptm": {
        "0": 0.19302821159362793,
        "1": 0.21129171550273895
    },
    "pair_chains_iptm": {
        "0": {
            "0": 0.19302821159362793,
            "1": 0.1540740430355072
        },
        "1": {
            "0": 0.145578071475029,
            "1": 0.21129171550273895
        }
    }
}