{
    "confidence_score": 0.8107498288154602,
    "ptm": 0.17874951660633087,
    "iptm": 0.14984522759914398,
    "ligand_iptm": 0.0,
    "protein_iptm": 0.0,
    "complex_plddt": 0.9759759902954102,
    "complex_iplddt": 0.9759759902954102,
    "complex_pde": 0.25395962595939636,
    "complex_ipde": 0.2552330493927002,
    "chains_ptm": {
        "0": 0.18688687682151794,
        "1": 0.20765356719493866
    },
    "pair_chains_iptm": {
        "0": {
            "0": 0.18688687682151794,
            "1": 0.14984522759914398
        },
        "1": {
            "0": 0.14310774207115173,
            "1": 0.20765356719493866
        }
    }
}