{
    "confidence_score": 0.811191976070404,
    "ptm": 0.1822497844696045,
    "iptm": 0.15331123769283295,
    "ligand_iptm": 0.0,
    "protein_iptm": 0.0,
    "complex_plddt": 0.9756621718406677,
    "complex_iplddt": 0.9756622314453125,
    "complex_pde": 0.25280141830444336,
    "complex_ipde": 0.25358492136001587,
    "chains_ptm": {
        "0": 0.18990018963813782,
        "1": 0.21118810772895813
    },
    "pair_chains_iptm": {
        "0": {
            "0": 0.18990018963813782,
            "1": 0.15331123769283295
        },
        "1": {
            "0": 0.14488355815410614,
            "1": 0.21118810772895813
        }
    }
}