{
    "confidence_score": 0.8112902641296387,
    "ptm": 0.18227243423461914,
    "iptm": 0.15328729152679443,
    "ligand_iptm": 0.0,
    "protein_iptm": 0.0,
    "complex_plddt": 0.9757910370826721,
    "complex_iplddt": 0.9757910966873169,
    "complex_pde": 0.25276505947113037,
    "complex_ipde": 0.2536788582801819,
    "chains_ptm": {
        "0": 0.18882490694522858,
        "1": 0.21125735342502594
    },
    "pair_chains_iptm": {
        "0": {
            "0": 0.18882490694522858,
            "1": 0.15328729152679443
        },
        "1": {
            "0": 0.14338259398937225,
            "1": 0.21125735342502594
        }
    }
}