{
    "confidence_score": 0.8108278512954712,
    "ptm": 0.17921863496303558,
    "iptm": 0.15088620781898499,
    "ligand_iptm": 0.0,
    "protein_iptm": 0.0,
    "complex_plddt": 0.9758132696151733,
    "complex_iplddt": 0.9758132696151733,
    "complex_pde": 0.2529371678829193,
    "complex_ipde": 0.2537984848022461,
    "chains_ptm": {
        "0": 0.18653011322021484,
        "1": 0.2081303894519806
    },
    "pair_chains_iptm": {
        "0": {
            "0": 0.18653011322021484,
            "1": 0.15088620781898499
        },
        "1": {
            "0": 0.14334861934185028,
            "1": 0.2081303894519806
        }
    }
}