{
    "confidence_score": 0.8118049502372742,
    "ptm": 0.18388237059116364,
    "iptm": 0.15552058815956116,
    "ligand_iptm": 0.0,
    "protein_iptm": 0.0,
    "complex_plddt": 0.9758760929107666,
    "complex_iplddt": 0.9758760333061218,
    "complex_pde": 0.25276899337768555,
    "complex_ipde": 0.2535766363143921,
    "chains_ptm": {
        "0": 0.19123812019824982,
        "1": 0.2122439593076706
    },
    "pair_chains_iptm": {
        "0": {
            "0": 0.19123812019824982,
            "1": 0.15552058815956116
        },
        "1": {
            "0": 0.14789552986621857,
            "1": 0.2122439593076706
        }
    }
}