{
    "confidence_score": 0.4927644431591034,
    "ptm": 0.49542462825775146,
    "iptm": 0.09453460574150085,
    "ligand_iptm": 0.0,
    "protein_iptm": 0.09453460574150085,
    "complex_plddt": 0.5923218727111816,
    "complex_iplddt": 0.5923218727111816,
    "complex_pde": 0.8441996574401855,
    "complex_ipde": 6.3556742668151855,
    "chains_ptm": {
        "0": 0.7004058361053467,
        "1": 0.8955317139625549
    },
    "pair_chains_iptm": {
        "0": {
            "0": 0.7004058361053467,
            "1": 0.09453460574150085
        },
        "1": {
            "0": 0.07132326811552048,
            "1": 0.8955317139625549
        }
    }
}