{
    "confidence_score": 0.6392104029655457,
    "ptm": 0.8412995934486389,
    "iptm": 0.9396113157272339,
    "ligand_iptm": 0.0,
    "protein_iptm": 0.9396113157272339,
    "complex_plddt": 0.5641101598739624,
    "complex_iplddt": 0.5435388088226318,
    "complex_pde": 0.34887003898620605,
    "complex_ipde": 0.8853155970573425,
    "chains_ptm": {
        "0": 0.7453020215034485,
        "1": 0.9379091262817383
    },
    "pair_chains_iptm": {
        "0": {
            "0": 0.7453020215034485,
            "1": 0.7307098507881165
        },
        "1": {
            "0": 0.9396113157272339,
            "1": 0.9379091262817383
        }
    }
}