{
    "confidence_score": 0.55417400598526,
    "ptm": 0.7754156589508057,
    "iptm": 0.7705938816070557,
    "ligand_iptm": 0.0,
    "protein_iptm": 0.7705938816070557,
    "complex_plddt": 0.5000690221786499,
    "complex_iplddt": 0.48597073554992676,
    "complex_pde": 0.7080081701278687,
    "complex_ipde": 3.0725932121276855,
    "chains_ptm": {
        "0": 0.7803162336349487,
        "1": 0.7780362963676453
    },
    "pair_chains_iptm": {
        "0": {
            "0": 0.7803162336349487,
            "1": 0.6779033541679382
        },
        "1": {
            "0": 0.7705938816070557,
            "1": 0.7780362963676453
        }
    }
}