{
    "confidence_score": 0.5698829889297485,
    "ptm": 0.8856444954872131,
    "iptm": 0.8921219110488892,
    "ligand_iptm": 0.0,
    "protein_iptm": 0.8921219110488892,
    "complex_plddt": 0.4893232583999634,
    "complex_iplddt": 0.4828348755836487,
    "complex_pde": 0.33599191904067993,
    "complex_ipde": 0.6606049537658691,
    "chains_ptm": {
        "0": 0.8450824618339539,
        "1": 0.9289860725402832
    },
    "pair_chains_iptm": {
        "0": {
            "0": 0.8450824618339539,
            "1": 0.8415920734405518
        },
        "1": {
            "0": 0.8921219110488892,
            "1": 0.9289860725402832
        }
    }
}