{
    "confidence_score": 0.5430123805999756,
    "ptm": 0.7283251285552979,
    "iptm": 0.6804596781730652,
    "ligand_iptm": 0.0,
    "protein_iptm": 0.6804596781730652,
    "complex_plddt": 0.508650541305542,
    "complex_iplddt": 0.5113608837127686,
    "complex_pde": 0.8782312870025635,
    "complex_ipde": 4.5095977783203125,
    "chains_ptm": {
        "0": 0.7896341681480408,
        "1": 0.7530079483985901
    },
    "pair_chains_iptm": {
        "0": {
            "0": 0.7896341681480408,
            "1": 0.6656975150108337
        },
        "1": {
            "0": 0.6804596781730652,
            "1": 0.7530079483985901
        }
    }
}