{
    "confidence_score": 0.654516875743866,
    "ptm": 0.801294207572937,
    "iptm": 0.9424281716346741,
    "ligand_iptm": 0.0,
    "protein_iptm": 0.9424281716346741,
    "complex_plddt": 0.5825390219688416,
    "complex_iplddt": 0.5887070298194885,
    "complex_pde": 0.3964672386646271,
    "complex_ipde": 1.3968195915222168,
    "chains_ptm": {
        "0": 0.6773363947868347,
        "1": 0.9578011631965637
    },
    "pair_chains_iptm": {
        "0": {
            "0": 0.6773363947868347,
            "1": 0.6344655752182007
        },
        "1": {
            "0": 0.9424281716346741,
            "1": 0.9578011631965637
        }
    }
}