{
    "confidence_score": 0.579753577709198,
    "ptm": 0.8007761836051941,
    "iptm": 0.8285787105560303,
    "ligand_iptm": 0.0,
    "protein_iptm": 0.8285787105560303,
    "complex_plddt": 0.5175472497940063,
    "complex_iplddt": 0.5068048238754272,
    "complex_pde": 0.36585676670074463,
    "complex_ipde": 0.7355107665061951,
    "chains_ptm": {
        "0": 0.8276755809783936,
        "1": 0.8101298213005066
    },
    "pair_chains_iptm": {
        "0": {
            "0": 0.8276755809783936,
            "1": 0.8285787105560303
        },
        "1": {
            "0": 0.809370219707489,
            "1": 0.8101298213005066
        }
    }
}