{
    "confidence_score": 0.4756476581096649,
    "ptm": 0.4285401701927185,
    "iptm": 0.05681472644209862,
    "ligand_iptm": 0.0,
    "protein_iptm": 0.05681472644209862,
    "complex_plddt": 0.5803558826446533,
    "complex_iplddt": 0.5803558826446533,
    "complex_pde": 1.2217775583267212,
    "complex_ipde": 9.916630744934082,
    "chains_ptm": {
        "0": 0.6077978610992432,
        "1": 0.7973042726516724
    },
    "pair_chains_iptm": {
        "0": {
            "0": 0.6077978610992432,
            "1": 0.05681472644209862
        },
        "1": {
            "0": 0.0445791631937027,
            "1": 0.7973042726516724
        }
    }
}