{
    "confidence_score": 0.40968552231788635,
    "ptm": 0.2635231912136078,
    "iptm": 0.03782417252659798,
    "ligand_iptm": 0.0,
    "protein_iptm": 0.03782417252659798,
    "complex_plddt": 0.5026508569717407,
    "complex_iplddt": 0.5026508569717407,
    "complex_pde": 2.2315635681152344,
    "complex_ipde": 13.68054485321045,
    "chains_ptm": {
        "0": 0.49736207723617554,
        "1": 0.3470180928707123
    },
    "pair_chains_iptm": {
        "0": {
            "0": 0.49736207723617554,
            "1": 0.03782417252659798
        },
        "1": {
            "0": 0.03762611374258995,
            "1": 0.3470180928707123
        }
    }
}