{
    "confidence_score": 0.485372930765152,
    "ptm": 0.5033140182495117,
    "iptm": 0.09779875725507736,
    "ligand_iptm": 0.0,
    "protein_iptm": 0.09779875725507736,
    "complex_plddt": 0.5822664499282837,
    "complex_iplddt": 0.5822664499282837,
    "complex_pde": 0.8448026180267334,
    "complex_ipde": 6.159851551055908,
    "chains_ptm": {
        "0": 0.6649179458618164,
        "1": 0.9100120067596436
    },
    "pair_chains_iptm": {
        "0": {
            "0": 0.6649179458618164,
            "1": 0.09779875725507736
        },
        "1": {
            "0": 0.07117662578821182,
            "1": 0.9100120067596436
        }
    }
}