{
    "affinity_pred_value": 0.7448296546936035,
    "affinity_probability_binary": 0.1901809573173523,
    "affinity_pred_value1": 0.06675134599208832,
    "affinity_probability_binary1": 0.23127512633800507,
    "affinity_pred_value2": 1.4229079484939575,
    "affinity_probability_binary2": 0.14908680319786072
}