{
    "confidence_score": 0.9390664100646973,
    "ptm": 0.9642022848129272,
    "iptm": 0.9663991332054138,
    "ligand_iptm": 0.9663991332054138,
    "protein_iptm": 0.0,
    "complex_plddt": 0.9322332739830017,
    "complex_iplddt": 0.8511121273040771,
    "complex_pde": 0.3474692106246948,
    "complex_ipde": 0.5164175629615784,
    "chains_ptm": {
        "0": 0.9643287658691406,
        "1": 0.923017144203186
    },
    "pair_chains_iptm": {
        "0": {
            "0": 0.9643287658691406,
            "1": 0.6104094982147217
        },
        "1": {
            "0": 0.9663991332054138,
            "1": 0.923017144203186
        }
    }
}