{
    "confidence_score": 0.9404284358024597,
    "ptm": 0.9651504158973694,
    "iptm": 0.9691622853279114,
    "ligand_iptm": 0.9691622853279114,
    "protein_iptm": 0.0,
    "complex_plddt": 0.9332449436187744,
    "complex_iplddt": 0.8498225212097168,
    "complex_pde": 0.3377251625061035,
    "complex_ipde": 0.4962019622325897,
    "chains_ptm": {
        "0": 0.965175211429596,
        "1": 0.9217122793197632
    },
    "pair_chains_iptm": {
        "0": {
            "0": 0.965175211429596,
            "1": 0.6155589818954468
        },
        "1": {
            "0": 0.9691622853279114,
            "1": 0.9217122793197632
        }
    }
}