{
    "confidence_score": 0.9410045742988586,
    "ptm": 0.9710381031036377,
    "iptm": 0.969016969203949,
    "ligand_iptm": 0.969016969203949,
    "protein_iptm": 0.0,
    "complex_plddt": 0.9340015053749084,
    "complex_iplddt": 0.8503454327583313,
    "complex_pde": 0.32150551676750183,
    "complex_ipde": 0.4996201694011688,
    "chains_ptm": {
        "0": 0.9715394377708435,
        "1": 0.9215956330299377
    },
    "pair_chains_iptm": {
        "0": {
            "0": 0.9715394377708435,
            "1": 0.6154661774635315
        },
        "1": {
            "0": 0.969016969203949,
            "1": 0.9215956330299377
        }
    }
}