{
    "confidence_score": 0.9421228766441345,
    "ptm": 0.9641830921173096,
    "iptm": 0.9669208526611328,
    "ligand_iptm": 0.9669208526611328,
    "protein_iptm": 0.0,
    "complex_plddt": 0.9359233975410461,
    "complex_iplddt": 0.8614261150360107,
    "complex_pde": 0.3486262857913971,
    "complex_ipde": 0.5160695314407349,
    "chains_ptm": {
        "0": 0.9642307162284851,
        "1": 0.9219229221343994
    },
    "pair_chains_iptm": {
        "0": {
            "0": 0.9642307162284851,
            "1": 0.6155351996421814
        },
        "1": {
            "0": 0.9669208526611328,
            "1": 0.9219229221343994
        }
    }
}