{
    "confidence_score": 0.9392380118370056,
    "ptm": 0.9691399335861206,
    "iptm": 0.9673070311546326,
    "ligand_iptm": 0.9673070311546326,
    "protein_iptm": 0.0,
    "complex_plddt": 0.9322206974029541,
    "complex_iplddt": 0.8450548648834229,
    "complex_pde": 0.3285633325576782,
    "complex_ipde": 0.5122293829917908,
    "chains_ptm": {
        "0": 0.9696187376976013,
        "1": 0.9197154641151428
    },
    "pair_chains_iptm": {
        "0": {
            "0": 0.9696187376976013,
            "1": 0.6087419986724854
        },
        "1": {
            "0": 0.9673070311546326,
            "1": 0.9197154641151428
        }
    }
}