{
    "confidence_score": 0.6790516972541809,
    "ptm": 0.7667588591575623,
    "iptm": 0.6509729623794556,
    "ligand_iptm": 0.0,
    "protein_iptm": 0.6509729623794556,
    "complex_plddt": 0.6860713362693787,
    "complex_iplddt": 0.6893705129623413,
    "complex_pde": 0.5167198181152344,
    "complex_ipde": 1.7313435077667236,
    "chains_ptm": {
        "0": 0.8825443387031555,
        "1": 0.8752984404563904
    },
    "pair_chains_iptm": {
        "0": {
            "0": 0.8825443387031555,
            "1": 0.6253030300140381
        },
        "1": {
            "0": 0.6509729623794556,
            "1": 0.8752984404563904
        }
    }
}