{
    "confidence_score": 0.7307252287864685,
    "ptm": 0.7915757894515991,
    "iptm": 0.6896674633026123,
    "ligand_iptm": 0.0,
    "protein_iptm": 0.6896674633026123,
    "complex_plddt": 0.7409896850585938,
    "complex_iplddt": 0.7507216334342957,
    "complex_pde": 0.5113760232925415,
    "complex_ipde": 1.6818310022354126,
    "chains_ptm": {
        "0": 0.9052844643592834,
        "1": 0.892545223236084
    },
    "pair_chains_iptm": {
        "0": {
            "0": 0.9052844643592834,
            "1": 0.6723053455352783
        },
        "1": {
            "0": 0.6896674633026123,
            "1": 0.892545223236084
        }
    }
}