{
    "confidence_score": 0.7569674253463745,
    "ptm": 0.8241812586784363,
    "iptm": 0.7533928751945496,
    "ligand_iptm": 0.0,
    "protein_iptm": 0.7533928751945496,
    "complex_plddt": 0.7578610181808472,
    "complex_iplddt": 0.7615388035774231,
    "complex_pde": 0.431192010641098,
    "complex_ipde": 1.1626019477844238,
    "chains_ptm": {
        "0": 0.895867645740509,
        "1": 0.9052607417106628
    },
    "pair_chains_iptm": {
        "0": {
            "0": 0.895867645740509,
            "1": 0.7533928751945496
        },
        "1": {
            "0": 0.7430732250213623,
            "1": 0.9052607417106628
        }
    }
}