{
    "confidence_score": 0.7376479506492615,
    "ptm": 0.7949866056442261,
    "iptm": 0.7032654881477356,
    "ligand_iptm": 0.0,
    "protein_iptm": 0.7032654881477356,
    "complex_plddt": 0.7462435960769653,
    "complex_iplddt": 0.7588988542556763,
    "complex_pde": 0.48393332958221436,
    "complex_ipde": 1.477317214012146,
    "chains_ptm": {
        "0": 0.8995639085769653,
        "1": 0.8935880661010742
    },
    "pair_chains_iptm": {
        "0": {
            "0": 0.8995639085769653,
            "1": 0.6826009154319763
        },
        "1": {
            "0": 0.7032654881477356,
            "1": 0.8935880661010742
        }
    }
}