{
    "confidence_score": 0.7398650646209717,
    "ptm": 0.8180102109909058,
    "iptm": 0.7386576533317566,
    "ligand_iptm": 0.0,
    "protein_iptm": 0.7386576533317566,
    "complex_plddt": 0.7401669025421143,
    "complex_iplddt": 0.7498202323913574,
    "complex_pde": 0.45138049125671387,
    "complex_ipde": 1.3388550281524658,
    "chains_ptm": {
        "0": 0.907829225063324,
        "1": 0.9073111414909363
    },
    "pair_chains_iptm": {
        "0": {
            "0": 0.907829225063324,
            "1": 0.7192822694778442
        },
        "1": {
            "0": 0.7386576533317566,
            "1": 0.9073111414909363
        }
    }
}