{
    "confidence_score": 0.7332960367202759,
    "ptm": 0.7981764078140259,
    "iptm": 0.7141885757446289,
    "ligand_iptm": 0.0,
    "protein_iptm": 0.7141885757446289,
    "complex_plddt": 0.7380728721618652,
    "complex_iplddt": 0.7511347532272339,
    "complex_pde": 0.4574350416660309,
    "complex_ipde": 1.3097878694534302,
    "chains_ptm": {
        "0": 0.893028199672699,
        "1": 0.8774723410606384
    },
    "pair_chains_iptm": {
        "0": {
            "0": 0.893028199672699,
            "1": 0.711603045463562
        },
        "1": {
            "0": 0.7141885757446289,
            "1": 0.8774723410606384
        }
    }
}