{
    "confidence_score": 0.7347494959831238,
    "ptm": 0.8133916854858398,
    "iptm": 0.7402668595314026,
    "ligand_iptm": 0.0,
    "protein_iptm": 0.7402668595314026,
    "complex_plddt": 0.7333701252937317,
    "complex_iplddt": 0.7451429963111877,
    "complex_pde": 0.4253593385219574,
    "complex_ipde": 1.1297129392623901,
    "chains_ptm": {
        "0": 0.8980541825294495,
        "1": 0.886131227016449
    },
    "pair_chains_iptm": {
        "0": {
            "0": 0.8980541825294495,
            "1": 0.729748010635376
        },
        "1": {
            "0": 0.7402668595314026,
            "1": 0.886131227016449
        }
    }
}