{
    "confidence_score": 0.7343204021453857,
    "ptm": 0.7974969148635864,
    "iptm": 0.70747971534729,
    "ligand_iptm": 0.0,
    "protein_iptm": 0.70747971534729,
    "complex_plddt": 0.7410305738449097,
    "complex_iplddt": 0.7507656812667847,
    "complex_pde": 0.4755851924419403,
    "complex_ipde": 1.4792035818099976,
    "chains_ptm": {
        "0": 0.8999442458152771,
        "1": 0.8903022408485413
    },
    "pair_chains_iptm": {
        "0": {
            "0": 0.8999442458152771,
            "1": 0.6964932084083557
        },
        "1": {
            "0": 0.70747971534729,
            "1": 0.8903022408485413
        }
    }
}