{
    "confidence_score": 0.7522774338722229,
    "ptm": 0.8176531791687012,
    "iptm": 0.7382268905639648,
    "ligand_iptm": 0.0,
    "protein_iptm": 0.7382268905639648,
    "complex_plddt": 0.7557900547981262,
    "complex_iplddt": 0.7706698179244995,
    "complex_pde": 0.4382578730583191,
    "complex_ipde": 1.2216591835021973,
    "chains_ptm": {
        "0": 0.90664142370224,
        "1": 0.8995640873908997
    },
    "pair_chains_iptm": {
        "0": {
            "0": 0.90664142370224,
            "1": 0.7233509421348572
        },
        "1": {
            "0": 0.7382268905639648,
            "1": 0.8995640873908997
        }
    }
}