{
    "confidence_score": 0.7050715088844299,
    "ptm": 0.7781055569648743,
    "iptm": 0.6952416300773621,
    "ligand_iptm": 0.0,
    "protein_iptm": 0.6952416300773621,
    "complex_plddt": 0.7075289487838745,
    "complex_iplddt": 0.715959370136261,
    "complex_pde": 0.4869612157344818,
    "complex_ipde": 1.46680748462677,
    "chains_ptm": {
        "0": 0.8723272085189819,
        "1": 0.8819185495376587
    },
    "pair_chains_iptm": {
        "0": {
            "0": 0.8723272085189819,
            "1": 0.6952416300773621
        },
        "1": {
            "0": 0.683883547782898,
            "1": 0.8819185495376587
        }
    }
}