{
    "confidence_score": 0.9230616688728333,
    "ptm": 0.955906093120575,
    "iptm": 0.8966893553733826,
    "ligand_iptm": 0.0,
    "protein_iptm": 0.8966893553733826,
    "complex_plddt": 0.9296547174453735,
    "complex_iplddt": 0.9283462762832642,
    "complex_pde": 0.3296017050743103,
    "complex_ipde": 0.5887703895568848,
    "chains_ptm": {
        "0": 0.9634048342704773,
        "1": 0.8950925469398499
    },
    "pair_chains_iptm": {
        "0": {
            "0": 0.9634048342704773,
            "1": 0.8912903666496277
        },
        "1": {
            "0": 0.8966893553733826,
            "1": 0.8950925469398499
        }
    }
}