{
    "confidence_score": 0.930456817150116,
    "ptm": 0.9636965990066528,
    "iptm": 0.9236013293266296,
    "ligand_iptm": 0.0,
    "protein_iptm": 0.9236013293266296,
    "complex_plddt": 0.9321706891059875,
    "complex_iplddt": 0.9392533302307129,
    "complex_pde": 0.30897969007492065,
    "complex_ipde": 0.5033854842185974,
    "chains_ptm": {
        "0": 0.969097912311554,
        "1": 0.9229757785797119
    },
    "pair_chains_iptm": {
        "0": {
            "0": 0.969097912311554,
            "1": 0.9144472479820251
        },
        "1": {
            "0": 0.9236013293266296,
            "1": 0.9229757785797119
        }
    }
}