{
    "confidence_score": 0.9393206834793091,
    "ptm": 0.9749935865402222,
    "iptm": 0.950090765953064,
    "ligand_iptm": 0.0,
    "protein_iptm": 0.950090765953064,
    "complex_plddt": 0.9366281628608704,
    "complex_iplddt": 0.9369615912437439,
    "complex_pde": 0.2862705588340759,
    "complex_ipde": 0.3956684172153473,
    "chains_ptm": {
        "0": 0.9781728386878967,
        "1": 0.9502403736114502
    },
    "pair_chains_iptm": {
        "0": {
            "0": 0.9781728386878967,
            "1": 0.9404619336128235
        },
        "1": {
            "0": 0.950090765953064,
            "1": 0.9502403736114502
        }
    }
}