{
    "confidence_score": 0.9334030151367188,
    "ptm": 0.9635558128356934,
    "iptm": 0.9326698780059814,
    "ligand_iptm": 0.0,
    "protein_iptm": 0.9326698780059814,
    "complex_plddt": 0.9335862994194031,
    "complex_iplddt": 0.9381741285324097,
    "complex_pde": 0.3074444830417633,
    "complex_ipde": 0.4745413064956665,
    "chains_ptm": {
        "0": 0.968721330165863,
        "1": 0.9340211749076843
    },
    "pair_chains_iptm": {
        "0": {
            "0": 0.968721330165863,
            "1": 0.9184325933456421
        },
        "1": {
            "0": 0.9326698780059814,
            "1": 0.9340211749076843
        }
    }
}