{
    "confidence_score": 0.9219643473625183,
    "ptm": 0.9559425115585327,
    "iptm": 0.9180265665054321,
    "ligand_iptm": 0.0,
    "protein_iptm": 0.9180265665054321,
    "complex_plddt": 0.9229487776756287,
    "complex_iplddt": 0.929251492023468,
    "complex_pde": 0.3306097984313965,
    "complex_ipde": 0.5403544306755066,
    "chains_ptm": {
        "0": 0.9609813094139099,
        "1": 0.9155163764953613
    },
    "pair_chains_iptm": {
        "0": {
            "0": 0.9609813094139099,
            "1": 0.8939239978790283
        },
        "1": {
            "0": 0.9180265665054321,
            "1": 0.9155163764953613
        }
    }
}