{
    "confidence_score": 0.9249259829521179,
    "ptm": 0.9637438654899597,
    "iptm": 0.9237709045410156,
    "ligand_iptm": 0.0,
    "protein_iptm": 0.9237709045410156,
    "complex_plddt": 0.9252147078514099,
    "complex_iplddt": 0.922806441783905,
    "complex_pde": 0.3015286922454834,
    "complex_ipde": 0.4894807040691376,
    "chains_ptm": {
        "0": 0.9690647125244141,
        "1": 0.9226829409599304
    },
    "pair_chains_iptm": {
        "0": {
            "0": 0.9690647125244141,
            "1": 0.9112488031387329
        },
        "1": {
            "0": 0.9237709045410156,
            "1": 0.9226829409599304
        }
    }
}