{
    "confidence_score": 0.9292111396789551,
    "ptm": 0.97336745262146,
    "iptm": 0.9496076703071594,
    "ligand_iptm": 0.0,
    "protein_iptm": 0.9496076703071594,
    "complex_plddt": 0.9241119623184204,
    "complex_iplddt": 0.9145838618278503,
    "complex_pde": 0.28972938656806946,
    "complex_ipde": 0.4308758080005646,
    "chains_ptm": {
        "0": 0.9766310453414917,
        "1": 0.9490495324134827
    },
    "pair_chains_iptm": {
        "0": {
            "0": 0.9766310453414917,
            "1": 0.9333856105804443
        },
        "1": {
            "0": 0.9496076703071594,
            "1": 0.9490495324134827
        }
    }
}