{
    "confidence_score": 0.9255451560020447,
    "ptm": 0.9592216610908508,
    "iptm": 0.9190342426300049,
    "ligand_iptm": 0.0,
    "protein_iptm": 0.9190342426300049,
    "complex_plddt": 0.927172839641571,
    "complex_iplddt": 0.9245371222496033,
    "complex_pde": 0.3260372281074524,
    "complex_ipde": 0.5560975074768066,
    "chains_ptm": {
        "0": 0.9648708701133728,
        "1": 0.9197360873222351
    },
    "pair_chains_iptm": {
        "0": {
            "0": 0.9648708701133728,
            "1": 0.9034902453422546
        },
        "1": {
            "0": 0.9190342426300049,
            "1": 0.9197360873222351
        }
    }
}