{
    "confidence_score": 0.9334750175476074,
    "ptm": 0.9700021147727966,
    "iptm": 0.9483054280281067,
    "ligand_iptm": 0.0,
    "protein_iptm": 0.9483054280281067,
    "complex_plddt": 0.929767370223999,
    "complex_iplddt": 0.9190361499786377,
    "complex_pde": 0.2979016602039337,
    "complex_ipde": 0.43006467819213867,
    "chains_ptm": {
        "0": 0.9731988310813904,
        "1": 0.9480450749397278
    },
    "pair_chains_iptm": {
        "0": {
            "0": 0.9731988310813904,
            "1": 0.9292881488800049
        },
        "1": {
            "0": 0.9483054280281067,
            "1": 0.9480450749397278
        }
    }
}