{
    "confidence_score": 0.9408472180366516,
    "ptm": 0.9731224179267883,
    "iptm": 0.9617946147918701,
    "ligand_iptm": 0.0,
    "protein_iptm": 0.9617946147918701,
    "complex_plddt": 0.9356104135513306,
    "complex_iplddt": 0.933311939239502,
    "complex_pde": 0.28408583998680115,
    "complex_ipde": 0.3561013638973236,
    "chains_ptm": {
        "0": 0.9750511646270752,
        "1": 0.959706723690033
    },
    "pair_chains_iptm": {
        "0": {
            "0": 0.9750511646270752,
            "1": 0.9358964562416077
        },
        "1": {
            "0": 0.9617946147918701,
            "1": 0.959706723690033
        }
    }
}