{
    "confidence_score": 0.861454963684082,
    "ptm": 0.9429318308830261,
    "iptm": 0.8990266919136047,
    "ligand_iptm": 0.0,
    "protein_iptm": 0.8990266919136047,
    "complex_plddt": 0.8520619869232178,
    "complex_iplddt": 0.798053503036499,
    "complex_pde": 0.35606154799461365,
    "complex_ipde": 1.1401277780532837,
    "chains_ptm": {
        "0": 0.9732083678245544,
        "1": 0.9699050784111023
    },
    "pair_chains_iptm": {
        "0": {
            "0": 0.9732083678245544,
            "1": 0.8990266919136047
        },
        "1": {
            "0": 0.8406050801277161,
            "1": 0.9699050784111023
        }
    }
}