{
    "confidence_score": 0.7960061430931091,
    "ptm": 0.8621723651885986,
    "iptm": 0.6486274600028992,
    "ligand_iptm": 0.0,
    "protein_iptm": 0.6486274600028992,
    "complex_plddt": 0.8328507542610168,
    "complex_iplddt": 0.7537900805473328,
    "complex_pde": 0.5153599381446838,
    "complex_ipde": 4.37906551361084,
    "chains_ptm": {
        "0": 0.9563063383102417,
        "1": 0.9636291861534119
    },
    "pair_chains_iptm": {
        "0": {
            "0": 0.9563063383102417,
            "1": 0.6486274600028992
        },
        "1": {
            "0": 0.5658833384513855,
            "1": 0.9636291861534119
        }
    }
}