{
    "confidence_score": 0.8701688647270203,
    "ptm": 0.9510167241096497,
    "iptm": 0.9157384634017944,
    "ligand_iptm": 0.0,
    "protein_iptm": 0.9157384634017944,
    "complex_plddt": 0.8587765097618103,
    "complex_iplddt": 0.8186061978340149,
    "complex_pde": 0.32317519187927246,
    "complex_ipde": 0.7146909832954407,
    "chains_ptm": {
        "0": 0.979891836643219,
        "1": 0.9715633988380432
    },
    "pair_chains_iptm": {
        "0": {
            "0": 0.979891836643219,
            "1": 0.9157384634017944
        },
        "1": {
            "0": 0.8641015291213989,
            "1": 0.9715633988380432
        }
    }
}