{
    "confidence_score": 0.835303783416748,
    "ptm": 0.9297031760215759,
    "iptm": 0.8537481427192688,
    "ligand_iptm": 0.0,
    "protein_iptm": 0.8537481427192688,
    "complex_plddt": 0.830692708492279,
    "complex_iplddt": 0.7504497170448303,
    "complex_pde": 0.3808850347995758,
    "complex_ipde": 1.7315412759780884,
    "chains_ptm": {
        "0": 0.9731132984161377,
        "1": 0.9684107899665833
    },
    "pair_chains_iptm": {
        "0": {
            "0": 0.9731132984161377,
            "1": 0.8537481427192688
        },
        "1": {
            "0": 0.7799833416938782,
            "1": 0.9684107899665833
        }
    }
}