{
    "confidence_score": 0.8476945757865906,
    "ptm": 0.9527930021286011,
    "iptm": 0.9013847708702087,
    "ligand_iptm": 0.0,
    "protein_iptm": 0.9013847708702087,
    "complex_plddt": 0.8342720866203308,
    "complex_iplddt": 0.7655289173126221,
    "complex_pde": 0.3245077133178711,
    "complex_ipde": 0.9712024331092834,
    "chains_ptm": {
        "0": 0.9808157086372375,
        "1": 0.9779112339019775
    },
    "pair_chains_iptm": {
        "0": {
            "0": 0.9808157086372375,
            "1": 0.9013847708702087
        },
        "1": {
            "0": 0.856914222240448,
            "1": 0.9779112339019775
        }
    }
}