{
    "confidence_score": 0.8265128135681152,
    "ptm": 0.9224759340286255,
    "iptm": 0.8335332274436951,
    "ligand_iptm": 0.0,
    "protein_iptm": 0.8335332274436951,
    "complex_plddt": 0.8247577548027039,
    "complex_iplddt": 0.7419968843460083,
    "complex_pde": 0.39537107944488525,
    "complex_ipde": 1.7303180694580078,
    "chains_ptm": {
        "0": 0.9717508554458618,
        "1": 0.9634087681770325
    },
    "pair_chains_iptm": {
        "0": {
            "0": 0.9717508554458618,
            "1": 0.8335332274436951
        },
        "1": {
            "0": 0.765702486038208,
            "1": 0.9634087681770325
        }
    }
}