{
    "confidence_score": 0.8356490135192871,
    "ptm": 0.9168615937232971,
    "iptm": 0.8144081830978394,
    "ligand_iptm": 0.0,
    "protein_iptm": 0.8144081830978394,
    "complex_plddt": 0.8409591913223267,
    "complex_iplddt": 0.771283745765686,
    "complex_pde": 0.40201202034950256,
    "complex_ipde": 1.9389270544052124,
    "chains_ptm": {
        "0": 0.9720702767372131,
        "1": 0.9673100709915161
    },
    "pair_chains_iptm": {
        "0": {
            "0": 0.9720702767372131,
            "1": 0.8144081830978394
        },
        "1": {
            "0": 0.7479629516601562,
            "1": 0.9673100709915161
        }
    }
}