{
    "confidence_score": 0.8682923316955566,
    "ptm": 0.9382362365722656,
    "iptm": 0.8955225944519043,
    "ligand_iptm": 0.0,
    "protein_iptm": 0.8955225944519043,
    "complex_plddt": 0.8614847660064697,
    "complex_iplddt": 0.8120177388191223,
    "complex_pde": 0.34978392720222473,
    "complex_ipde": 0.9541471004486084,
    "chains_ptm": {
        "0": 0.9761945009231567,
        "1": 0.9649372100830078
    },
    "pair_chains_iptm": {
        "0": {
            "0": 0.9761945009231567,
            "1": 0.8955225944519043
        },
        "1": {
            "0": 0.8277014493942261,
            "1": 0.9649372100830078
        }
    }
}