{
    "confidence_score": 0.8238164782524109,
    "ptm": 0.9187981486320496,
    "iptm": 0.8293564319610596,
    "ligand_iptm": 0.0,
    "protein_iptm": 0.8293564319610596,
    "complex_plddt": 0.8224314451217651,
    "complex_iplddt": 0.7492133975028992,
    "complex_pde": 0.39542466402053833,
    "complex_ipde": 1.5193817615509033,
    "chains_ptm": {
        "0": 0.9685224294662476,
        "1": 0.961290717124939
    },
    "pair_chains_iptm": {
        "0": {
            "0": 0.9685224294662476,
            "1": 0.8293564319610596
        },
        "1": {
            "0": 0.7727409601211548,
            "1": 0.961290717124939
        }
    }
}