{
    "confidence_score": 0.8194328546524048,
    "ptm": 0.8940198421478271,
    "iptm": 0.7232030034065247,
    "ligand_iptm": 0.0,
    "protein_iptm": 0.7232030034065247,
    "complex_plddt": 0.8434903025627136,
    "complex_iplddt": 0.7611108422279358,
    "complex_pde": 0.42048025131225586,
    "complex_ipde": 2.986489772796631,
    "chains_ptm": {
        "0": 0.9740569591522217,
        "1": 0.9729019403457642
    },
    "pair_chains_iptm": {
        "0": {
            "0": 0.9740569591522217,
            "1": 0.7232030034065247
        },
        "1": {
            "0": 0.686021089553833,
            "1": 0.9729019403457642
        }
    }
}