{
    "confidence_score": 0.8731815218925476,
    "ptm": 0.9564531445503235,
    "iptm": 0.8919326066970825,
    "ligand_iptm": 0.0,
    "protein_iptm": 0.8919326066970825,
    "complex_plddt": 0.8684937357902527,
    "complex_iplddt": 0.8706850409507751,
    "complex_pde": 0.31136301159858704,
    "complex_ipde": 0.4625687897205353,
    "chains_ptm": {
        "0": 0.9658551216125488,
        "1": 0.8882263898849487
    },
    "pair_chains_iptm": {
        "0": {
            "0": 0.9658551216125488,
            "1": 0.8516482710838318
        },
        "1": {
            "0": 0.8919326066970825,
            "1": 0.8882263898849487
        }
    }
}