{
    "confidence_score": 0.8576784133911133,
    "ptm": 0.9444485306739807,
    "iptm": 0.816460132598877,
    "ligand_iptm": 0.0,
    "protein_iptm": 0.816460132598877,
    "complex_plddt": 0.8679830431938171,
    "complex_iplddt": 0.8553872108459473,
    "complex_pde": 0.339732825756073,
    "complex_ipde": 0.7153598666191101,
    "chains_ptm": {
        "0": 0.9626098871231079,
        "1": 0.829060971736908
    },
    "pair_chains_iptm": {
        "0": {
            "0": 0.9626098871231079,
            "1": 0.809636652469635
        },
        "1": {
            "0": 0.816460132598877,
            "1": 0.829060971736908
        }
    }
}