{
    "confidence_score": 0.8606876730918884,
    "ptm": 0.9646586775779724,
    "iptm": 0.896209716796875,
    "ligand_iptm": 0.0,
    "protein_iptm": 0.896209716796875,
    "complex_plddt": 0.8518071174621582,
    "complex_iplddt": 0.7894071340560913,
    "complex_pde": 0.2962382435798645,
    "complex_ipde": 0.6143435835838318,
    "chains_ptm": {
        "0": 0.9753304123878479,
        "1": 0.8667284250259399
    },
    "pair_chains_iptm": {
        "0": {
            "0": 0.9753304123878479,
            "1": 0.7428234219551086
        },
        "1": {
            "0": 0.896209716796875,
            "1": 0.8667284250259399
        }
    }
}