{
    "confidence_score": 0.8481443524360657,
    "ptm": 0.9351097941398621,
    "iptm": 0.7939707636833191,
    "ligand_iptm": 0.0,
    "protein_iptm": 0.7939707636833191,
    "complex_plddt": 0.8616877198219299,
    "complex_iplddt": 0.8154026865959167,
    "complex_pde": 0.3629365861415863,
    "complex_ipde": 0.988452672958374,
    "chains_ptm": {
        "0": 0.9556319713592529,
        "1": 0.8054289221763611
    },
    "pair_chains_iptm": {
        "0": {
            "0": 0.9556319713592529,
            "1": 0.6856952905654907
        },
        "1": {
            "0": 0.7939707636833191,
            "1": 0.8054289221763611
        }
    }
}