{
    "confidence_score": 0.8550761342048645,
    "ptm": 0.960975706577301,
    "iptm": 0.9088364243507385,
    "ligand_iptm": 0.0,
    "protein_iptm": 0.9088364243507385,
    "complex_plddt": 0.841636061668396,
    "complex_iplddt": 0.7949836850166321,
    "complex_pde": 0.3085085451602936,
    "complex_ipde": 0.6057412624359131,
    "chains_ptm": {
        "0": 0.9687663912773132,
        "1": 0.8853616118431091
    },
    "pair_chains_iptm": {
        "0": {
            "0": 0.9687663912773132,
            "1": 0.7708734273910522
        },
        "1": {
            "0": 0.9088364243507385,
            "1": 0.8853616118431091
        }
    }
}