{
    "confidence_score": 0.848519504070282,
    "ptm": 0.9489356875419617,
    "iptm": 0.8709717392921448,
    "ligand_iptm": 0.0,
    "protein_iptm": 0.8709717392921448,
    "complex_plddt": 0.8429064750671387,
    "complex_iplddt": 0.8043559789657593,
    "complex_pde": 0.32173392176628113,
    "complex_ipde": 0.6187899708747864,
    "chains_ptm": {
        "0": 0.9605444073677063,
        "1": 0.8541872501373291
    },
    "pair_chains_iptm": {
        "0": {
            "0": 0.9605444073677063,
            "1": 0.7807960510253906
        },
        "1": {
            "0": 0.8709717392921448,
            "1": 0.8541872501373291
        }
    }
}