{
    "confidence_score": 0.869475781917572,
    "ptm": 0.9616120457649231,
    "iptm": 0.9033148884773254,
    "ligand_iptm": 0.0,
    "protein_iptm": 0.9033148884773254,
    "complex_plddt": 0.8610159158706665,
    "complex_iplddt": 0.8176031112670898,
    "complex_pde": 0.3002071976661682,
    "complex_ipde": 0.5108641386032104,
    "chains_ptm": {
        "0": 0.9706502556800842,
        "1": 0.8904542326927185
    },
    "pair_chains_iptm": {
        "0": {
            "0": 0.9706502556800842,
            "1": 0.845382571220398
        },
        "1": {
            "0": 0.9033148884773254,
            "1": 0.8904542326927185
        }
    }
}