{
    "confidence_score": 0.8748067021369934,
    "ptm": 0.9704097509384155,
    "iptm": 0.9357588887214661,
    "ligand_iptm": 0.0,
    "protein_iptm": 0.9357588887214661,
    "complex_plddt": 0.8595685958862305,
    "complex_iplddt": 0.8283959627151489,
    "complex_pde": 0.2869282364845276,
    "complex_ipde": 0.45124030113220215,
    "chains_ptm": {
        "0": 0.9759743809700012,
        "1": 0.9136141538619995
    },
    "pair_chains_iptm": {
        "0": {
            "0": 0.9759743809700012,
            "1": 0.7886806726455688
        },
        "1": {
            "0": 0.9357588887214661,
            "1": 0.9136141538619995
        }
    }
}