{
    "confidence_score": 0.8687707781791687,
    "ptm": 0.95343416929245,
    "iptm": 0.8688210248947144,
    "ligand_iptm": 0.0,
    "protein_iptm": 0.8688210248947144,
    "complex_plddt": 0.8687582015991211,
    "complex_iplddt": 0.8265519142150879,
    "complex_pde": 0.3182477355003357,
    "complex_ipde": 0.6541550159454346,
    "chains_ptm": {
        "0": 0.9660979509353638,
        "1": 0.8549293279647827
    },
    "pair_chains_iptm": {
        "0": {
            "0": 0.9660979509353638,
            "1": 0.7894439101219177
        },
        "1": {
            "0": 0.8688210248947144,
            "1": 0.8549293279647827
        }
    }
}