{
    "confidence_score": 0.8869796991348267,
    "ptm": 0.9692738652229309,
    "iptm": 0.9245806336402893,
    "ligand_iptm": 0.0,
    "protein_iptm": 0.9245806336402893,
    "complex_plddt": 0.8775794506072998,
    "complex_iplddt": 0.8310778141021729,
    "complex_pde": 0.28771549463272095,
    "complex_ipde": 0.5087800025939941,
    "chains_ptm": {
        "0": 0.9768887162208557,
        "1": 0.9120339155197144
    },
    "pair_chains_iptm": {
        "0": {
            "0": 0.9768887162208557,
            "1": 0.7922521829605103
        },
        "1": {
            "0": 0.9245806336402893,
            "1": 0.9120339155197144
        }
    }
}