{
    "confidence_score": 0.9459473490715027,
    "ptm": 0.9774450063705444,
    "iptm": 0.9600470662117004,
    "ligand_iptm": 0.0,
    "protein_iptm": 0.9600470662117004,
    "complex_plddt": 0.9424223899841309,
    "complex_iplddt": 0.9214214086532593,
    "complex_pde": 0.25636187195777893,
    "complex_ipde": 0.2819248139858246,
    "chains_ptm": {
        "0": 0.9841641783714294,
        "1": 0.9608409404754639
    },
    "pair_chains_iptm": {
        "0": {
            "0": 0.9841641783714294,
            "1": 0.9104856252670288
        },
        "1": {
            "0": 0.9600470662117004,
            "1": 0.9608409404754639
        }
    }
}