{
    "confidence_score": 0.9361498951911926,
    "ptm": 0.9750317335128784,
    "iptm": 0.9542053937911987,
    "ligand_iptm": 0.0,
    "protein_iptm": 0.9542053937911987,
    "complex_plddt": 0.9316360354423523,
    "complex_iplddt": 0.9002615213394165,
    "complex_pde": 0.25902971625328064,
    "complex_ipde": 0.30186596512794495,
    "chains_ptm": {
        "0": 0.9822906255722046,
        "1": 0.95020991563797
    },
    "pair_chains_iptm": {
        "0": {
            "0": 0.9822906255722046,
            "1": 0.9043098092079163
        },
        "1": {
            "0": 0.9542053937911987,
            "1": 0.95020991563797
        }
    }
}