{
    "confidence_score": 0.9276953935623169,
    "ptm": 0.9770355224609375,
    "iptm": 0.9557393789291382,
    "ligand_iptm": 0.0,
    "protein_iptm": 0.9557393789291382,
    "complex_plddt": 0.9206843972206116,
    "complex_iplddt": 0.8879246115684509,
    "complex_pde": 0.25714609026908875,
    "complex_ipde": 0.3000345528125763,
    "chains_ptm": {
        "0": 0.9857649803161621,
        "1": 0.9518372416496277
    },
    "pair_chains_iptm": {
        "0": {
            "0": 0.9857649803161621,
            "1": 0.9074391722679138
        },
        "1": {
            "0": 0.9557393789291382,
            "1": 0.9518372416496277
        }
    }
}