{
    "confidence_score": 0.9322822690010071,
    "ptm": 0.9759825468063354,
    "iptm": 0.9581719636917114,
    "ligand_iptm": 0.0,
    "protein_iptm": 0.9581719636917114,
    "complex_plddt": 0.9258098602294922,
    "complex_iplddt": 0.8954495191574097,
    "complex_pde": 0.2583460211753845,
    "complex_ipde": 0.2994142770767212,
    "chains_ptm": {
        "0": 0.9833918213844299,
        "1": 0.9510786533355713
    },
    "pair_chains_iptm": {
        "0": {
            "0": 0.9833918213844299,
            "1": 0.8838744163513184
        },
        "1": {
            "0": 0.9581719636917114,
            "1": 0.9510786533355713
        }
    }
}