{
    "confidence_score": 0.9359361529350281,
    "ptm": 0.975413978099823,
    "iptm": 0.9556077122688293,
    "ligand_iptm": 0.0,
    "protein_iptm": 0.9556077122688293,
    "complex_plddt": 0.9310182332992554,
    "complex_iplddt": 0.9081467986106873,
    "complex_pde": 0.2598576843738556,
    "complex_ipde": 0.30185720324516296,
    "chains_ptm": {
        "0": 0.9828582406044006,
        "1": 0.947806715965271
    },
    "pair_chains_iptm": {
        "0": {
            "0": 0.9828582406044006,
            "1": 0.9063121676445007
        },
        "1": {
            "0": 0.9556077122688293,
            "1": 0.947806715965271
        }
    }
}