{
    "confidence_score": 0.9383267760276794,
    "ptm": 0.9742138385772705,
    "iptm": 0.9541988372802734,
    "ligand_iptm": 0.0,
    "protein_iptm": 0.9541988372802734,
    "complex_plddt": 0.9343587160110474,
    "complex_iplddt": 0.9104031920433044,
    "complex_pde": 0.2586289048194885,
    "complex_ipde": 0.2985677421092987,
    "chains_ptm": {
        "0": 0.9833491444587708,
        "1": 0.9473149180412292
    },
    "pair_chains_iptm": {
        "0": {
            "0": 0.9833491444587708,
            "1": 0.9065428972244263
        },
        "1": {
            "0": 0.9541988372802734,
            "1": 0.9473149180412292
        }
    }
}