{
    "confidence_score": 0.9215839505195618,
    "ptm": 0.9522830843925476,
    "iptm": 0.9164484143257141,
    "ligand_iptm": 0.0,
    "protein_iptm": 0.9164484143257141,
    "complex_plddt": 0.9228678345680237,
    "complex_iplddt": 0.8955249190330505,
    "complex_pde": 0.2737087905406952,
    "complex_ipde": 0.35059654712677,
    "chains_ptm": {
        "0": 0.9680167436599731,
        "1": 0.9214017987251282
    },
    "pair_chains_iptm": {
        "0": {
            "0": 0.9680167436599731,
            "1": 0.8601655960083008
        },
        "1": {
            "0": 0.9164484143257141,
            "1": 0.9214017987251282
        }
    }
}