{
    "confidence_score": 0.8930239677429199,
    "ptm": 0.9575242400169373,
    "iptm": 0.9211955070495605,
    "ligand_iptm": 0.0,
    "protein_iptm": 0.9211955070495605,
    "complex_plddt": 0.8859810829162598,
    "complex_iplddt": 0.8293525576591492,
    "complex_pde": 0.26961156725883484,
    "complex_ipde": 0.3516559600830078,
    "chains_ptm": {
        "0": 0.9709955453872681,
        "1": 0.9041822552680969
    },
    "pair_chains_iptm": {
        "0": {
            "0": 0.9709955453872681,
            "1": 0.807113766670227
        },
        "1": {
            "0": 0.9211955070495605,
            "1": 0.9041822552680969
        }
    }
}