{
    "confidence_score": 0.9240427017211914,
    "ptm": 0.95980304479599,
    "iptm": 0.9301373958587646,
    "ligand_iptm": 0.0,
    "protein_iptm": 0.9301373958587646,
    "complex_plddt": 0.9225190877914429,
    "complex_iplddt": 0.8902735114097595,
    "complex_pde": 0.2650395929813385,
    "complex_ipde": 0.3163006901741028,
    "chains_ptm": {
        "0": 0.9720228314399719,
        "1": 0.9357341527938843
    },
    "pair_chains_iptm": {
        "0": {
            "0": 0.9720228314399719,
            "1": 0.8738100528717041
        },
        "1": {
            "0": 0.9301373958587646,
            "1": 0.9357341527938843
        }
    }
}