{
    "confidence_score": 0.9070222973823547,
    "ptm": 0.9593775868415833,
    "iptm": 0.92751145362854,
    "ligand_iptm": 0.0,
    "protein_iptm": 0.92751145362854,
    "complex_plddt": 0.901900053024292,
    "complex_iplddt": 0.8646308779716492,
    "complex_pde": 0.2636915445327759,
    "complex_ipde": 0.3204212486743927,
    "chains_ptm": {
        "0": 0.9701929688453674,
        "1": 0.9363033175468445
    },
    "pair_chains_iptm": {
        "0": {
            "0": 0.9701929688453674,
            "1": 0.8744886517524719
        },
        "1": {
            "0": 0.92751145362854,
            "1": 0.9363033175468445
        }
    }
}