{
    "confidence_score": 0.8979007601737976,
    "ptm": 0.9553914070129395,
    "iptm": 0.9122287034988403,
    "ligand_iptm": 0.0,
    "protein_iptm": 0.9122287034988403,
    "complex_plddt": 0.8943188190460205,
    "complex_iplddt": 0.8498075008392334,
    "complex_pde": 0.27372726798057556,
    "complex_ipde": 0.373272567987442,
    "chains_ptm": {
        "0": 0.9715692400932312,
        "1": 0.9082412123680115
    },
    "pair_chains_iptm": {
        "0": {
            "0": 0.9715692400932312,
            "1": 0.8341972827911377
        },
        "1": {
            "0": 0.9122287034988403,
            "1": 0.9082412123680115
        }
    }
}