{
    "confidence_score": 0.9181258082389832,
    "ptm": 0.958310067653656,
    "iptm": 0.9245917797088623,
    "ligand_iptm": 0.0,
    "protein_iptm": 0.9245917797088623,
    "complex_plddt": 0.9165093302726746,
    "complex_iplddt": 0.8815153241157532,
    "complex_pde": 0.26414114236831665,
    "complex_ipde": 0.3169030249118805,
    "chains_ptm": {
        "0": 0.971443235874176,
        "1": 0.908465564250946
    },
    "pair_chains_iptm": {
        "0": {
            "0": 0.971443235874176,
            "1": 0.8563234210014343
        },
        "1": {
            "0": 0.9245917797088623,
            "1": 0.908465564250946
        }
    }
}