{
    "confidence_score": 0.9322066307067871,
    "ptm": 0.9645893573760986,
    "iptm": 0.9370850324630737,
    "ligand_iptm": 0.0,
    "protein_iptm": 0.9370850324630737,
    "complex_plddt": 0.9309870004653931,
    "complex_iplddt": 0.9077793955802917,
    "complex_pde": 0.26530319452285767,
    "complex_ipde": 0.33009016513824463,
    "chains_ptm": {
        "0": 0.9775809049606323,
        "1": 0.9395073652267456
    },
    "pair_chains_iptm": {
        "0": {
            "0": 0.9775809049606323,
            "1": 0.8920068740844727
        },
        "1": {
            "0": 0.9370850324630737,
            "1": 0.9395073652267456
        }
    }
}