{
    "confidence_score": 0.9040160179138184,
    "ptm": 0.9604417681694031,
    "iptm": 0.9260916113853455,
    "ligand_iptm": 0.0,
    "protein_iptm": 0.9260916113853455,
    "complex_plddt": 0.8984971046447754,
    "complex_iplddt": 0.856955349445343,
    "complex_pde": 0.2668136954307556,
    "complex_ipde": 0.3360256552696228,
    "chains_ptm": {
        "0": 0.9756374359130859,
        "1": 0.9368559718132019
    },
    "pair_chains_iptm": {
        "0": {
            "0": 0.9756374359130859,
            "1": 0.8790310025215149
        },
        "1": {
            "0": 0.9260916113853455,
            "1": 0.9368559718132019
        }
    }
}