{
    "confidence_score": 0.9164236187934875,
    "ptm": 0.9538096189498901,
    "iptm": 0.9104304313659668,
    "ligand_iptm": 0.0,
    "protein_iptm": 0.9104304313659668,
    "complex_plddt": 0.9179219603538513,
    "complex_iplddt": 0.8860986232757568,
    "complex_pde": 0.27634483575820923,
    "complex_ipde": 0.36673882603645325,
    "chains_ptm": {
        "0": 0.9684971570968628,
        "1": 0.9140526056289673
    },
    "pair_chains_iptm": {
        "0": {
            "0": 0.9684971570968628,
            "1": 0.8484936952590942
        },
        "1": {
            "0": 0.9104304313659668,
            "1": 0.9140526056289673
        }
    }
}