{
    "confidence_score": 0.910970151424408,
    "ptm": 0.9461305737495422,
    "iptm": 0.9031124711036682,
    "ligand_iptm": 0.0,
    "protein_iptm": 0.9031124711036682,
    "complex_plddt": 0.9129344820976257,
    "complex_iplddt": 0.8840596675872803,
    "complex_pde": 0.27748602628707886,
    "complex_ipde": 0.363483190536499,
    "chains_ptm": {
        "0": 0.9621264338493347,
        "1": 0.9205296635627747
    },
    "pair_chains_iptm": {
        "0": {
            "0": 0.9621264338493347,
            "1": 0.8445537090301514
        },
        "1": {
            "0": 0.9031124711036682,
            "1": 0.9205296635627747
        }
    }
}