{
    "confidence_score": 0.8752031326293945,
    "ptm": 0.6612866520881653,
    "iptm": 0.641551673412323,
    "ligand_iptm": 0.0,
    "protein_iptm": 0.0,
    "complex_plddt": 0.933616042137146,
    "complex_iplddt": 0.9336159825325012,
    "complex_pde": 0.26078498363494873,
    "complex_ipde": 0.26345095038414,
    "chains_ptm": {
        "0": 0.6840601563453674,
        "1": 0.6798325181007385
    },
    "pair_chains_iptm": {
        "0": {
            "0": 0.6840601563453674,
            "1": 0.6410961151123047
        },
        "1": {
            "0": 0.641551673412323,
            "1": 0.6798325181007385
        }
    }
}