{
    "confidence_score": 0.8748181462287903,
    "ptm": 0.6547709703445435,
    "iptm": 0.6403464078903198,
    "ligand_iptm": 0.0,
    "protein_iptm": 0.0,
    "complex_plddt": 0.9334360957145691,
    "complex_iplddt": 0.9334361553192139,
    "complex_pde": 0.2592531144618988,
    "complex_ipde": 0.26147857308387756,
    "chains_ptm": {
        "0": 0.6768980026245117,
        "1": 0.6760148406028748
    },
    "pair_chains_iptm": {
        "0": {
            "0": 0.6768980026245117,
            "1": 0.6348613500595093
        },
        "1": {
            "0": 0.6403464078903198,
            "1": 0.6760148406028748
        }
    }
}