{
    "confidence_score": 0.8761248588562012,
    "ptm": 0.6644091606140137,
    "iptm": 0.6461320519447327,
    "ligand_iptm": 0.0,
    "protein_iptm": 0.0,
    "complex_plddt": 0.9336230158805847,
    "complex_iplddt": 0.9336230754852295,
    "complex_pde": 0.25972259044647217,
    "complex_ipde": 0.2619103789329529,
    "chains_ptm": {
        "0": 0.6830304861068726,
        "1": 0.6856210827827454
    },
    "pair_chains_iptm": {
        "0": {
            "0": 0.6830304861068726,
            "1": 0.6437414288520813
        },
        "1": {
            "0": 0.6461320519447327,
            "1": 0.6856210827827454
        }
    }
}