{
    "confidence_score": 0.8747596740722656,
    "ptm": 0.6573734879493713,
    "iptm": 0.6393130421638489,
    "ligand_iptm": 0.0,
    "protein_iptm": 0.0,
    "complex_plddt": 0.9336212873458862,
    "complex_iplddt": 0.933621346950531,
    "complex_pde": 0.2606903612613678,
    "complex_ipde": 0.26316046714782715,
    "chains_ptm": {
        "0": 0.6784803867340088,
        "1": 0.6758742332458496
    },
    "pair_chains_iptm": {
        "0": {
            "0": 0.6784803867340088,
            "1": 0.6393130421638489
        },
        "1": {
            "0": 0.6296117305755615,
            "1": 0.6758742332458496
        }
    }
}