{
    "confidence_score": 0.8764798045158386,
    "ptm": 0.6637532711029053,
    "iptm": 0.6488863825798035,
    "ligand_iptm": 0.0,
    "protein_iptm": 0.0,
    "complex_plddt": 0.9333782196044922,
    "complex_iplddt": 0.9333781599998474,
    "complex_pde": 0.25918036699295044,
    "complex_ipde": 0.2613375782966614,
    "chains_ptm": {
        "0": 0.6867967844009399,
        "1": 0.6846879124641418
    },
    "pair_chains_iptm": {
        "0": {
            "0": 0.6867967844009399,
            "1": 0.6459518671035767
        },
        "1": {
            "0": 0.6488863825798035,
            "1": 0.6846879124641418
        }
    }
}