{
    "confidence_score": 0.8756462931632996,
    "ptm": 0.660225510597229,
    "iptm": 0.6398631930351257,
    "ligand_iptm": 0.0,
    "protein_iptm": 0.0,
    "complex_plddt": 0.9345921277999878,
    "complex_iplddt": 0.9345920085906982,
    "complex_pde": 0.2619040906429291,
    "complex_ipde": 0.2647983431816101,
    "chains_ptm": {
        "0": 0.6802677512168884,
        "1": 0.6805874705314636
    },
    "pair_chains_iptm": {
        "0": {
            "0": 0.6802677512168884,
            "1": 0.6398631930351257
        },
        "1": {
            "0": 0.6349966526031494,
            "1": 0.6805874705314636
        }
    }
}