{
    "confidence_score": 0.7306647300720215,
    "ptm": 0.17565912008285522,
    "iptm": 0.12506352365016937,
    "ligand_iptm": 0.0,
    "protein_iptm": 0.12506352365016937,
    "complex_plddt": 0.8820650577545166,
    "complex_iplddt": 0.8971884250640869,
    "complex_pde": 0.2801080048084259,
    "complex_ipde": 0.3068380653858185,
    "chains_ptm": {
        "0": 0.229562908411026,
        "1": 0.21958588063716888
    },
    "pair_chains_iptm": {
        "0": {
            "0": 0.229562908411026,
            "1": 0.12506352365016937
        },
        "1": {
            "0": 0.12175512313842773,
            "1": 0.21958588063716888
        }
    }
}