{
    "confidence_score": 0.7441858649253845,
    "ptm": 0.19424812495708466,
    "iptm": 0.14406417310237885,
    "ligand_iptm": 0.0,
    "protein_iptm": 0.14406417310237885,
    "complex_plddt": 0.8942162394523621,
    "complex_iplddt": 0.9125651121139526,
    "complex_pde": 0.26764294505119324,
    "complex_ipde": 0.2845386266708374,
    "chains_ptm": {
        "0": 0.24908269941806793,
        "1": 0.23910391330718994
    },
    "pair_chains_iptm": {
        "0": {
            "0": 0.24908269941806793,
            "1": 0.14406417310237885
        },
        "1": {
            "0": 0.13941337168216705,
            "1": 0.23910391330718994
        }
    }
}