{
    "confidence_score": 0.752348005771637,
    "ptm": 0.19719426333904266,
    "iptm": 0.14591489732265472,
    "ligand_iptm": 0.0,
    "protein_iptm": 0.14591489732265472,
    "complex_plddt": 0.9039562940597534,
    "complex_iplddt": 0.9217568039894104,
    "complex_pde": 0.2715700566768646,
    "complex_ipde": 0.2931089997291565,
    "chains_ptm": {
        "0": 0.2454317957162857,
        "1": 0.24847343564033508
    },
    "pair_chains_iptm": {
        "0": {
            "0": 0.2454317957162857,
            "1": 0.14591489732265472
        },
        "1": {
            "0": 0.1388929784297943,
            "1": 0.24847343564033508
        }
    }
}