{
    "confidence_score": 0.7489392757415771,
    "ptm": 0.20069390535354614,
    "iptm": 0.1539846509695053,
    "ligand_iptm": 0.0,
    "protein_iptm": 0.1539846509695053,
    "complex_plddt": 0.8976779580116272,
    "complex_iplddt": 0.9143375754356384,
    "complex_pde": 0.26723629236221313,
    "complex_ipde": 0.28167635202407837,
    "chains_ptm": {
        "0": 0.24740293622016907,
        "1": 0.24720963835716248
    },
    "pair_chains_iptm": {
        "0": {
            "0": 0.24740293622016907,
            "1": 0.15345822274684906
        },
        "1": {
            "0": 0.1539846509695053,
            "1": 0.24720963835716248
        }
    }
}