{
    "confidence_score": 0.7492260336875916,
    "ptm": 0.19670118391513824,
    "iptm": 0.14529837667942047,
    "ligand_iptm": 0.0,
    "protein_iptm": 0.14529837667942047,
    "complex_plddt": 0.9002079367637634,
    "complex_iplddt": 0.9180395603179932,
    "complex_pde": 0.2719041109085083,
    "complex_ipde": 0.28181347250938416,
    "chains_ptm": {
        "0": 0.2509736120700836,
        "1": 0.24315130710601807
    },
    "pair_chains_iptm": {
        "0": {
            "0": 0.2509736120700836,
            "1": 0.14529837667942047
        },
        "1": {
            "0": 0.14242853224277496,
            "1": 0.24315130710601807
        }
    }
}