{
    "confidence_score": 0.7609068751335144,
    "ptm": 0.2092602401971817,
    "iptm": 0.15850336849689484,
    "ligand_iptm": 0.0,
    "protein_iptm": 0.15850336849689484,
    "complex_plddt": 0.9115077257156372,
    "complex_iplddt": 0.9282265901565552,
    "complex_pde": 0.26545092463493347,
    "complex_ipde": 0.27854108810424805,
    "chains_ptm": {
        "0": 0.2608106732368469,
        "1": 0.25602012872695923
    },
    "pair_chains_iptm": {
        "0": {
            "0": 0.2608106732368469,
            "1": 0.15850336849689484
        },
        "1": {
            "0": 0.15770961344242096,
            "1": 0.25602012872695923
        }
    }
}