{
    "confidence_score": 0.7468252778053284,
    "ptm": 0.18978241086006165,
    "iptm": 0.1428033858537674,
    "ligand_iptm": 0.0,
    "protein_iptm": 0.1428033858537674,
    "complex_plddt": 0.8978307247161865,
    "complex_iplddt": 0.8915043473243713,
    "complex_pde": 0.2778472602367401,
    "complex_ipde": 0.29574790596961975,
    "chains_ptm": {
        "0": 0.23676124215126038,
        "1": 0.2334427535533905
    },
    "pair_chains_iptm": {
        "0": {
            "0": 0.23676124215126038,
            "1": 0.13980244100093842
        },
        "1": {
            "0": 0.1428033858537674,
            "1": 0.2334427535533905
        }
    }
}