{
    "confidence_score": 0.7420589923858643,
    "ptm": 0.19160927832126617,
    "iptm": 0.14420238137245178,
    "ligand_iptm": 0.0,
    "protein_iptm": 0.14420238137245178,
    "complex_plddt": 0.8915231227874756,
    "complex_iplddt": 0.9111557006835938,
    "complex_pde": 0.27337610721588135,
    "complex_ipde": 0.2885247766971588,
    "chains_ptm": {
        "0": 0.2357199639081955,
        "1": 0.23901596665382385
    },
    "pair_chains_iptm": {
        "0": {
            "0": 0.2357199639081955,
            "1": 0.14420238137245178
        },
        "1": {
            "0": 0.14120471477508545,
            "1": 0.23901596665382385
        }
    }
}