{
    "confidence_score": 0.7514459490776062,
    "ptm": 0.2016400843858719,
    "iptm": 0.1512472927570343,
    "ligand_iptm": 0.0,
    "protein_iptm": 0.1512472927570343,
    "complex_plddt": 0.901495635509491,
    "complex_iplddt": 0.9188202023506165,
    "complex_pde": 0.2659185230731964,
    "complex_ipde": 0.28144022822380066,
    "chains_ptm": {
        "0": 0.2501341998577118,
        "1": 0.25203266739845276
    },
    "pair_chains_iptm": {
        "0": {
            "0": 0.2501341998577118,
            "1": 0.1512472927570343
        },
        "1": {
            "0": 0.14693205058574677,
            "1": 0.25203266739845276
        }
    }
}