{
    "confidence_score": 0.7519247531890869,
    "ptm": 0.1996738314628601,
    "iptm": 0.1495005339384079,
    "ligand_iptm": 0.0,
    "protein_iptm": 0.1495005339384079,
    "complex_plddt": 0.9025307893753052,
    "complex_iplddt": 0.9212445020675659,
    "complex_pde": 0.27370887994766235,
    "complex_ipde": 0.2880733907222748,
    "chains_ptm": {
        "0": 0.2546654939651489,
        "1": 0.24223598837852478
    },
    "pair_chains_iptm": {
        "0": {
            "0": 0.2546654939651489,
            "1": 0.1495005339384079
        },
        "1": {
            "0": 0.144681915640831,
            "1": 0.24223598837852478
        }
    }
}