{
    "confidence_score": 0.7773404717445374,
    "ptm": 0.8655871748924255,
    "iptm": 0.5246616005897522,
    "ligand_iptm": 0.0,
    "protein_iptm": 0.5246616005897522,
    "complex_plddt": 0.8405101895332336,
    "complex_iplddt": 0.7783036828041077,
    "complex_pde": 0.6058451533317566,
    "complex_ipde": 6.7047810554504395,
    "chains_ptm": {
        "0": 0.9698127508163452,
        "1": 0.8361968398094177
    },
    "pair_chains_iptm": {
        "0": {
            "0": 0.9698127508163452,
            "1": 0.45546430349349976
        },
        "1": {
            "0": 0.5246616005897522,
            "1": 0.8361968398094177
        }
    }
}