{
    "confidence_score": 0.7725028395652771,
    "ptm": 0.8683043718338013,
    "iptm": 0.5293381810188293,
    "ligand_iptm": 0.0,
    "protein_iptm": 0.5293381810188293,
    "complex_plddt": 0.8332940340042114,
    "complex_iplddt": 0.7789285182952881,
    "complex_pde": 0.5058870911598206,
    "complex_ipde": 4.571198463439941,
    "chains_ptm": {
        "0": 0.9704771637916565,
        "1": 0.905785322189331
    },
    "pair_chains_iptm": {
        "0": {
            "0": 0.9704771637916565,
            "1": 0.46221938729286194
        },
        "1": {
            "0": 0.5293381810188293,
            "1": 0.905785322189331
        }
    }
}