{
    "confidence_score": 0.7715343236923218,
    "ptm": 0.8802149295806885,
    "iptm": 0.5813925862312317,
    "ligand_iptm": 0.0,
    "protein_iptm": 0.5813925862312317,
    "complex_plddt": 0.8190697431564331,
    "complex_iplddt": 0.7416632175445557,
    "complex_pde": 0.5302872061729431,
    "complex_ipde": 5.585451126098633,
    "chains_ptm": {
        "0": 0.973111629486084,
        "1": 0.8460511565208435
    },
    "pair_chains_iptm": {
        "0": {
            "0": 0.973111629486084,
            "1": 0.5034978985786438
        },
        "1": {
            "0": 0.5813925862312317,
            "1": 0.8460511565208435
        }
    }
}