{
    "confidence_score": 0.8380982279777527,
    "ptm": 0.9256764650344849,
    "iptm": 0.7605656385421753,
    "ligand_iptm": 0.0,
    "protein_iptm": 0.7605656385421753,
    "complex_plddt": 0.8574814200401306,
    "complex_iplddt": 0.8080288767814636,
    "complex_pde": 0.4139721095561981,
    "complex_ipde": 2.915339469909668,
    "chains_ptm": {
        "0": 0.9759736061096191,
        "1": 0.9073839783668518
    },
    "pair_chains_iptm": {
        "0": {
            "0": 0.9759736061096191,
            "1": 0.7112597823143005
        },
        "1": {
            "0": 0.7605656385421753,
            "1": 0.9073839783668518
        }
    }
}