{
    "confidence_score": 0.8049505352973938,
    "ptm": 0.9409253001213074,
    "iptm": 0.8247514367103577,
    "ligand_iptm": 0.0,
    "protein_iptm": 0.8247514367103577,
    "complex_plddt": 0.8000002503395081,
    "complex_iplddt": 0.7575829029083252,
    "complex_pde": 0.38420340418815613,
    "complex_ipde": 1.6374030113220215,
    "chains_ptm": {
        "0": 0.9762393236160278,
        "1": 0.8960139155387878
    },
    "pair_chains_iptm": {
        "0": {
            "0": 0.9762393236160278,
            "1": 0.7603380084037781
        },
        "1": {
            "0": 0.8247514367103577,
            "1": 0.8960139155387878
        }
    }
}