{
    "confidence_score": 0.7837263941764832,
    "ptm": 0.8956297039985657,
    "iptm": 0.639177143573761,
    "ligand_iptm": 0.0,
    "protein_iptm": 0.639177143573761,
    "complex_plddt": 0.8198636770248413,
    "complex_iplddt": 0.7382818460464478,
    "complex_pde": 0.45105883479118347,
    "complex_ipde": 3.734640598297119,
    "chains_ptm": {
        "0": 0.9777394533157349,
        "1": 0.8790284991264343
    },
    "pair_chains_iptm": {
        "0": {
            "0": 0.9777394533157349,
            "1": 0.551218569278717
        },
        "1": {
            "0": 0.639177143573761,
            "1": 0.8790284991264343
        }
    }
}