{
    "confidence_score": 0.7976331114768982,
    "ptm": 0.9020910859107971,
    "iptm": 0.6710700988769531,
    "ligand_iptm": 0.0,
    "protein_iptm": 0.6710700988769531,
    "complex_plddt": 0.8292738199234009,
    "complex_iplddt": 0.7664878964424133,
    "complex_pde": 0.4690049886703491,
    "complex_ipde": 4.070990085601807,
    "chains_ptm": {
        "0": 0.9753679633140564,
        "1": 0.8660612106323242
    },
    "pair_chains_iptm": {
        "0": {
            "0": 0.9753679633140564,
            "1": 0.5886446833610535
        },
        "1": {
            "0": 0.6710700988769531,
            "1": 0.8660612106323242
        }
    }
}