{
    "confidence_score": 0.8448366522789001,
    "ptm": 0.9408469200134277,
    "iptm": 0.8314697742462158,
    "ligand_iptm": 0.0,
    "protein_iptm": 0.8314697742462158,
    "complex_plddt": 0.8481783270835876,
    "complex_iplddt": 0.7808654308319092,
    "complex_pde": 0.37814876437187195,
    "complex_ipde": 1.7256091833114624,
    "chains_ptm": {
        "0": 0.9745800495147705,
        "1": 0.8913986086845398
    },
    "pair_chains_iptm": {
        "0": {
            "0": 0.9745800495147705,
            "1": 0.7991255521774292
        },
        "1": {
            "0": 0.8314697742462158,
            "1": 0.8913986086845398
        }
    }
}