{
    "confidence_score": 0.6531636714935303,
    "ptm": 0.7316915988922119,
    "iptm": 0.058050334453582764,
    "ligand_iptm": 0.0,
    "protein_iptm": 0.058050334453582764,
    "complex_plddt": 0.801941990852356,
    "complex_iplddt": 0.801941990852356,
    "complex_pde": 1.1142477989196777,
    "complex_ipde": 18.020343780517578,
    "chains_ptm": {
        "0": 0.9330894351005554,
        "1": 0.8021180629730225
    },
    "pair_chains_iptm": {
        "0": {
            "0": 0.9330894351005554,
            "1": 0.05169379338622093
        },
        "1": {
            "0": 0.058050334453582764,
            "1": 0.8021180629730225
        }
    }
}