{
    "confidence_score": 0.7252746224403381,
    "ptm": 0.79442298412323,
    "iptm": 0.28840669989585876,
    "ligand_iptm": 0.0,
    "protein_iptm": 0.28840669989585876,
    "complex_plddt": 0.8344916105270386,
    "complex_iplddt": 0.7608097195625305,
    "complex_pde": 0.8053016066551208,
    "complex_ipde": 9.948394775390625,
    "chains_ptm": {
        "0": 0.9493546485900879,
        "1": 0.7788277864456177
    },
    "pair_chains_iptm": {
        "0": {
            "0": 0.9493546485900879,
            "1": 0.26023414731025696
        },
        "1": {
            "0": 0.28840669989585876,
            "1": 0.7788277864456177
        }
    }
}