{
    "confidence_score": 0.4433043897151947,
    "ptm": 0.5078717470169067,
    "iptm": 0.43872278928756714,
    "ligand_iptm": 0.0,
    "protein_iptm": 0.43872278928756714,
    "complex_plddt": 0.4444498121738434,
    "complex_iplddt": 0.4522426426410675,
    "complex_pde": 1.5893067121505737,
    "complex_ipde": 3.878528118133545,
    "chains_ptm": {
        "0": 0.5888492465019226,
        "1": 0.47093138098716736
    },
    "pair_chains_iptm": {
        "0": {
            "0": 0.5888492465019226,
            "1": 0.43872278928756714
        },
        "1": {
            "0": 0.42820024490356445,
            "1": 0.47093138098716736
        }
    }
}