{
    "confidence_score": 0.5616447329521179,
    "ptm": 0.7278103828430176,
    "iptm": 0.7267947196960449,
    "ligand_iptm": 0.0,
    "protein_iptm": 0.7267947196960449,
    "complex_plddt": 0.5203571915626526,
    "complex_iplddt": 0.5115162134170532,
    "complex_pde": 0.4611864984035492,
    "complex_ipde": 0.7449912428855896,
    "chains_ptm": {
        "0": 0.7008897662162781,
        "1": 0.7543001770973206
    },
    "pair_chains_iptm": {
        "0": {
            "0": 0.7008897662162781,
            "1": 0.7008861303329468
        },
        "1": {
            "0": 0.7267947196960449,
            "1": 0.7543001770973206
        }
    }
}