{
    "confidence_score": 0.4240495264530182,
    "ptm": 0.3416016697883606,
    "iptm": 0.22784669697284698,
    "ligand_iptm": 0.0,
    "protein_iptm": 0.22784669697284698,
    "complex_plddt": 0.4731002449989319,
    "complex_iplddt": 0.47962090373039246,
    "complex_pde": 2.124533176422119,
    "complex_ipde": 5.794558525085449,
    "chains_ptm": {
        "0": 0.46099981665611267,
        "1": 0.3108607530593872
    },
    "pair_chains_iptm": {
        "0": {
            "0": 0.46099981665611267,
            "1": 0.22784669697284698
        },
        "1": {
            "0": 0.22412921488285065,
            "1": 0.3108607530593872
        }
    }
}