{
    "confidence_score": 0.5435571074485779,
    "ptm": 0.9145604372024536,
    "iptm": 0.906112015247345,
    "ligand_iptm": 0.0,
    "protein_iptm": 0.906112015247345,
    "complex_plddt": 0.4529183506965637,
    "complex_iplddt": 0.4608624577522278,
    "complex_pde": 0.40125054121017456,
    "complex_ipde": 0.6738563179969788,
    "chains_ptm": {
        "0": 0.9231473207473755,
        "1": 0.8548560738563538
    },
    "pair_chains_iptm": {
        "0": {
            "0": 0.9231473207473755,
            "1": 0.8692300319671631
        },
        "1": {
            "0": 0.906112015247345,
            "1": 0.8548560738563538
        }
    }
}