{
    "confidence_score": 0.4481895864009857,
    "ptm": 0.4455280900001526,
    "iptm": 0.3544486165046692,
    "ligand_iptm": 0.0,
    "protein_iptm": 0.3544486165046692,
    "complex_plddt": 0.47162482142448425,
    "complex_iplddt": 0.4800538420677185,
    "complex_pde": 2.0106453895568848,
    "complex_ipde": 5.787317276000977,
    "chains_ptm": {
        "0": 0.5425930619239807,
        "1": 0.41790759563446045
    },
    "pair_chains_iptm": {
        "0": {
            "0": 0.5425930619239807,
            "1": 0.3335302174091339
        },
        "1": {
            "0": 0.3544486165046692,
            "1": 0.41790759563446045
        }
    }
}