{
    "confidence_score": 0.5247469544410706,
    "ptm": 0.8053159117698669,
    "iptm": 0.777556836605072,
    "ligand_iptm": 0.0,
    "protein_iptm": 0.777556836605072,
    "complex_plddt": 0.4615444839000702,
    "complex_iplddt": 0.46268007159233093,
    "complex_pde": 0.7417712211608887,
    "complex_ipde": 1.7186260223388672,
    "chains_ptm": {
        "0": 0.8335299491882324,
        "1": 0.7880029678344727
    },
    "pair_chains_iptm": {
        "0": {
            "0": 0.8335299491882324,
            "1": 0.7301626205444336
        },
        "1": {
            "0": 0.777556836605072,
            "1": 0.7880029678344727
        }
    }
}