{
    "confidence_score": 0.5393751263618469,
    "ptm": 0.8198176026344299,
    "iptm": 0.7947990298271179,
    "ligand_iptm": 0.0,
    "protein_iptm": 0.7947990298271179,
    "complex_plddt": 0.4755191206932068,
    "complex_iplddt": 0.4804398715496063,
    "complex_pde": 0.6564855575561523,
    "complex_ipde": 1.422474980354309,
    "chains_ptm": {
        "0": 0.8452459573745728,
        "1": 0.8163225650787354
    },
    "pair_chains_iptm": {
        "0": {
            "0": 0.8452459573745728,
            "1": 0.7884132266044617
        },
        "1": {
            "0": 0.7947990298271179,
            "1": 0.8163225650787354
        }
    }
}