{
    "confidence_score": 0.5536232590675354,
    "ptm": 0.7238767743110657,
    "iptm": 0.729708731174469,
    "ligand_iptm": 0.0,
    "protein_iptm": 0.729708731174469,
    "complex_plddt": 0.509601891040802,
    "complex_iplddt": 0.5040987730026245,
    "complex_pde": 0.559405505657196,
    "complex_ipde": 0.9469956755638123,
    "chains_ptm": {
        "0": 0.7249032855033875,
        "1": 0.7455755472183228
    },
    "pair_chains_iptm": {
        "0": {
            "0": 0.7249032855033875,
            "1": 0.6971458196640015
        },
        "1": {
            "0": 0.729708731174469,
            "1": 0.7455755472183228
        }
    }
}