{
    "confidence_score": 0.5478628277778625,
    "ptm": 0.7437265515327454,
    "iptm": 0.7556419968605042,
    "ligand_iptm": 0.0,
    "protein_iptm": 0.7556419968605042,
    "complex_plddt": 0.49591803550720215,
    "complex_iplddt": 0.49410179257392883,
    "complex_pde": 0.45711246132850647,
    "complex_ipde": 0.7777087688446045,
    "chains_ptm": {
        "0": 0.7316156029701233,
        "1": 0.739296555519104
    },
    "pair_chains_iptm": {
        "0": {
            "0": 0.7316156029701233,
            "1": 0.6869722604751587
        },
        "1": {
            "0": 0.7556419968605042,
            "1": 0.739296555519104
        }
    }
}