{
    "confidence_score": 0.4796992242336273,
    "ptm": 0.5844467878341675,
    "iptm": 0.517593264579773,
    "ligand_iptm": 0.0,
    "protein_iptm": 0.517593264579773,
    "complex_plddt": 0.4702256917953491,
    "complex_iplddt": 0.472063809633255,
    "complex_pde": 1.3646678924560547,
    "complex_ipde": 3.639066457748413,
    "chains_ptm": {
        "0": 0.652396023273468,
        "1": 0.5591205954551697
    },
    "pair_chains_iptm": {
        "0": {
            "0": 0.652396023273468,
            "1": 0.47926265001296997
        },
        "1": {
            "0": 0.517593264579773,
            "1": 0.5591205954551697
        }
    }
}