{"records": [{"id": "9xap_combined", "structure": {"resolution": null, "method": null, "deposited": null, "released": null, "revised": null, "num_chains": 2, "num_interfaces": null, "pH": null, "temperature": null}, "chains": [{"chain_id": 0, "chain_name": "A", "mol_type": 0, "cluster_id": -1, "msa_id": "9xap_combined_0", "num_residues": 21, "valid": true, "entity_id": 0}, {"chain_id": 1, "chain_name": "B", "mol_type": 0, "cluster_id": -1, "msa_id": "9xap_combined_0", "num_residues": 21, "valid": true, "entity_id": 0}], "interfaces": [], "inference_options": {"pocket_constraints": [], "contact_constraints": [], "atom_contact_constraints": [[[0, 0, 1], [0, 1, 4], 5.62, true], [[0, 1, 8], [0, 1, 4], 5.32, true], [[0, 2, 17], [0, 3, 22], 5.220001, true], [[0, 2, 20], [0, 2, 16], 6.34, true], [[0, 2, 20], [0, 3, 22], 5.83, true], [[0, 2, 20], [0, 18, 149], 6.8, true], [[0, 2, 20], [0, 19, 161], 3.1, true], [[0, 2, 21], [0, 19, 160], 3.1, true], [[0, 2, 21], [0, 19, 161], 2.1, true], [[0, 3, 24], [0, 17, 134], 4.48, true], [[0, 3, 23], [0, 3, 26], 5.24, true], [[0, 3, 23], [0, 4, 33], 5.220001, true], [[0, 3, 26], [0, 3, 22], 5.83, true], [[0, 3, 26], [0, 4, 33], 5.24, true], [[0, 3, 32], [0, 5, 44], 6.731505, true], [[0, 3, 32], [0, 17, 139], 6.42, true], [[0, 3, 32], [0, 18, 151], 5.51, true], [[0, 3, 22], [0, 17, 136], 4.48, true], [[0, 3, 22], [0, 17, 137], 3.4, true], [[0, 3, 22], [0, 18, 147], 4.48, true], [[0, 3, 22], [0, 18, 149], 6.390001, true], [[0, 3, 22], [0, 18, 148], 3.4, true], [[0, 3, 22], [0, 19, 157], 6.78, true], [[0, 3, 25], [0, 17, 134], 3.4, true], [[0, 4, 34], [0, 4, 39], 5.698699, true], [[0, 4, 37], [0, 4, 33], 5.67, true], [[0, 4, 37], [0, 5, 40], 5.34, true], [[0, 4, 39], [0, 4, 33], 6.943701, true], [[0, 4, 39], [0, 5, 40], 6.295196, true], [[0, 4, 39], [0, 15, 120], 5.734727, true], [[0, 4, 39], [0, 16, 122], 7.075805, true], [[0, 5, 44], [0, 5, 40], 5.994961, true], [[0, 5, 44], [0, 16, 122], 7.892442, true], [[0, 5, 44], [0, 17, 134], 7.54417, true], [[0, 5, 40], [0, 16, 122], 5.87, true], [[0, 5, 40], [0, 17, 134], 6.63, true], [[0, 6, 47], [0, 9, 67], 4.48, true], [[0, 6, 49], [0, 6, 45], 5.75, true], [[0, 6, 49], [0, 7, 55], 8.893191, true], [[0, 6, 49], [0, 15, 121], 3.1, true], [[0, 6, 45], [0, 7, 55], 7.688282, true], [[0, 6, 48], [0, 9, 67], 3.4, true], [[0, 6, 50], [0, 15, 120], 3.1, true], [[0, 6, 50], [0, 15, 121], 2.1, true], [[0, 7, 53], [0, 10, 78], 4.48, true], [[0, 7, 53], [0, 11, 86], 4.48, true], [[0, 7, 55], [0, 11, 87], 6.803561, true], [[0, 7, 54], [0, 10, 78], 3.4, true], [[0, 7, 54], [0, 11, 86], 3.4, true], [[0, 8, 60], [0, 8, 62], 5.67, true], [[0, 8, 60], [0, 8, 56], 5.78, true], [[0, 8, 60], [0, 9, 71], 6.25, true], [[0, 8, 60], [0, 13, 98], 6.33, true], [[0, 8, 60], [1, 27, 219], 6.69, true], [[0, 8, 60], [1, 27, 215], 6.45, true], [[0, 8, 60], [1, 28, 222], 6.74, true], [[0, 8, 60], [1, 32, 257], 6.140001, true], [[0, 9, 69], [0, 12, 90], 4.48, true], [[0, 9, 68], [0, 9, 72], 6.140001, true], [[0, 9, 68], [0, 10, 78], 5.03, true], [[0, 9, 71], [0, 9, 72], 4.640001, true], [[0, 9, 71], [0, 9, 67], 6.2, true], [[0, 9, 73], [0, 9, 67], 7.47, true], [[0, 9, 72], [0, 9, 67], 7.060001, true], [[0, 9, 67], [0, 12, 90], 6.01, true], [[0, 9, 70], [0, 12, 90], 3.4, true], [[0, 10, 79], [0, 10, 82], 5.060001, true], [[0, 10, 79], [0, 10, 78], 5.08, true], [[0, 11, 86], [0, 12, 90], 5.6, true], [[0, 12, 94], [0, 12, 90], 5.95, true], [[0, 12, 94], [0, 13, 97], 6.640001, true], [[0, 13, 102], [1, 27, 219], 5.960001, true], [[0, 13, 102], [1, 32, 257], 5.66, true], [[0, 14, 109], [0, 14, 115], 6.515336, true], [[0, 14, 109], [0, 14, 114], 7.331973, true], [[0, 14, 109], [0, 15, 116], 5.25, true], [[0, 14, 112], [0, 14, 115], 5.986924, true], [[0, 14, 112], [0, 14, 108], 6.01, true], [[0, 14, 115], [0, 14, 114], 7.114804, true], [[0, 14, 115], [0, 14, 108], 7.003748, true], [[0, 14, 115], [0, 15, 116], 6.607439, true], [[0, 14, 115], [0, 16, 122], 7.231926, true], [[0, 14, 113], [0, 14, 114], 6.203092, true], [[0, 15, 117], [0, 16, 122], 5.23, true], [[0, 15, 120], [0, 15, 116], 5.73, true], [[0, 15, 120], [0, 16, 122], 6.02, true], [[0, 16, 124], [1, 25, 203], 4.48, true], [[0, 16, 123], [0, 17, 134], 5.45, true], [[0, 16, 126], [0, 16, 122], 6.21, true], [[0, 16, 126], [0, 17, 134], 6.42, true], [[0, 16, 125], [1, 25, 203], 3.4, true], [[0, 17, 138], [0, 17, 140], 5.880001, true], [[0, 17, 138], [0, 17, 139], 4.84, true], [[0, 17, 138], [0, 17, 134], 5.6, true], [[0, 17, 139], [0, 17, 134], 6.32, true], [[0, 18, 149], [0, 18, 151], 5.43, true], [[0, 18, 149], [0, 18, 145], 5.810001, true], [[0, 18, 145], [1, 23, 188], 4.48, true], [[0, 18, 145], [1, 23, 189], 3.4, true], [[0, 18, 145], [1, 24, 192], 6.66, true], [[0, 19, 157], [0, 20, 162], 5.37, true], [[0, 19, 160], [0, 19, 156], 5.35, true], [[0, 19, 160], [0, 20, 162], 6.24, true], [[0, 20, 163], [0, 20, 166], 5.07, true], [[0, 20, 166], [0, 20, 162], 6.07, true], [[1, 21, 171], [1, 22, 174], 5.62, true], [[1, 22, 178], [1, 22, 174], 5.32, true], [[1, 23, 187], [1, 24, 192], 5.220001, true], [[1, 23, 190], [1, 23, 186], 6.34, true], [[1, 23, 190], [1, 24, 192], 5.83, true], [[1, 23, 190], [1, 39, 319], 6.8, true], [[1, 23, 190], [1, 40, 331], 3.1, true], [[1, 23, 191], [1, 40, 330], 3.1, true], [[1, 23, 191], [1, 40, 331], 2.1, true], [[1, 24, 194], [1, 38, 304], 4.48, true], [[1, 24, 193], [1, 24, 196], 5.24, true], [[1, 24, 193], [1, 25, 203], 5.220001, true], [[1, 24, 196], [1, 24, 192], 5.83, true], [[1, 24, 196], [1, 25, 203], 5.24, true], [[1, 24, 202], [1, 26, 214], 5.98, true], [[1, 24, 202], [1, 38, 309], 6.42, true], [[1, 24, 202], [1, 39, 321], 5.51, true], [[1, 24, 192], [1, 38, 306], 4.48, true], [[1, 24, 192], [1, 38, 307], 3.4, true], [[1, 24, 192], [1, 39, 317], 4.48, true], [[1, 24, 192], [1, 39, 319], 6.390001, true], [[1, 24, 192], [1, 39, 318], 3.4, true], [[1, 24, 192], [1, 40, 327], 6.78, true], [[1, 24, 195], [1, 38, 304], 3.4, true], [[1, 25, 204], [1, 25, 209], 5.12, true], [[1, 25, 207], [1, 25, 203], 5.67, true], [[1, 25, 207], [1, 26, 210], 5.34, true], [[1, 25, 209], [1, 25, 203], 6.15, true], [[1, 25, 209], [1, 26, 210], 5.61, true], [[1, 25, 209], [1, 36, 290], 5.15, true], [[1, 25, 209], [1, 37, 292], 6.26, true], [[1, 26, 214], [1, 26, 210], 5.36, true], [[1, 26, 214], [1, 37, 292], 6.94, true], [[1, 26, 214], [1, 38, 304], 6.65, true], [[1, 26, 210], [1, 37, 292], 5.87, true], [[1, 26, 210], [1, 38, 304], 6.63, true], [[1, 27, 217], [1, 30, 237], 4.48, true], [[1, 27, 219], [1, 27, 215], 5.75, true], [[1, 27, 219], [1, 28, 225], 7.78, true], [[1, 27, 219], [1, 36, 291], 3.1, true], [[1, 27, 215], [1, 28, 225], 6.770001, true], [[1, 27, 218], [1, 30, 237], 3.4, true], [[1, 27, 220], [1, 36, 290], 3.1, true], [[1, 27, 220], [1, 36, 291], 2.1, true], [[1, 28, 223], [1, 31, 248], 4.48, true], [[1, 28, 223], [1, 32, 256], 4.48, true], [[1, 28, 225], [1, 32, 257], 6.04, true], [[1, 28, 224], [1, 31, 248], 3.4, true], [[1, 28, 224], [1, 32, 256], 3.4, true], [[1, 29, 230], [1, 29, 232], 5.67, true], [[1, 29, 230], [1, 29, 226], 5.78, true], [[1, 29, 230], [1, 30, 241], 6.25, true], [[1, 29, 230], [1, 34, 268], 6.33, true], [[1, 30, 239], [1, 33, 260], 4.48, true], [[1, 30, 238], [1, 30, 242], 6.140001, true], [[1, 30, 238], [1, 31, 248], 5.03, true], [[1, 30, 241], [1, 30, 242], 4.640001, true], [[1, 30, 241], [1, 30, 237], 6.2, true], [[1, 30, 243], [1, 30, 237], 7.47, true], [[1, 30, 242], [1, 30, 237], 7.060001, true], [[1, 30, 237], [1, 33, 260], 6.01, true], [[1, 30, 240], [1, 33, 260], 3.4, true], [[1, 31, 249], [1, 31, 252], 5.060001, true], [[1, 31, 249], [1, 31, 248], 5.08, true], [[1, 32, 256], [1, 33, 260], 5.6, true], [[1, 33, 264], [1, 33, 260], 5.95, true], [[1, 33, 264], [1, 34, 267], 6.640001, true], [[1, 35, 279], [1, 35, 285], 5.800001, true], [[1, 35, 279], [1, 35, 284], 6.48, true], [[1, 35, 279], [1, 36, 286], 5.25, true], [[1, 35, 282], [1, 35, 285], 5.36, true], [[1, 35, 282], [1, 35, 278], 6.01, true], 