{
    "confidence_score": 0.6750636100769043,
    "ptm": 0.5389033555984497,
    "iptm": 0.5406755805015564,
    "ligand_iptm": 0.0,
    "protein_iptm": 0.5406755805015564,
    "complex_plddt": 0.7086606025695801,
    "complex_iplddt": 0.7638275623321533,
    "complex_pde": 1.0561918020248413,
    "complex_ipde": 2.6614980697631836,
    "chains_ptm": {
        "0": 0.5366058945655823,
        "1": 0.6130176186561584
    },
    "pair_chains_iptm": {
        "0": {
            "0": 0.5366058945655823,
            "1": 0.4427739083766937
        },
        "1": {
            "0": 0.5406755805015564,
            "1": 0.6130176186561584
        }
    }
}