{
    "confidence_score": 0.6781623959541321,
    "ptm": 0.5269003510475159,
    "iptm": 0.5494036078453064,
    "ligand_iptm": 0.0,
    "protein_iptm": 0.5494036078453064,
    "complex_plddt": 0.7103520631790161,
    "complex_iplddt": 0.7312136888504028,
    "complex_pde": 1.117132544517517,
    "complex_ipde": 3.0631377696990967,
    "chains_ptm": {
        "0": 0.48364001512527466,
        "1": 0.6218366622924805
    },
    "pair_chains_iptm": {
        "0": {
            "0": 0.48364001512527466,
            "1": 0.4061378538608551
        },
        "1": {
            "0": 0.5494036078453064,
            "1": 0.6218366622924805
        }
    }
}