{
    "confidence_score": 0.6692431569099426,
    "ptm": 0.5141334533691406,
    "iptm": 0.531706690788269,
    "ligand_iptm": 0.0,
    "protein_iptm": 0.531706690788269,
    "complex_plddt": 0.7036272883415222,
    "complex_iplddt": 0.714461088180542,
    "complex_pde": 1.1780387163162231,
    "complex_ipde": 3.1819074153900146,
    "chains_ptm": {
        "0": 0.49504661560058594,
        "1": 0.603981614112854
    },
    "pair_chains_iptm": {
        "0": {
            "0": 0.49504661560058594,
            "1": 0.40451547503471375
        },
        "1": {
            "0": 0.531706690788269,
            "1": 0.603981614112854
        }
    }
}