{
    "confidence_score": 0.9585520625114441,
    "ptm": 0.9282156825065613,
    "iptm": 0.0,
    "ligand_iptm": 0.0,
    "protein_iptm": 0.0,
    "complex_plddt": 0.9661361575126648,
    "complex_iplddt": 0.9661361575126648,
    "complex_pde": 0.3800899386405945,
    "complex_ipde": 0.0,
    "chains_ptm": {
        "0": 0.9282156825065613
    },
    "pair_chains_iptm": {
        "0": {
            "0": 0.9282156825065613
        }
    }
}