{
    "confidence_score": 0.4819973409175873,
    "ptm": 0.5595173835754395,
    "iptm": 0.4971178472042084,
    "ligand_iptm": 0.0,
    "protein_iptm": 0.0,
    "complex_plddt": 0.4782172441482544,
    "complex_iplddt": 0.4766753613948822,
    "complex_pde": 0.46844813227653503,
    "complex_ipde": 0.591530442237854,
    "chains_ptm": {
        "0": 0.6695313453674316,
        "1": 0.6568149328231812
    },
    "pair_chains_iptm": {
        "0": {
            "0": 0.6695313453674316,
            "1": 0.45619848370552063
        },
        "1": {
            "0": 0.4971178472042084,
            "1": 0.6568149328231812
        }
    }
}