{
    "confidence_score": 0.47804003953933716,
    "ptm": 0.5126620531082153,
    "iptm": 0.41297581791877747,
    "ligand_iptm": 0.0,
    "protein_iptm": 0.0,
    "complex_plddt": 0.4943060874938965,
    "complex_iplddt": 0.48960697650909424,
    "complex_pde": 0.602327287197113,
    "complex_ipde": 0.7785502672195435,
    "chains_ptm": {
        "0": 0.634633481502533,
        "1": 0.6188052892684937
    },
    "pair_chains_iptm": {
        "0": {
            "0": 0.634633481502533,
            "1": 0.4032834768295288
        },
        "1": {
            "0": 0.41297581791877747,
            "1": 0.6188052892684937
        }
    }
}