{
    "confidence_score": 0.4878033697605133,
    "ptm": 0.5931931138038635,
    "iptm": 0.5608559250831604,
    "ligand_iptm": 0.0,
    "protein_iptm": 0.0,
    "complex_plddt": 0.46954020857810974,
    "complex_iplddt": 0.46816420555114746,
    "complex_pde": 0.3707324266433716,
    "complex_ipde": 0.4153907597064972,
    "chains_ptm": {
        "0": 0.6766871213912964,
        "1": 0.6806680560112
    },
    "pair_chains_iptm": {
        "0": {
            "0": 0.6766871213912964,
            "1": 0.5451318025588989
        },
        "1": {
            "0": 0.5608559250831604,
            "1": 0.6806680560112
        }
    }
}