{
    "confidence_score": 0.5022556185722351,
    "ptm": 0.5452712774276733,
    "iptm": 0.49882012605667114,
    "ligand_iptm": 0.0,
    "protein_iptm": 0.0,
    "complex_plddt": 0.5031145215034485,
    "complex_iplddt": 0.4979115426540375,
    "complex_pde": 0.39642006158828735,
    "complex_ipde": 0.47323116660118103,
    "chains_ptm": {
        "0": 0.6721354722976685,
        "1": 0.6688868999481201
    },
    "pair_chains_iptm": {
        "0": {
            "0": 0.6721354722976685,
            "1": 0.49882012605667114
        },
        "1": {
            "0": 0.48836636543273926,
            "1": 0.6688868999481201
        }
    }
}