{
    "confidence_score": 0.498439222574234,
    "ptm": 0.5413188338279724,
    "iptm": 0.51377934217453,
    "ligand_iptm": 0.0,
    "protein_iptm": 0.0,
    "complex_plddt": 0.4946041703224182,
    "complex_iplddt": 0.492213636636734,
    "complex_pde": 0.42393016815185547,
    "complex_ipde": 0.5151177048683167,
    "chains_ptm": {
        "0": 0.6631764769554138,
        "1": 0.6416879892349243
    },
    "pair_chains_iptm": {
        "0": {
            "0": 0.6631764769554138,
            "1": 0.51377934217453
        },
        "1": {
            "0": 0.48693662881851196,
            "1": 0.6416879892349243
        }
    }
}