{
    "confidence_score": 0.5072583556175232,
    "ptm": 0.5607861280441284,
    "iptm": 0.5151269435882568,
    "ligand_iptm": 0.0,
    "protein_iptm": 0.0,
    "complex_plddt": 0.505291223526001,
    "complex_iplddt": 0.5048776865005493,
    "complex_pde": 0.37796175479888916,
    "complex_ipde": 0.4314640462398529,
    "chains_ptm": {
        "0": 0.6673994064331055,
        "1": 0.6591048836708069
    },
    "pair_chains_iptm": {
        "0": {
            "0": 0.6673994064331055,
            "1": 0.5151269435882568
        },
        "1": {
            "0": 0.5061542391777039,
            "1": 0.6591048836708069
        }
    }
}