{
    "confidence_score": 0.5020546317100525,
    "ptm": 0.5775856375694275,
    "iptm": 0.5037382245063782,
    "ligand_iptm": 0.0,
    "protein_iptm": 0.0,
    "complex_plddt": 0.5016337633132935,
    "complex_iplddt": 0.5007734894752502,
    "complex_pde": 0.41443052887916565,
    "complex_ipde": 0.4836704134941101,
    "chains_ptm": {
        "0": 0.679701566696167,
        "1": 0.6474252343177795
    },
    "pair_chains_iptm": {
        "0": {
            "0": 0.679701566696167,
            "1": 0.5037382245063782
        },
        "1": {
            "0": 0.47546929121017456,
            "1": 0.6474252343177795
        }
    }
}