{
    "confidence_score": 0.49480199813842773,
    "ptm": 0.5737970471382141,
    "iptm": 0.5494672656059265,
    "ligand_iptm": 0.0,
    "protein_iptm": 0.0,
    "complex_plddt": 0.48113569617271423,
    "complex_iplddt": 0.47513043880462646,
    "complex_pde": 0.4629836678504944,
    "complex_ipde": 0.5424012541770935,
    "chains_ptm": {
        "0": 0.6479784250259399,
        "1": 0.6407867074012756
    },
    "pair_chains_iptm": {
        "0": {
            "0": 0.6479784250259399,
            "1": 0.5494672656059265
        },
        "1": {
            "0": 0.5488770008087158,
            "1": 0.6407867074012756
        }
    }
}