{
    "confidence_score": 0.4371444284915924,
    "ptm": 0.40293243527412415,
    "iptm": 0.2875211834907532,
    "ligand_iptm": 0.0,
    "protein_iptm": 0.0,
    "complex_plddt": 0.4745502471923828,
    "complex_iplddt": 0.474369078874588,
    "complex_pde": 0.7584025263786316,
    "complex_ipde": 0.926298975944519,
    "chains_ptm": {
        "0": 0.5322368144989014,
        "1": 0.5266409516334534
    },
    "pair_chains_iptm": {
        "0": {
            "0": 0.5322368144989014,
            "1": 0.2875211834907532
        },
        "1": {
            "0": 0.2764117121696472,
            "1": 0.5266409516334534
        }
    }
}