{
    "confidence_score": 0.5011618733406067,
    "ptm": 0.5400400161743164,
    "iptm": 0.5267555117607117,
    "ligand_iptm": 0.0,
    "protein_iptm": 0.0,
    "complex_plddt": 0.49476346373558044,
    "complex_iplddt": 0.4942721426486969,
    "complex_pde": 0.44519227743148804,
    "complex_ipde": 0.5365954637527466,
    "chains_ptm": {
        "0": 0.656123697757721,
        "1": 0.6522535681724548
    },
    "pair_chains_iptm": {
        "0": {
            "0": 0.656123697757721,
            "1": 0.4861006438732147
        },
        "1": {
            "0": 0.5267555117607117,
            "1": 0.6522535681724548
        }
    }
}