{
    "confidence_score": 0.7622671723365784,
    "ptm": 0.8443047404289246,
    "iptm": 0.457374632358551,
    "ligand_iptm": 0.0,
    "protein_iptm": 0.457374632358551,
    "complex_plddt": 0.8384903073310852,
    "complex_iplddt": 0.7533604502677917,
    "complex_pde": 0.6292774677276611,
    "complex_ipde": 7.559370040893555,
    "chains_ptm": {
        "0": 0.9607417583465576,
        "1": 0.7806998491287231
    },
    "pair_chains_iptm": {
        "0": {
            "0": 0.9607417583465576,
            "1": 0.4481569230556488
        },
        "1": {
            "0": 0.457374632358551,
            "1": 0.7806998491287231
        }
    }
}