{
    "confidence_score": 0.8350735902786255,
    "ptm": 0.9253880977630615,
    "iptm": 0.7975537180900574,
    "ligand_iptm": 0.0,
    "protein_iptm": 0.7975537180900574,
    "complex_plddt": 0.8444535136222839,
    "complex_iplddt": 0.7956733703613281,
    "complex_pde": 0.37011563777923584,
    "complex_ipde": 1.84642493724823,
    "chains_ptm": {
        "0": 0.9766470789909363,
        "1": 0.8352576494216919
    },
    "pair_chains_iptm": {
        "0": {
            "0": 0.9766470789909363,
            "1": 0.7975537180900574
        },
        "1": {
            "0": 0.7583465576171875,
            "1": 0.8352576494216919
        }
    }
}