{
    "confidence_score": 0.684199333190918,
    "ptm": 0.7513799071311951,
    "iptm": 0.0722721740603447,
    "ligand_iptm": 0.0,
    "protein_iptm": 0.0722721740603447,
    "complex_plddt": 0.8371811509132385,
    "complex_iplddt": 0.8039951920509338,
    "complex_pde": 0.9524942636489868,
    "complex_ipde": 18.726776123046875,
    "chains_ptm": {
        "0": 0.9554660320281982,
        "1": 0.800096333026886
    },
    "pair_chains_iptm": {
        "0": {
            "0": 0.9554660320281982,
            "1": 0.06093108281493187
        },
        "1": {
            "0": 0.0722721740603447,
            "1": 0.800096333026886
        }
    }
}