{
    "confidence_score": 0.8357367515563965,
    "ptm": 0.9164722561836243,
    "iptm": 0.7479678392410278,
    "ligand_iptm": 0.0,
    "protein_iptm": 0.7479678392410278,
    "complex_plddt": 0.8576789498329163,
    "complex_iplddt": 0.8095727562904358,
    "complex_pde": 0.4014715254306793,
    "complex_ipde": 2.380422592163086,
    "chains_ptm": {
        "0": 0.9767741560935974,
        "1": 0.8211538195610046
    },
    "pair_chains_iptm": {
        "0": {
            "0": 0.9767741560935974,
            "1": 0.7479678392410278
        },
        "1": {
            "0": 0.7188555002212524,
            "1": 0.8211538195610046
        }
    }
}