{
    "confidence_score": 0.7584954500198364,
    "ptm": 0.8496246933937073,
    "iptm": 0.4466010630130768,
    "ligand_iptm": 0.0,
    "protein_iptm": 0.4466010630130768,
    "complex_plddt": 0.8364689946174622,
    "complex_iplddt": 0.7542557120323181,
    "complex_pde": 0.6234434843063354,
    "complex_ipde": 8.515039443969727,
    "chains_ptm": {
        "0": 0.9712395668029785,
        "1": 0.7998709678649902
    },
    "pair_chains_iptm": {
        "0": {
            "0": 0.9712395668029785,
            "1": 0.40041300654411316
        },
        "1": {
            "0": 0.4466010630130768,
            "1": 0.7998709678649902
        }
    }
}