{
    "confidence_score": 0.8134035468101501,
    "ptm": 0.9241232872009277,
    "iptm": 0.7460290789604187,
    "ligand_iptm": 0.0,
    "protein_iptm": 0.7460290789604187,
    "complex_plddt": 0.830247163772583,
    "complex_iplddt": 0.7484145164489746,
    "complex_pde": 0.41119807958602905,
    "complex_ipde": 3.322890043258667,
    "chains_ptm": {
        "0": 0.9779893755912781,
        "1": 0.8850787878036499
    },
    "pair_chains_iptm": {
        "0": {
            "0": 0.9779893755912781,
            "1": 0.7096531987190247
        },
        "1": {
            "0": 0.7460290789604187,
            "1": 0.8850787878036499
        }
    }
}