{
    "confidence_score": 0.833047091960907,
    "ptm": 0.9290332794189453,
    "iptm": 0.7766084671020508,
    "ligand_iptm": 0.0,
    "protein_iptm": 0.7766084671020508,
    "complex_plddt": 0.8471567630767822,
    "complex_iplddt": 0.8090897798538208,
    "complex_pde": 0.3856809139251709,
    "complex_ipde": 2.3286263942718506,
    "chains_ptm": {
        "0": 0.9770530462265015,
        "1": 0.8590499758720398
    },
    "pair_chains_iptm": {
        "0": {
            "0": 0.9770530462265015,
            "1": 0.7716455459594727
        },
        "1": {
            "0": 0.7766084671020508,
            "1": 0.8590499758720398
        }
    }
}