{
    "confidence_score": 0.7860007286071777,
    "ptm": 0.8631033897399902,
    "iptm": 0.5077257752418518,
    "ligand_iptm": 0.0,
    "protein_iptm": 0.5077257752418518,
    "complex_plddt": 0.8555694818496704,
    "complex_iplddt": 0.8039060831069946,
    "complex_pde": 0.5687137842178345,
    "complex_ipde": 7.031524181365967,
    "chains_ptm": {
        "0": 0.9709866046905518,
        "1": 0.7835608720779419
    },
    "pair_chains_iptm": {
        "0": {
            "0": 0.9709866046905518,
            "1": 0.49347567558288574
        },
        "1": {
            "0": 0.5077257752418518,
            "1": 0.7835608720779419
        }
    }
}