{
    "confidence_score": 0.8149617314338684,
    "ptm": 0.8986758589744568,
    "iptm": 0.6825095415115356,
    "ligand_iptm": 0.0,
    "protein_iptm": 0.6825095415115356,
    "complex_plddt": 0.8480747938156128,
    "complex_iplddt": 0.7917138934135437,
    "complex_pde": 0.45893585681915283,
    "complex_ipde": 3.451460838317871,
    "chains_ptm": {
        "0": 0.9692310690879822,
        "1": 0.807859480381012
    },
    "pair_chains_iptm": {
        "0": {
            "0": 0.9692310690879822,
            "1": 0.6825095415115356
        },
        "1": {
            "0": 0.6647694110870361,
            "1": 0.807859480381012
        }
    }
}