{
    "confidence_score": 0.8052180409431458,
    "ptm": 0.9112239480018616,
    "iptm": 0.693160355091095,
    "ligand_iptm": 0.0,
    "protein_iptm": 0.693160355091095,
    "complex_plddt": 0.8332324624061584,
    "complex_iplddt": 0.7730082869529724,
    "complex_pde": 0.4495479166507721,
    "complex_ipde": 4.258370399475098,
    "chains_ptm": {
        "0": 0.9772317409515381,
        "1": 0.8462355732917786
    },
    "pair_chains_iptm": {
        "0": {
            "0": 0.9772317409515381,
            "1": 0.6421695351600647
        },
        "1": {
            "0": 0.693160355091095,
            "1": 0.8462355732917786
        }
    }
}