{"records": [{"id": "9xap_union", "structure": {"resolution": null, "method": null, "deposited": null, "released": null, "revised": null, "num_chains": 2, "num_interfaces": null, "pH": null, "temperature": null}, "chains": [{"chain_id": 0, "chain_name": "A", "mol_type": 0, "cluster_id": -1, "msa_id": "9xap_union_0", "num_residues": 21, "valid": true, "entity_id": 0}, {"chain_id": 1, "chain_name": "B", "mol_type": 0, "cluster_id": -1, "msa_id": "9xap_union_0", "num_residues": 21, "valid": true, "entity_id": 0}], "interfaces": [], "inference_options": {"pocket_constraints": [], "contact_constraints": [], "atom_contact_constraints": [], "atom_contact_union_constraints": [[[[1, 33, 265], [1, 35, 278], 7.100001, true], [[1, 33, 266], [1, 35, 278], 7.100001, true]], [[[1, 24, 198], [1, 26, 214], 5.73, true], [[1, 24, 199], [1, 26, 214], 5.73, true]], [[[1, 37, 298], [1, 40, 330], 5.58, true], [[1, 37, 299], [1, 40, 330], 5.58, true]], [[[1, 33, 261], [1, 33, 265], 5.75, true], [[1, 33, 261], [1, 33, 266], 5.75, true]], [[[1, 24, 198], [1, 24, 192], 7.75, true], [[1, 24, 199], [1, 24, 192], 7.75, true]], [[[1, 24, 198], [1, 25, 203], 6.02, true], [[1, 24, 199], [1, 25, 203], 6.02, true]], [[[1, 33, 265], [1, 33, 260], 5.74, true], [[1, 33, 266], [1, 33, 260], 5.74, true]], [[[1, 30, 237], [1, 33, 265], 7.09, true], [[1, 30, 237], [1, 33, 266], 7.09, true]], [[[0, 12, 95], [0, 14, 108], 8.084592, true], [[0, 12, 96], [0, 14, 108], 8.084592, true]], [[[0, 3, 28], [0, 5, 44], 6.43127, true], [[0, 3, 29], [0, 5, 44], 6.43127, true]], [[[0, 16, 128], [0, 19, 160], 5.58, true], [[0, 16, 129], [0, 19, 160], 5.58, true]], [[[0, 12, 91], [0, 12, 95], 6.455289, true], [[0, 12, 91], [0, 12, 96], 6.455289, true]], [[[0, 3, 28], [0, 3, 22], 7.75, true], [[0, 3, 29], [0, 3, 22], 7.75, true]], [[[0, 3, 28], [0, 4, 33], 6.02, true], [[0, 3, 29], [0, 4, 33], 6.02, true]], [[[0, 12, 95], [0, 12, 90], 6.451317, true], [[0, 12, 96], [0, 12, 90], 6.451317, true]], [[[0, 9, 67], [0, 12, 95], 8.072582, true], [[0, 9, 67], [0, 12, 96], 8.072582, true]]]}, "templates": [], "md": null, "affinity": null}]}