{
    "confidence_score": 0.9367423057556152,
    "ptm": 0.9593044519424438,
    "iptm": 0.9727419018745422,
    "ligand_iptm": 0.0,
    "protein_iptm": 0.9727419018745422,
    "complex_plddt": 0.9277423620223999,
    "complex_iplddt": 0.8946319818496704,
    "complex_pde": 0.2899335026741028,
    "complex_ipde": 0.45137062668800354,
    "chains_ptm": {
        "0": 0.9651938676834106,
        "1": 0.9729741811752319
    },
    "pair_chains_iptm": {
        "0": {
            "0": 0.9651938676834106,
            "1": 0.9068433046340942
        },
        "1": {
            "0": 0.9727419018745422,
            "1": 0.9729741811752319
        }
    }
}