{
    "confidence_score": 0.9385239481925964,
    "ptm": 0.9547460079193115,
    "iptm": 0.962239146232605,
    "ligand_iptm": 0.0,
    "protein_iptm": 0.962239146232605,
    "complex_plddt": 0.9325951337814331,
    "complex_iplddt": 0.9012002348899841,
    "complex_pde": 0.30271485447883606,
    "complex_ipde": 0.5089444518089294,
    "chains_ptm": {
        "0": 0.9620704650878906,
        "1": 0.9620640277862549
    },
    "pair_chains_iptm": {
        "0": {
            "0": 0.9620704650878906,
            "1": 0.8928346633911133
        },
        "1": {
            "0": 0.962239146232605,
            "1": 0.9620640277862549
        }
    }
}