{
    "confidence_score": 0.9344221949577332,
    "ptm": 0.9370291829109192,
    "iptm": 0.9420040845870972,
    "ligand_iptm": 0.0,
    "protein_iptm": 0.9420040845870972,
    "complex_plddt": 0.932526707649231,
    "complex_iplddt": 0.9096688628196716,
    "complex_pde": 0.3312188386917114,
    "complex_ipde": 0.6524190902709961,
    "chains_ptm": {
        "0": 0.9469738006591797,
        "1": 0.9441293478012085
    },
    "pair_chains_iptm": {
        "0": {
            "0": 0.9469738006591797,
            "1": 0.8673024773597717
        },
        "1": {
            "0": 0.9420040845870972,
            "1": 0.9441293478012085
        }
    }
}