{
    "confidence_score": 0.9356590509414673,
    "ptm": 0.9580478668212891,
    "iptm": 0.9683301448822021,
    "ligand_iptm": 0.0,
    "protein_iptm": 0.9683301448822021,
    "complex_plddt": 0.927491307258606,
    "complex_iplddt": 0.8854258060455322,
    "complex_pde": 0.29523104429244995,
    "complex_ipde": 0.49547243118286133,
    "chains_ptm": {
        "0": 0.9640474915504456,
        "1": 0.9675769209861755
    },
    "pair_chains_iptm": {
        "0": {
            "0": 0.9640474915504456,
            "1": 0.8973181247711182
        },
        "1": {
            "0": 0.9683301448822021,
            "1": 0.9675769209861755
        }
    }
}