{
    "confidence_score": 0.9337593913078308,
    "ptm": 0.9371704459190369,
    "iptm": 0.9442431330680847,
    "ligand_iptm": 0.0,
    "protein_iptm": 0.9442431330680847,
    "complex_plddt": 0.9311384558677673,
    "complex_iplddt": 0.9040193557739258,
    "complex_pde": 0.3289726674556732,
    "complex_ipde": 0.6713705658912659,
    "chains_ptm": {
        "0": 0.9463115930557251,
        "1": 0.9440275430679321
    },
    "pair_chains_iptm": {
        "0": {
            "0": 0.9463115930557251,
            "1": 0.854007363319397
        },
        "1": {
            "0": 0.9442431330680847,
            "1": 0.9440275430679321
        }
    }
}