{
    "confidence_score": 0.9383856654167175,
    "ptm": 0.9536629319190979,
    "iptm": 0.9555400013923645,
    "ligand_iptm": 0.0,
    "protein_iptm": 0.9555400013923645,
    "complex_plddt": 0.9340971112251282,
    "complex_iplddt": 0.8938546776771545,
    "complex_pde": 0.3061583340167999,
    "complex_ipde": 0.594353973865509,
    "chains_ptm": {
        "0": 0.9615889191627502,
        "1": 0.9547644257545471
    },
    "pair_chains_iptm": {
        "0": {
            "0": 0.9615889191627502,
            "1": 0.8940211534500122
        },
        "1": {
            "0": 0.9555400013923645,
            "1": 0.9547644257545471
        }
    }
}