{
    "confidence_score": 0.9267141222953796,
    "ptm": 0.935779333114624,
    "iptm": 0.9416496157646179,
    "ligand_iptm": 0.0,
    "protein_iptm": 0.9416496157646179,
    "complex_plddt": 0.9229803085327148,
    "complex_iplddt": 0.886244535446167,
    "complex_pde": 0.32408377528190613,
    "complex_ipde": 0.5994221568107605,
    "chains_ptm": {
        "0": 0.9458260536193848,
        "1": 0.9439254999160767
    },
    "pair_chains_iptm": {
        "0": {
            "0": 0.9458260536193848,
            "1": 0.8675195574760437
        },
        "1": {
            "0": 0.9416496157646179,
            "1": 0.9439254999160767
        }
    }
}