{
    "confidence_score": 0.9355322122573853,
    "ptm": 0.9608950018882751,
    "iptm": 0.9723291993141174,
    "ligand_iptm": 0.0,
    "protein_iptm": 0.9723291993141174,
    "complex_plddt": 0.9263328909873962,
    "complex_iplddt": 0.8908048272132874,
    "complex_pde": 0.29291191697120667,
    "complex_ipde": 0.4634920358657837,
    "chains_ptm": {
        "0": 0.9658178091049194,
        "1": 0.9726499915122986
    },
    "pair_chains_iptm": {
        "0": {
            "0": 0.9658178091049194,
            "1": 0.904977023601532
        },
        "1": {
            "0": 0.9723291993141174,
            "1": 0.9726499915122986
        }
    }
}