{
    "confidence_score": 0.9419351816177368,
    "ptm": 0.9534231424331665,
    "iptm": 0.968798041343689,
    "ligand_iptm": 0.0,
    "protein_iptm": 0.968798041343689,
    "complex_plddt": 0.9352194666862488,
    "complex_iplddt": 0.9022625088691711,
    "complex_pde": 0.30146607756614685,
    "complex_ipde": 0.5046396851539612,
    "chains_ptm": {
        "0": 0.959144115447998,
        "1": 0.9692585468292236
    },
    "pair_chains_iptm": {
        "0": {
            "0": 0.959144115447998,
            "1": 0.9017571210861206
        },
        "1": {
            "0": 0.968798041343689,
            "1": 0.9692585468292236
        }
    }
}