{
    "confidence_score": 0.9276162385940552,
    "ptm": 0.9258421659469604,
    "iptm": 0.9228480458259583,
    "ligand_iptm": 0.0,
    "protein_iptm": 0.9228480458259583,
    "complex_plddt": 0.9288082122802734,
    "complex_iplddt": 0.8865618109703064,
    "complex_pde": 0.35644811391830444,
    "complex_ipde": 0.8057735562324524,
    "chains_ptm": {
        "0": 0.937916100025177,
        "1": 0.9246712923049927
    },
    "pair_chains_iptm": {
        "0": {
            "0": 0.937916100025177,
            "1": 0.8293061852455139
        },
        "1": {
            "0": 0.9228480458259583,
            "1": 0.9246712923049927
        }
    }
}