{
    "confidence_score": 0.8444728851318359,
    "ptm": 0.9328421950340271,
    "iptm": 0.8664087057113647,
    "ligand_iptm": 0.0,
    "protein_iptm": 0.8664087057113647,
    "complex_plddt": 0.8389889001846313,
    "complex_iplddt": 0.764708399772644,
    "complex_pde": 0.356502503156662,
    "complex_ipde": 1.413805603981018,
    "chains_ptm": {
        "0": 0.9769960641860962,
        "1": 0.9729031920433044
    },
    "pair_chains_iptm": {
        "0": {
            "0": 0.9769960641860962,
            "1": 0.8664087057113647
        },
        "1": {
            "0": 0.7973853945732117,
            "1": 0.9729031920433044
        }
    }
}