{
    "confidence_score": 0.8534207344055176,
    "ptm": 0.9162235260009766,
    "iptm": 0.8264687657356262,
    "ligand_iptm": 0.0,
    "protein_iptm": 0.8264687657356262,
    "complex_plddt": 0.8601587414741516,
    "complex_iplddt": 0.798212468624115,
    "complex_pde": 0.39812251925468445,
    "complex_ipde": 1.8295443058013916,
    "chains_ptm": {
        "0": 0.9713910818099976,
        "1": 0.9649752378463745
    },
    "pair_chains_iptm": {
        "0": {
            "0": 0.9713910818099976,
            "1": 0.8264687657356262
        },
        "1": {
            "0": 0.752147912979126,
            "1": 0.9649752378463745
        }
    }
}