{
    "confidence_score": 0.875307023525238,
    "ptm": 0.9459847211837769,
    "iptm": 0.9051285982131958,
    "ligand_iptm": 0.0,
    "protein_iptm": 0.9051285982131958,
    "complex_plddt": 0.8678515553474426,
    "complex_iplddt": 0.8212858438491821,
    "complex_pde": 0.3345712423324585,
    "complex_ipde": 0.8695260882377625,
    "chains_ptm": {
        "0": 0.9805020689964294,
        "1": 0.9726025462150574
    },
    "pair_chains_iptm": {
        "0": {
            "0": 0.9805020689964294,
            "1": 0.9051285982131958
        },
        "1": {
            "0": 0.8379290103912354,
            "1": 0.9726025462150574
        }
    }
}