{
    "confidence_score": 0.7965474128723145,
    "ptm": 0.8635531067848206,
    "iptm": 0.6427401900291443,
    "ligand_iptm": 0.0,
    "protein_iptm": 0.6427401900291443,
    "complex_plddt": 0.8349992036819458,
    "complex_iplddt": 0.7528014779090881,
    "complex_pde": 0.49347323179244995,
    "complex_ipde": 4.099190711975098,
    "chains_ptm": {
        "0": 0.9641997814178467,
        "1": 0.9664610028266907
    },
    "pair_chains_iptm": {
        "0": {
            "0": 0.9641997814178467,
            "1": 0.6427401900291443
        },
        "1": {
            "0": 0.5686988830566406,
            "1": 0.9664610028266907
        }
    }
}