{
    "confidence_score": 0.7676795721054077,
    "ptm": 0.8131331205368042,
    "iptm": 0.48913508653640747,
    "ligand_iptm": 0.0,
    "protein_iptm": 0.48913508653640747,
    "complex_plddt": 0.8373156785964966,
    "complex_iplddt": 0.739914059638977,
    "complex_pde": 0.5674490928649902,
    "complex_ipde": 5.862089157104492,
    "chains_ptm": {
        "0": 0.9690585136413574,
        "1": 0.9656203389167786
    },
    "pair_chains_iptm": {
        "0": {
            "0": 0.9690585136413574,
            "1": 0.48913508653640747
        },
        "1": {
            "0": 0.4110357165336609,
            "1": 0.9656203389167786
        }
    }
}