{
    "confidence_score": 0.868423581123352,
    "ptm": 0.9448105692863464,
    "iptm": 0.9083980917930603,
    "ligand_iptm": 0.0,
    "protein_iptm": 0.9083980917930603,
    "complex_plddt": 0.8584299087524414,
    "complex_iplddt": 0.8106582164764404,
    "complex_pde": 0.32870975136756897,
    "complex_ipde": 0.805073618888855,
    "chains_ptm": {
        "0": 0.9780505299568176,
        "1": 0.9704656600952148
    },
    "pair_chains_iptm": {
        "0": {
            "0": 0.9780505299568176,
            "1": 0.9083980917930603
        },
        "1": {
            "0": 0.847443699836731,
            "1": 0.9704656600952148
        }
    }
}