{
    "confidence_score": 0.7640434503555298,
    "ptm": 0.8139970898628235,
    "iptm": 0.5054320693016052,
    "ligand_iptm": 0.0,
    "protein_iptm": 0.5054320693016052,
    "complex_plddt": 0.8286962509155273,
    "complex_iplddt": 0.7635509967803955,
    "complex_pde": 0.5793558359146118,
    "complex_ipde": 5.372952938079834,
    "chains_ptm": {
        "0": 0.9560916423797607,
        "1": 0.9553494453430176
    },
    "pair_chains_iptm": {
        "0": {
            "0": 0.9560916423797607,
            "1": 0.5054320693016052
        },
        "1": {
            "0": 0.4708888828754425,
            "1": 0.9553494453430176
        }
    }
}