{
    "confidence_score": 0.8302276730537415,
    "ptm": 0.8755902647972107,
    "iptm": 0.6977050304412842,
    "ligand_iptm": 0.0,
    "protein_iptm": 0.6977050304412842,
    "complex_plddt": 0.8633583188056946,
    "complex_iplddt": 0.7725227475166321,
    "complex_pde": 0.46895092725753784,
    "complex_ipde": 3.416428327560425,
    "chains_ptm": {
        "0": 0.9654812812805176,
        "1": 0.962371826171875
    },
    "pair_chains_iptm": {
        "0": {
            "0": 0.9654812812805176,
            "1": 0.6977050304412842
        },
        "1": {
            "0": 0.6118929386138916,
            "1": 0.962371826171875
        }
    }
}