{
    "confidence_score": 0.8363552093505859,
    "ptm": 0.9169067144393921,
    "iptm": 0.8249406218528748,
    "ligand_iptm": 0.0,
    "protein_iptm": 0.8249406218528748,
    "complex_plddt": 0.8392088413238525,
    "complex_iplddt": 0.7696013450622559,
    "complex_pde": 0.4009949862957001,
    "complex_ipde": 1.8524359464645386,
    "chains_ptm": {
        "0": 0.9686023592948914,
        "1": 0.9653676748275757
    },
    "pair_chains_iptm": {
        "0": {
            "0": 0.9686023592948914,
            "1": 0.8249406218528748
        },
        "1": {
            "0": 0.7511932253837585,
            "1": 0.9653676748275757
        }
    }
}