{
    "confidence_score": 0.8534770011901855,
    "ptm": 0.9351667761802673,
    "iptm": 0.8584206104278564,
    "ligand_iptm": 0.0,
    "protein_iptm": 0.8584206104278564,
    "complex_plddt": 0.8522410988807678,
    "complex_iplddt": 0.7881285548210144,
    "complex_pde": 0.3597211241722107,
    "complex_ipde": 1.711245059967041,
    "chains_ptm": {
        "0": 0.9753668904304504,
        "1": 0.9757881164550781
    },
    "pair_chains_iptm": {
        "0": {
            "0": 0.9753668904304504,
            "1": 0.8584206104278564
        },
        "1": {
            "0": 0.7924283146858215,
            "1": 0.9757881164550781
        }
    }
}