{
    "confidence_score": 0.8244824409484863,
    "ptm": 0.9544483423233032,
    "iptm": 0.8567249178886414,
    "ligand_iptm": 0.0,
    "protein_iptm": 0.8567249178886414,
    "complex_plddt": 0.8164218664169312,
    "complex_iplddt": 0.7329619526863098,
    "complex_pde": 0.3594929873943329,
    "complex_ipde": 0.9168935418128967,
    "chains_ptm": {
        "0": 0.9691989421844482,
        "1": 0.8638948798179626
    },
    "pair_chains_iptm": {
        "0": {
            "0": 0.9691989421844482,
            "1": 0.8481382727622986
        },
        "1": {
            "0": 0.8567249178886414,
            "1": 0.8638948798179626
        }
    }
}