{
    "confidence_score": 0.8643848299980164,
    "ptm": 0.979680061340332,
    "iptm": 0.9729635715484619,
    "ligand_iptm": 0.0,
    "protein_iptm": 0.9729635715484619,
    "complex_plddt": 0.8372400999069214,
    "complex_iplddt": 0.7508848309516907,
    "complex_pde": 0.27157318592071533,
    "complex_ipde": 0.35624125599861145,
    "chains_ptm": {
        "0": 0.9816765785217285,
        "1": 0.973423957824707
    },
    "pair_chains_iptm": {
        "0": {
            "0": 0.9816765785217285,
            "1": 0.9366828799247742
        },
        "1": {
            "0": 0.9729635715484619,
            "1": 0.973423957824707
        }
    }
}