{
    "confidence_score": 0.8471673130989075,
    "ptm": 0.9672017097473145,
    "iptm": 0.9128516912460327,
    "ligand_iptm": 0.0,
    "protein_iptm": 0.9128516912460327,
    "complex_plddt": 0.8307462334632874,
    "complex_iplddt": 0.7286350727081299,
    "complex_pde": 0.32123231887817383,
    "complex_ipde": 0.6757152676582336,
    "chains_ptm": {
        "0": 0.9754054546356201,
        "1": 0.8925945162773132
    },
    "pair_chains_iptm": {
        "0": {
            "0": 0.9754054546356201,
            "1": 0.8672599792480469
        },
        "1": {
            "0": 0.9128516912460327,
            "1": 0.8925945162773132
        }
    }
}