{
    "confidence_score": 0.8594414591789246,
    "ptm": 0.9744338393211365,
    "iptm": 0.9605538249015808,
    "ligand_iptm": 0.0,
    "protein_iptm": 0.9605538249015808,
    "complex_plddt": 0.8341633677482605,
    "complex_iplddt": 0.7634249925613403,
    "complex_pde": 0.2934039235115051,
    "complex_ipde": 0.448080837726593,
    "chains_ptm": {
        "0": 0.9772723913192749,
        "1": 0.9617449641227722
    },
    "pair_chains_iptm": {
        "0": {
            "0": 0.9772723913192749,
            "1": 0.925053060054779
        },
        "1": {
            "0": 0.9605538249015808,
            "1": 0.9617449641227722
        }
    }
}