{
    "confidence_score": 0.8744704127311707,
    "ptm": 0.9667845964431763,
    "iptm": 0.9311599135398865,
    "ligand_iptm": 0.0,
    "protein_iptm": 0.9311599135398865,
    "complex_plddt": 0.8602980375289917,
    "complex_iplddt": 0.7777833342552185,
    "complex_pde": 0.3269968628883362,
    "complex_ipde": 0.7182835340499878,
    "chains_ptm": {
        "0": 0.9722227454185486,
        "1": 0.9401713013648987
    },
    "pair_chains_iptm": {
        "0": {
            "0": 0.9722227454185486,
            "1": 0.8267225623130798
        },
        "1": {
            "0": 0.9311599135398865,
            "1": 0.9401713013648987
        }
    }
}