{
    "confidence_score": 0.8408094644546509,
    "ptm": 0.957080066204071,
    "iptm": 0.8550682067871094,
    "ligand_iptm": 0.0,
    "protein_iptm": 0.8550682067871094,
    "complex_plddt": 0.8372447490692139,
    "complex_iplddt": 0.7542909383773804,
    "complex_pde": 0.3821389377117157,
    "complex_ipde": 1.1661194562911987,
    "chains_ptm": {
        "0": 0.9724779725074768,
        "1": 0.884039580821991
    },
    "pair_chains_iptm": {
        "0": {
            "0": 0.9724779725074768,
            "1": 0.7722908854484558
        },
        "1": {
            "0": 0.8550682067871094,
            "1": 0.884039580821991
        }
    }
}