{
    "confidence_score": 0.8247184753417969,
    "ptm": 0.9533624649047852,
    "iptm": 0.8791729807853699,
    "ligand_iptm": 0.0,
    "protein_iptm": 0.8791729807853699,
    "complex_plddt": 0.8111048340797424,
    "complex_iplddt": 0.7277719378471375,
    "complex_pde": 0.3819684088230133,
    "complex_ipde": 1.0403810739517212,
    "chains_ptm": {
        "0": 0.9647697806358337,
        "1": 0.8918511867523193
    },
    "pair_chains_iptm": {
        "0": {
            "0": 0.9647697806358337,
            "1": 0.7944872379302979
        },
        "1": {
            "0": 0.8791729807853699,
            "1": 0.8918511867523193
        }
    }
}