{
    "confidence_score": 0.8618826866149902,
    "ptm": 0.9726449251174927,
    "iptm": 0.956048309803009,
    "ligand_iptm": 0.0,
    "protein_iptm": 0.956048309803009,
    "complex_plddt": 0.838341236114502,
    "complex_iplddt": 0.7668253779411316,
    "complex_pde": 0.2991606891155243,
    "complex_ipde": 0.46674299240112305,
    "chains_ptm": {
        "0": 0.9757949113845825,
        "1": 0.9572452306747437
    },
    "pair_chains_iptm": {
        "0": {
            "0": 0.9757949113845825,
            "1": 0.915955126285553
        },
        "1": {
            "0": 0.956048309803009,
            "1": 0.9572452306747437
        }
    }
}