{
    "confidence_score": 0.8479942679405212,
    "ptm": 0.9589171409606934,
    "iptm": 0.8953918814659119,
    "ligand_iptm": 0.0,
    "protein_iptm": 0.8953918814659119,
    "complex_plddt": 0.8361448645591736,
    "complex_iplddt": 0.7365646362304688,
    "complex_pde": 0.3530198633670807,
    "complex_ipde": 0.8393711447715759,
    "chains_ptm": {
        "0": 0.9685057401657104,
        "1": 0.9274030327796936
    },
    "pair_chains_iptm": {
        "0": {
            "0": 0.9685057401657104,
            "1": 0.8175061941146851
        },
        "1": {
            "0": 0.8953918814659119,
            "1": 0.9274030327796936
        }
    }
}