{
    "confidence_score": 0.8497934341430664,
    "ptm": 0.9702188968658447,
    "iptm": 0.9381374716758728,
    "ligand_iptm": 0.0,
    "protein_iptm": 0.9381374716758728,
    "complex_plddt": 0.8277074098587036,
    "complex_iplddt": 0.7342612743377686,
    "complex_pde": 0.31318265199661255,
    "complex_ipde": 0.6017574667930603,
    "chains_ptm": {
        "0": 0.9756630063056946,
        "1": 0.937620997428894
    },
    "pair_chains_iptm": {
        "0": {
            "0": 0.9756630063056946,
            "1": 0.8961488604545593
        },
        "1": {
            "0": 0.9381374716758728,
            "1": 0.937620997428894
        }
    }
}