{
    "confidence_score": 0.8116165399551392,
    "ptm": 0.1825491338968277,
    "iptm": 0.1543107032775879,
    "ligand_iptm": 0.0,
    "protein_iptm": 0.0,
    "complex_plddt": 0.9759429693222046,
    "complex_iplddt": 0.9759429693222046,
    "complex_pde": 0.2529774010181427,
    "complex_ipde": 0.25387436151504517,
    "chains_ptm": {
        "0": 0.19326169788837433,
        "1": 0.2107873260974884
    },
    "pair_chains_iptm": {
        "0": {
            "0": 0.19326169788837433,
            "1": 0.1543107032775879
        },
        "1": {
            "0": 0.14969351887702942,
            "1": 0.2107873260974884
        }
    }
}