{
    "confidence_score": 0.8116562962532043,
    "ptm": 0.1812698394060135,
    "iptm": 0.15303879976272583,
    "ligand_iptm": 0.0,
    "protein_iptm": 0.0,
    "complex_plddt": 0.976310670375824,
    "complex_iplddt": 0.9763107299804688,
    "complex_pde": 0.252822607755661,
    "complex_ipde": 0.2536559998989105,
    "chains_ptm": {
        "0": 0.19048242270946503,
        "1": 0.21054650843143463
    },
    "pair_chains_iptm": {
        "0": {
            "0": 0.19048242270946503,
            "1": 0.15303879976272583
        },
        "1": {
            "0": 0.14509502053260803,
            "1": 0.21054650843143463
        }
    }
}