{
    "confidence_score": 0.8108553290367126,
    "ptm": 0.18602068722248077,
    "iptm": 0.1589651256799698,
    "ligand_iptm": 0.0,
    "protein_iptm": 0.0,
    "complex_plddt": 0.9738278388977051,
    "complex_iplddt": 0.9738277196884155,
    "complex_pde": 0.25193002820014954,
    "complex_ipde": 0.25248900055885315,
    "chains_ptm": {
        "0": 0.1915764957666397,
        "1": 0.2134980410337448
    },
    "pair_chains_iptm": {
        "0": {
            "0": 0.1915764957666397,
            "1": 0.1589651256799698
        },
        "1": {
            "0": 0.14772330224514008,
            "1": 0.2134980410337448
        }
    }
}