{
    "confidence_score": 0.8108021020889282,
    "ptm": 0.18070445954799652,
    "iptm": 0.15139390528202057,
    "ligand_iptm": 0.0,
    "protein_iptm": 0.0,
    "complex_plddt": 0.9756540656089783,
    "complex_iplddt": 0.9756540060043335,
    "complex_pde": 0.2527383267879486,
    "complex_ipde": 0.2536088526248932,
    "chains_ptm": {
        "0": 0.18773241341114044,
        "1": 0.21001477539539337
    },
    "pair_chains_iptm": {
        "0": {
            "0": 0.18773241341114044,
            "1": 0.15139390528202057
        },
        "1": {
            "0": 0.14379112422466278,
            "1": 0.21001477539539337
        }
    }
}