{
    "confidence_score": 0.8112218976020813,
    "ptm": 0.18355856835842133,
    "iptm": 0.15507134795188904,
    "ligand_iptm": 0.0,
    "protein_iptm": 0.0,
    "complex_plddt": 0.97525954246521,
    "complex_iplddt": 0.9752596020698547,
    "complex_pde": 0.25216731429100037,
    "complex_ipde": 0.25283530354499817,
    "chains_ptm": {
        "0": 0.19082839787006378,
        "1": 0.21246184408664703
    },
    "pair_chains_iptm": {
        "0": {
            "0": 0.19082839787006378,
            "1": 0.15507134795188904
        },
        "1": {
            "0": 0.14638876914978027,
            "1": 0.21246184408664703
        }
    }
}