{
    "confidence_score": 0.8116494417190552,
    "ptm": 0.1810937374830246,
    "iptm": 0.15285785496234894,
    "ligand_iptm": 0.0,
    "protein_iptm": 0.0,
    "complex_plddt": 0.9763472676277161,
    "complex_iplddt": 0.9763471484184265,
    "complex_pde": 0.25369447469711304,
    "complex_ipde": 0.2548813819885254,
    "chains_ptm": {
        "0": 0.1855185180902481,
        "1": 0.20932941138744354
    },
    "pair_chains_iptm": {
        "0": {
            "0": 0.1855185180902481,
            "1": 0.15285785496234894
        },
        "1": {
            "0": 0.1384720653295517,
            "1": 0.20932941138744354
        }
    }
}