{
    "confidence_score": 0.8116915822029114,
    "ptm": 0.18277616798877716,
    "iptm": 0.15522229671478271,
    "ligand_iptm": 0.0,
    "protein_iptm": 0.0,
    "complex_plddt": 0.97580885887146,
    "complex_iplddt": 0.9758089184761047,
    "complex_pde": 0.25268468260765076,
    "complex_ipde": 0.2535216808319092,
    "chains_ptm": {
        "0": 0.19078867137432098,
        "1": 0.21203216910362244
    },
    "pair_chains_iptm": {
        "0": {
            "0": 0.19078867137432098,
            "1": 0.15522229671478271
        },
        "1": {
            "0": 0.14977046847343445,
            "1": 0.21203216910362244
        }
    }
}