{
    "confidence_score": 0.8108113408088684,
    "ptm": 0.18512876331806183,
    "iptm": 0.15676821768283844,
    "ligand_iptm": 0.0,
    "protein_iptm": 0.0,
    "complex_plddt": 0.9743220806121826,
    "complex_iplddt": 0.9743221402168274,
    "complex_pde": 0.2520318031311035,
    "complex_ipde": 0.2525862157344818,
    "chains_ptm": {
        "0": 0.1910666972398758,
        "1": 0.21348907053470612
    },
    "pair_chains_iptm": {
        "0": {
            "0": 0.1910666972398758,
            "1": 0.15676821768283844
        },
        "1": {
            "0": 0.14896321296691895,
            "1": 0.21348907053470612
        }
    }
}