{
    "confidence_score": 0.811520516872406,
    "ptm": 0.18182136118412018,
    "iptm": 0.15341463685035706,
    "ligand_iptm": 0.0,
    "protein_iptm": 0.0,
    "complex_plddt": 0.9760469794273376,
    "complex_iplddt": 0.9760469198226929,
    "complex_pde": 0.2523181736469269,
    "complex_ipde": 0.2529420852661133,
    "chains_ptm": {
        "0": 0.19016514718532562,
        "1": 0.2108892947435379
    },
    "pair_chains_iptm": {
        "0": {
            "0": 0.19016514718532562,
            "1": 0.15341463685035706
        },
        "1": {
            "0": 0.14872249960899353,
            "1": 0.2108892947435379
        }
    }
}