{
    "confidence_score": 0.8112305998802185,
    "ptm": 0.18260547518730164,
    "iptm": 0.15349790453910828,
    "ligand_iptm": 0.0,
    "protein_iptm": 0.0,
    "complex_plddt": 0.9756637811660767,
    "complex_iplddt": 0.9756637811660767,
    "complex_pde": 0.252147912979126,
    "complex_ipde": 0.2527473270893097,
    "chains_ptm": {
        "0": 0.19114989042282104,
        "1": 0.2117128223180771
    },
    "pair_chains_iptm": {
        "0": {
            "0": 0.19114989042282104,
            "1": 0.15349790453910828
        },
        "1": {
            "0": 0.14714917540550232,
            "1": 0.2117128223180771
        }
    }
}