{
    "confidence_score": 0.7680748105049133,
    "ptm": 0.7226700782775879,
    "iptm": 0.7117053270339966,
    "ligand_iptm": 0.0,
    "protein_iptm": 0.7117053270339966,
    "complex_plddt": 0.7821671962738037,
    "complex_iplddt": 0.7778661847114563,
    "complex_pde": 0.6370069980621338,
    "complex_ipde": 1.675561547279358,
    "chains_ptm": {
        "0": 0.6887074112892151,
        "1": 0.8641721606254578
    },
    "pair_chains_iptm": {
        "0": {
            "0": 0.6887074112892151,
            "1": 0.5821466445922852
        },
        "1": {
            "0": 0.7117053270339966,
            "1": 0.8641721606254578
        }
    }
}