{
    "confidence_score": 0.7730534076690674,
    "ptm": 0.7032217383384705,
    "iptm": 0.7156574130058289,
    "ligand_iptm": 0.0,
    "protein_iptm": 0.7156574130058289,
    "complex_plddt": 0.7874023914337158,
    "complex_iplddt": 0.7954350113868713,
    "complex_pde": 0.7108494639396667,
    "complex_ipde": 1.6890512704849243,
    "chains_ptm": {
        "0": 0.643243134021759,
        "1": 0.8642941117286682
    },
    "pair_chains_iptm": {
        "0": {
            "0": 0.643243134021759,
            "1": 0.5461214780807495
        },
        "1": {
            "0": 0.7156574130058289,
            "1": 0.8642941117286682
        }
    }
}