{
    "confidence_score": 0.768255889415741,
    "ptm": 0.733212947845459,
    "iptm": 0.7135182619094849,
    "ligand_iptm": 0.0,
    "protein_iptm": 0.7135182619094849,
    "complex_plddt": 0.7819403409957886,
    "complex_iplddt": 0.7748158574104309,
    "complex_pde": 0.6344569325447083,
    "complex_ipde": 1.5463744401931763,
    "chains_ptm": {
        "0": 0.7180525064468384,
        "1": 0.8615120053291321
    },
    "pair_chains_iptm": {
        "0": {
            "0": 0.7180525064468384,
            "1": 0.6054720282554626
        },
        "1": {
            "0": 0.7135182619094849,
            "1": 0.8615120053291321
        }
    }
}