{
    "confidence_score": 0.8316084146499634,
    "ptm": 0.9169251918792725,
    "iptm": 0.913038969039917,
    "ligand_iptm": 0.0,
    "protein_iptm": 0.913038969039917,
    "complex_plddt": 0.8112508058547974,
    "complex_iplddt": 0.797999918460846,
    "complex_pde": 0.3960437774658203,
    "complex_ipde": 0.7942025661468506,
    "chains_ptm": {
        "0": 0.939849317073822,
        "1": 0.9440215229988098
    },
    "pair_chains_iptm": {
        "0": {
            "0": 0.939849317073822,
            "1": 0.9052262306213379
        },
        "1": {
            "0": 0.913038969039917,
            "1": 0.9440215229988098
        }
    }
}