{
    "confidence_score": 0.8280896544456482,
    "ptm": 0.9235696792602539,
    "iptm": 0.9192407131195068,
    "ligand_iptm": 0.0,
    "protein_iptm": 0.9192407131195068,
    "complex_plddt": 0.8053018450737,
    "complex_iplddt": 0.7973710894584656,
    "complex_pde": 0.38630175590515137,
    "complex_ipde": 0.7121928930282593,
    "chains_ptm": {
        "0": 0.9368311166763306,
        "1": 0.944048285484314
    },
    "pair_chains_iptm": {
        "0": {
            "0": 0.9368311166763306,
            "1": 0.9128256440162659
        },
        "1": {
            "0": 0.9192407131195068,
            "1": 0.944048285484314
        }
    }
}