{
    "confidence_score": 0.8131158947944641,
    "ptm": 0.8830838799476624,
    "iptm": 0.8725713491439819,
    "ligand_iptm": 0.0,
    "protein_iptm": 0.8725713491439819,
    "complex_plddt": 0.7982520461082458,
    "complex_iplddt": 0.7818607687950134,
    "complex_pde": 0.5304067134857178,
    "complex_ipde": 1.3405600786209106,
    "chains_ptm": {
        "0": 0.9079377055168152,
        "1": 0.9156963229179382
    },
    "pair_chains_iptm": {
        "0": {
            "0": 0.9079377055168152,
            "1": 0.8612614870071411
        },
        "1": {
            "0": 0.8725713491439819,
            "1": 0.9156963229179382
        }
    }
}