{
    "confidence_score": 0.8420629501342773,
    "ptm": 0.9362937808036804,
    "iptm": 0.9326799511909485,
    "ligand_iptm": 0.0,
    "protein_iptm": 0.9326799511909485,
    "complex_plddt": 0.8194087147712708,
    "complex_iplddt": 0.7963846325874329,
    "complex_pde": 0.3591573238372803,
    "complex_ipde": 0.6592409610748291,
    "chains_ptm": {
        "0": 0.9476274847984314,
        "1": 0.9566616415977478
    },
    "pair_chains_iptm": {
        "0": {
            "0": 0.9476274847984314,
            "1": 0.9256221652030945
        },
        "1": {
            "0": 0.9326799511909485,
            "1": 0.9566616415977478
        }
    }
}