{
    "confidence_score": 0.826073169708252,
    "ptm": 0.9127331376075745,
    "iptm": 0.9011375308036804,
    "ligand_iptm": 0.0,
    "protein_iptm": 0.9011375308036804,
    "complex_plddt": 0.8073070645332336,
    "complex_iplddt": 0.8075563311576843,
    "complex_pde": 0.434559166431427,
    "complex_ipde": 0.9896214604377747,
    "chains_ptm": {
        "0": 0.9327985644340515,
        "1": 0.9338056445121765
    },
    "pair_chains_iptm": {
        "0": {
            "0": 0.9327985644340515,
            "1": 0.8956820964813232
        },
        "1": {
            "0": 0.9011375308036804,
            "1": 0.9338056445121765
        }
    }
}