{
    "confidence_score": 0.8641071319580078,
    "ptm": 0.7107552886009216,
    "iptm": 0.6976525783538818,
    "ligand_iptm": 0.0,
    "protein_iptm": 0.0,
    "complex_plddt": 0.9057208299636841,
    "complex_iplddt": 0.9057208895683289,
    "complex_pde": 0.25166407227516174,
    "complex_ipde": 0.2521638870239258,
    "chains_ptm": {
        "0": 0.7238575220108032,
        "1": 0.7291340827941895
    },
    "pair_chains_iptm": {
        "0": {
            "0": 0.7238575220108032,
            "1": 0.6952378749847412
        },
        "1": {
            "0": 0.6976525783538818,
            "1": 0.7291340827941895
        }
    }
}