{
    "confidence_score": 0.863932728767395,
    "ptm": 0.7093470692634583,
    "iptm": 0.7007153630256653,
    "ligand_iptm": 0.0,
    "protein_iptm": 0.0,
    "complex_plddt": 0.9047370553016663,
    "complex_iplddt": 0.9047370553016663,
    "complex_pde": 0.2517566978931427,
    "complex_ipde": 0.25221455097198486,
    "chains_ptm": {
        "0": 0.7270442843437195,
        "1": 0.7274545431137085
    },
    "pair_chains_iptm": {
        "0": {
            "0": 0.7270442843437195,
            "1": 0.7007153630256653
        },
        "1": {
            "0": 0.6876417994499207,
            "1": 0.7274545431137085
        }
    }
}