{
    "confidence_score": 0.8687040209770203,
    "ptm": 0.7220196723937988,
    "iptm": 0.710031270980835,
    "ligand_iptm": 0.0,
    "protein_iptm": 0.0,
    "complex_plddt": 0.908372163772583,
    "complex_iplddt": 0.908372163772583,
    "complex_pde": 0.25140246748924255,
    "complex_ipde": 0.2518840432167053,
    "chains_ptm": {
        "0": 0.7420995831489563,
        "1": 0.741310179233551
    },
    "pair_chains_iptm": {
        "0": {
            "0": 0.7420995831489563,
            "1": 0.7085492610931396
        },
        "1": {
            "0": 0.710031270980835,
            "1": 0.741310179233551
        }
    }
}