{
    "confidence_score": 0.8663063049316406,
    "ptm": 0.7122213244438171,
    "iptm": 0.6980458498001099,
    "ligand_iptm": 0.0,
    "protein_iptm": 0.0,
    "complex_plddt": 0.9083713889122009,
    "complex_iplddt": 0.9083713889122009,
    "complex_pde": 0.25172480940818787,
    "complex_ipde": 0.2522304952144623,
    "chains_ptm": {
        "0": 0.7347829341888428,
        "1": 0.733413815498352
    },
    "pair_chains_iptm": {
        "0": {
            "0": 0.7347829341888428,
            "1": 0.6980458498001099
        },
        "1": {
            "0": 0.6964056491851807,
            "1": 0.733413815498352
        }
    }
}