{
    "confidence_score": 0.8639602661132812,
    "ptm": 0.7072119116783142,
    "iptm": 0.6928732395172119,
    "ligand_iptm": 0.0,
    "protein_iptm": 0.0,
    "complex_plddt": 0.9067319631576538,
    "complex_iplddt": 0.9067320227622986,
    "complex_pde": 0.2518393099308014,
    "complex_ipde": 0.2523916959762573,
    "chains_ptm": {
        "0": 0.7272517085075378,
        "1": 0.7261801958084106
    },
    "pair_chains_iptm": {
        "0": {
            "0": 0.7272517085075378,
            "1": 0.6928732395172119
        },
        "1": {
            "0": 0.6899728775024414,
            "1": 0.7261801958084106
        }
    }
}