{
    "confidence_score": 0.8680185675621033,
    "ptm": 0.7226901650428772,
    "iptm": 0.7068861126899719,
    "ligand_iptm": 0.0,
    "protein_iptm": 0.0,
    "complex_plddt": 0.9083016514778137,
    "complex_iplddt": 0.9083016514778137,
    "complex_pde": 0.25122344493865967,
    "complex_ipde": 0.2516339421272278,
    "chains_ptm": {
        "0": 0.7405508756637573,
        "1": 0.7413077354431152
    },
    "pair_chains_iptm": {
        "0": {
            "0": 0.7405508756637573,
            "1": 0.706095278263092
        },
        "1": {
            "0": 0.7068861126899719,
            "1": 0.7413077354431152
        }
    }
}