{
    "confidence_score": 0.865329384803772,
    "ptm": 0.7153144478797913,
    "iptm": 0.6954097747802734,
    "ligand_iptm": 0.0,
    "protein_iptm": 0.0,
    "complex_plddt": 0.907809317111969,
    "complex_iplddt": 0.9078092575073242,
    "complex_pde": 0.25138208270072937,
    "complex_ipde": 0.25181037187576294,
    "chains_ptm": {
        "0": 0.7283867001533508,
        "1": 0.7352187037467957
    },
    "pair_chains_iptm": {
        "0": {
            "0": 0.7283867001533508,
            "1": 0.6954097747802734
        },
        "1": {
            "0": 0.6933427453041077,
            "1": 0.7352187037467957
        }
    }
}