{
    "confidence_score": 0.8620690703392029,
    "ptm": 0.7067897915840149,
    "iptm": 0.69273442029953,
    "ligand_iptm": 0.0,
    "protein_iptm": 0.0,
    "complex_plddt": 0.9044026732444763,
    "complex_iplddt": 0.9044026732444763,
    "complex_pde": 0.2515163719654083,
    "complex_ipde": 0.2520470917224884,
    "chains_ptm": {
        "0": 0.7287753820419312,
        "1": 0.72411048412323
    },
    "pair_chains_iptm": {
        "0": {
            "0": 0.7287753820419312,
            "1": 0.69273442029953
        },
        "1": {
            "0": 0.6888598799705505,
            "1": 0.72411048412323
        }
    }
}