{
    "confidence_score": 0.8645784258842468,
    "ptm": 0.7159016132354736,
    "iptm": 0.7014719247817993,
    "ligand_iptm": 0.0,
    "protein_iptm": 0.0,
    "complex_plddt": 0.9053550362586975,
    "complex_iplddt": 0.9053550958633423,
    "complex_pde": 0.25146645307540894,
    "complex_ipde": 0.2519163489341736,
    "chains_ptm": {
        "0": 0.7332526445388794,
        "1": 0.7352365851402283
    },
    "pair_chains_iptm": {
        "0": {
            "0": 0.7332526445388794,
            "1": 0.7014719247817993
        },
        "1": {
            "0": 0.7006121277809143,
            "1": 0.7352365851402283
        }
    }
}