{
    "confidence_score": 0.8643549084663391,
    "ptm": 0.70371413230896,
    "iptm": 0.6873078942298889,
    "ligand_iptm": 0.0,
    "protein_iptm": 0.0,
    "complex_plddt": 0.9086166024208069,
    "complex_iplddt": 0.9086166024208069,
    "complex_pde": 0.2519490718841553,
    "complex_ipde": 0.252570241689682,
    "chains_ptm": {
        "0": 0.7238303422927856,
        "1": 0.7244690656661987
    },
    "pair_chains_iptm": {
        "0": {
            "0": 0.7238303422927856,
            "1": 0.6850488185882568
        },
        "1": {
            "0": 0.6873078942298889,
            "1": 0.7244690656661987
        }
    }
}