{
    "confidence_score": 0.8830633163452148,
    "ptm": 0.9751555919647217,
    "iptm": 0.9560005068778992,
    "ligand_iptm": 0.0,
    "protein_iptm": 0.9560005068778992,
    "complex_plddt": 0.8648290038108826,
    "complex_iplddt": 0.7992038130760193,
    "complex_pde": 0.2594338357448578,
    "complex_ipde": 0.31032487750053406,
    "chains_ptm": {
        "0": 0.9828881621360779,
        "1": 0.9398692846298218
    },
    "pair_chains_iptm": {
        "0": {
            "0": 0.9828881621360779,
            "1": 0.866626501083374
        },
        "1": {
            "0": 0.9560005068778992,
            "1": 0.9398692846298218
        }
    }
}