{
    "confidence_score": 0.8749940991401672,
    "ptm": 0.9695737957954407,
    "iptm": 0.9404761791229248,
    "ligand_iptm": 0.0,
    "protein_iptm": 0.9404761791229248,
    "complex_plddt": 0.8586235046386719,
    "complex_iplddt": 0.8061251640319824,
    "complex_pde": 0.2678963243961334,
    "complex_ipde": 0.3812851905822754,
    "chains_ptm": {
        "0": 0.9809445142745972,
        "1": 0.8757026791572571
    },
    "pair_chains_iptm": {
        "0": {
            "0": 0.9809445142745972,
            "1": 0.821236789226532
        },
        "1": {
            "0": 0.9404761791229248,
            "1": 0.8757026791572571
        }
    }
}