{
    "confidence_score": 0.9296184778213501,
    "ptm": 0.9706969261169434,
    "iptm": 0.9437799453735352,
    "ligand_iptm": 0.0,
    "protein_iptm": 0.9437799453735352,
    "complex_plddt": 0.9260780215263367,
    "complex_iplddt": 0.8932698965072632,
    "complex_pde": 0.2654080390930176,
    "complex_ipde": 0.3358517587184906,
    "chains_ptm": {
        "0": 0.9817442893981934,
        "1": 0.9454800486564636
    },
    "pair_chains_iptm": {
        "0": {
            "0": 0.9817442893981934,
            "1": 0.8907109498977661
        },
        "1": {
            "0": 0.9437799453735352,
            "1": 0.9454800486564636
        }
    }
}