{
    "confidence_score": 0.9260106086730957,
    "ptm": 0.9763751029968262,
    "iptm": 0.958755612373352,
    "ligand_iptm": 0.0,
    "protein_iptm": 0.958755612373352,
    "complex_plddt": 0.917824387550354,
    "complex_iplddt": 0.8870846033096313,
    "complex_pde": 0.2582198679447174,
    "complex_ipde": 0.30128100514411926,
    "chains_ptm": {
        "0": 0.9831920266151428,
        "1": 0.96126389503479
    },
    "pair_chains_iptm": {
        "0": {
            "0": 0.9831920266151428,
            "1": 0.9032154083251953
        },
        "1": {
            "0": 0.958755612373352,
            "1": 0.96126389503479
        }
    }
}