{
    "confidence_score": 0.9372095465660095,
    "ptm": 0.9776718020439148,
    "iptm": 0.9591294527053833,
    "ligand_iptm": 0.0,
    "protein_iptm": 0.9591294527053833,
    "complex_plddt": 0.9317295551300049,
    "complex_iplddt": 0.905985414981842,
    "complex_pde": 0.2567216157913208,
    "complex_ipde": 0.28383901715278625,
    "chains_ptm": {
        "0": 0.9838666915893555,
        "1": 0.9584251642227173
    },
    "pair_chains_iptm": {
        "0": {
            "0": 0.9838666915893555,
            "1": 0.9095691442489624
        },
        "1": {
            "0": 0.9591294527053833,
            "1": 0.9584251642227173
        }
    }
}