{
    "confidence_score": 0.9310247302055359,
    "ptm": 0.9675503969192505,
    "iptm": 0.9320828914642334,
    "ligand_iptm": 0.0,
    "protein_iptm": 0.9320828914642334,
    "complex_plddt": 0.9307602047920227,
    "complex_iplddt": 0.9005380272865295,
    "complex_pde": 0.268149197101593,
    "complex_ipde": 0.33652567863464355,
    "chains_ptm": {
        "0": 0.9794473052024841,
        "1": 0.9201731085777283
    },
    "pair_chains_iptm": {
        "0": {
            "0": 0.9794473052024841,
            "1": 0.8787612318992615
        },
        "1": {
            "0": 0.9320828914642334,
            "1": 0.9201731085777283
        }
    }
}