{
    "confidence_score": 0.9310712814331055,
    "ptm": 0.970722496509552,
    "iptm": 0.9409568309783936,
    "ligand_iptm": 0.0,
    "protein_iptm": 0.9409568309783936,
    "complex_plddt": 0.9285998940467834,
    "complex_iplddt": 0.9027639627456665,
    "complex_pde": 0.2635413110256195,
    "complex_ipde": 0.3241502344608307,
    "chains_ptm": {
        "0": 0.9825851321220398,
        "1": 0.9389572739601135
    },
    "pair_chains_iptm": {
        "0": {
            "0": 0.9825851321220398,
            "1": 0.8986338376998901
        },
        "1": {
            "0": 0.9409568309783936,
            "1": 0.9389572739601135
        }
    }
}