{
    "confidence_score": 0.9396501779556274,
    "ptm": 0.9747369885444641,
    "iptm": 0.9551262259483337,
    "ligand_iptm": 0.0,
    "protein_iptm": 0.9551262259483337,
    "complex_plddt": 0.9357811808586121,
    "complex_iplddt": 0.9070289731025696,
    "complex_pde": 0.25774380564689636,
    "complex_ipde": 0.28791573643684387,
    "chains_ptm": {
        "0": 0.9816211462020874,
        "1": 0.948772132396698
    },
    "pair_chains_iptm": {
        "0": {
            "0": 0.9816211462020874,
            "1": 0.897351861000061
        },
        "1": {
            "0": 0.9551262259483337,
            "1": 0.948772132396698
        }
    }
}