{
    "confidence_score": 0.8879178166389465,
    "ptm": 0.9743070006370544,
    "iptm": 0.9498793482780457,
    "ligand_iptm": 0.0,
    "protein_iptm": 0.9498793482780457,
    "complex_plddt": 0.8724274635314941,
    "complex_iplddt": 0.8173726797103882,
    "complex_pde": 0.2604023516178131,
    "complex_ipde": 0.3273772895336151,
    "chains_ptm": {
        "0": 0.9845019578933716,
        "1": 0.9448686242103577
    },
    "pair_chains_iptm": {
        "0": {
            "0": 0.9845019578933716,
            "1": 0.8671408295631409
        },
        "1": {
            "0": 0.9498793482780457,
            "1": 0.9448686242103577
        }
    }
}