{
    "confidence_score": 0.9232175946235657,
    "ptm": 0.9686685800552368,
    "iptm": 0.9301211833953857,
    "ligand_iptm": 0.0,
    "protein_iptm": 0.9301211833953857,
    "complex_plddt": 0.9214917421340942,
    "complex_iplddt": 0.8923858404159546,
    "complex_pde": 0.26522544026374817,
    "complex_ipde": 0.33888959884643555,
    "chains_ptm": {
        "0": 0.982643723487854,
        "1": 0.9384303092956543
    },
    "pair_chains_iptm": {
        "0": {
            "0": 0.982643723487854,
            "1": 0.8885671496391296
        },
        "1": {
            "0": 0.9301211833953857,
            "1": 0.9384303092956543
        }
    }
}