{
    "confidence_score": 0.6949727535247803,
    "ptm": 0.7288450598716736,
    "iptm": 0.7457296252250671,
    "ligand_iptm": 0.0,
    "protein_iptm": 0.0,
    "complex_plddt": 0.6822835206985474,
    "complex_iplddt": 0.6980609893798828,
    "complex_pde": 0.2881850004196167,
    "complex_ipde": 0.2890317142009735,
    "chains_ptm": {
        "0": 0.7242828011512756,
        "1": 0.766314685344696
    },
    "pair_chains_iptm": {
        "0": {
            "0": 0.7242828011512756,
            "1": 0.72230464220047
        },
        "1": {
            "0": 0.7457296252250671,
            "1": 0.766314685344696
        }
    }
}