{
    "confidence_score": 0.6909576654434204,
    "ptm": 0.7229396104812622,
    "iptm": 0.745578944683075,
    "ligand_iptm": 0.0,
    "protein_iptm": 0.0,
    "complex_plddt": 0.6773023009300232,
    "complex_iplddt": 0.7125022411346436,
    "complex_pde": 0.29820170998573303,
    "complex_ipde": 0.29713258147239685,
    "chains_ptm": {
        "0": 0.7313442230224609,
        "1": 0.7600628733634949
    },
    "pair_chains_iptm": {
        "0": {
            "0": 0.7313442230224609,
            "1": 0.6989153027534485
        },
        "1": {
            "0": 0.745578944683075,
            "1": 0.7600628733634949
        }
    }
}