{
    "confidence_score": 0.6994079947471619,
    "ptm": 0.7506237030029297,
    "iptm": 0.7559745907783508,
    "ligand_iptm": 0.0,
    "protein_iptm": 0.0,
    "complex_plddt": 0.685266375541687,
    "complex_iplddt": 0.701560914516449,
    "complex_pde": 0.28537648916244507,
    "complex_ipde": 0.28611302375793457,
    "chains_ptm": {
        "0": 0.7526006698608398,
        "1": 0.7701320648193359
    },
    "pair_chains_iptm": {
        "0": {
            "0": 0.7526006698608398,
            "1": 0.7463787794113159
        },
        "1": {
            "0": 0.7559745907783508,
            "1": 0.7701320648193359
        }
    }
}