{
    "confidence_score": 0.6578645706176758,
    "ptm": 0.7095916271209717,
    "iptm": 0.7392592430114746,
    "ligand_iptm": 0.0,
    "protein_iptm": 0.0,
    "complex_plddt": 0.6375159025192261,
    "complex_iplddt": 0.65394526720047,
    "complex_pde": 0.2979840338230133,
    "complex_ipde": 0.29754844307899475,
    "chains_ptm": {
        "0": 0.7181721329689026,
        "1": 0.7550294399261475
    },
    "pair_chains_iptm": {
        "0": {
            "0": 0.7181721329689026,
            "1": 0.6956874132156372
        },
        "1": {
            "0": 0.7392592430114746,
            "1": 0.7550294399261475
        }
    }
}