{
    "confidence_score": 0.6968802809715271,
    "ptm": 0.7170119285583496,
    "iptm": 0.7576702833175659,
    "ligand_iptm": 0.0,
    "protein_iptm": 0.0,
    "complex_plddt": 0.6816827654838562,
    "complex_iplddt": 0.7134023904800415,
    "complex_pde": 0.2969629466533661,
    "complex_ipde": 0.2989245355129242,
    "chains_ptm": {
        "0": 0.7169709801673889,
        "1": 0.7760031819343567
    },
    "pair_chains_iptm": {
        "0": {
            "0": 0.7169709801673889,
            "1": 0.7024264931678772
        },
        "1": {
            "0": 0.7576702833175659,
            "1": 0.7760031819343567
        }
    }
}