{
    "confidence_score": 0.692394495010376,
    "ptm": 0.7105278968811035,
    "iptm": 0.7294109463691711,
    "ligand_iptm": 0.0,
    "protein_iptm": 0.0,
    "complex_plddt": 0.6831403970718384,
    "complex_iplddt": 0.7067537903785706,
    "complex_pde": 0.2945253849029541,
    "complex_ipde": 0.29427647590637207,
    "chains_ptm": {
        "0": 0.7144521474838257,
        "1": 0.7440165281295776
    },
    "pair_chains_iptm": {
        "0": {
            "0": 0.7144521474838257,
            "1": 0.7042791247367859
        },
        "1": {
            "0": 0.7294109463691711,
            "1": 0.7440165281295776
        }
    }
}