{
    "confidence_score": 0.6766412258148193,
    "ptm": 0.7240282893180847,
    "iptm": 0.7457327246665955,
    "ligand_iptm": 0.0,
    "protein_iptm": 0.0,
    "complex_plddt": 0.6593683362007141,
    "complex_iplddt": 0.6743572950363159,
    "complex_pde": 0.30675560235977173,
    "complex_ipde": 0.3032872974872589,
    "chains_ptm": {
        "0": 0.7202576398849487,
        "1": 0.7482740879058838
    },
    "pair_chains_iptm": {
        "0": {
            "0": 0.7202576398849487,
            "1": 0.7172570824623108
        },
        "1": {
            "0": 0.7457327246665955,
            "1": 0.7482740879058838
        }
    }
}