{
    "confidence_score": 0.6847688555717468,
    "ptm": 0.7343016862869263,
    "iptm": 0.7593278884887695,
    "ligand_iptm": 0.0,
    "protein_iptm": 0.0,
    "complex_plddt": 0.6661290526390076,
    "complex_iplddt": 0.7027799487113953,
    "complex_pde": 0.30645155906677246,
    "complex_ipde": 0.304170161485672,
    "chains_ptm": {
        "0": 0.7209081053733826,
        "1": 0.772772490978241
    },
    "pair_chains_iptm": {
        "0": {
            "0": 0.7209081053733826,
            "1": 0.7139450907707214
        },
        "1": {
            "0": 0.7593278884887695,
            "1": 0.772772490978241
        }
    }
}