{
    "confidence_score": 0.6672540903091431,
    "ptm": 0.7072001695632935,
    "iptm": 0.7066668272018433,
    "ligand_iptm": 0.0,
    "protein_iptm": 0.0,
    "complex_plddt": 0.6574008464813232,
    "complex_iplddt": 0.6854813098907471,
    "complex_pde": 0.303608238697052,
    "complex_ipde": 0.3096984624862671,
    "chains_ptm": {
        "0": 0.715614378452301,
        "1": 0.723505437374115
    },
    "pair_chains_iptm": {
        "0": {
            "0": 0.715614378452301,
            "1": 0.7066668272018433
        },
        "1": {
            "0": 0.7042292952537537,
            "1": 0.723505437374115
        }
    }
}