{
    "confidence_score": 0.6793751120567322,
    "ptm": 0.705647349357605,
    "iptm": 0.7279971241950989,
    "ligand_iptm": 0.0,
    "protein_iptm": 0.0,
    "complex_plddt": 0.6672196388244629,
    "complex_iplddt": 0.6875378489494324,
    "complex_pde": 0.3023017346858978,
    "complex_ipde": 0.30537885427474976,
    "chains_ptm": {
        "0": 0.7004764676094055,
        "1": 0.742609977722168
    },
    "pair_chains_iptm": {
        "0": {
            "0": 0.7004764676094055,
            "1": 0.6729640960693359
        },
        "1": {
            "0": 0.7279971241950989,
            "1": 0.742609977722168
        }
    }
}