{
    "confidence_score": 0.7993888854980469,
    "ptm": 0.5641615390777588,
    "iptm": 0.0,
    "ligand_iptm": 0.0,
    "protein_iptm": 0.0,
    "complex_plddt": 0.8581957221031189,
    "complex_iplddt": 0.8581957221031189,
    "complex_pde": 0.6174778342247009,
    "complex_ipde": 0.0,
    "chains_ptm": {
        "0": 0.5641615390777588
    },
    "pair_chains_iptm": {
        "0": {
            "0": 0.5641615390777588
        }
    }
}