{
    "confidence_score": 0.8689687848091125,
    "ptm": 0.720211923122406,
    "iptm": 0.7198097109794617,
    "ligand_iptm": 0.0,
    "protein_iptm": 0.0,
    "complex_plddt": 0.9062585234642029,
    "complex_iplddt": 0.9062584638595581,
    "complex_pde": 0.25187140703201294,
    "complex_ipde": 0.25249332189559937,
    "chains_ptm": {
        "0": 0.7338155508041382,
        "1": 0.7370152473449707
    },
    "pair_chains_iptm": {
        "0": {
            "0": 0.7338155508041382,
            "1": 0.7198097109794617
        },
        "1": {
            "0": 0.7137896418571472,
            "1": 0.7370152473449707
        }
    }
}