{
    "confidence_score": 0.8627380728721619,
    "ptm": 0.6858940720558167,
    "iptm": 0.6779118776321411,
    "ligand_iptm": 0.0,
    "protein_iptm": 0.0,
    "complex_plddt": 0.9089445471763611,
    "complex_iplddt": 0.9089446067810059,
    "complex_pde": 0.25338295102119446,
    "complex_ipde": 0.25453492999076843,
    "chains_ptm": {
        "0": 0.7106201648712158,
        "1": 0.7101545929908752
    },
    "pair_chains_iptm": {
        "0": {
            "0": 0.7106201648712158,
            "1": 0.6779118776321411
        },
        "1": {
            "0": 0.6750238537788391,
            "1": 0.7101545929908752
        }
    }
}