{
    "confidence_score": 0.8654801249504089,
    "ptm": 0.7186413407325745,
    "iptm": 0.715540885925293,
    "ligand_iptm": 0.0,
    "protein_iptm": 0.0,
    "complex_plddt": 0.9029649496078491,
    "complex_iplddt": 0.9029650092124939,
    "complex_pde": 0.25126880407333374,
    "complex_ipde": 0.25167372822761536,
    "chains_ptm": {
        "0": 0.7334662079811096,
        "1": 0.7324879765510559
    },
    "pair_chains_iptm": {
        "0": {
            "0": 0.7334662079811096,
            "1": 0.715540885925293
        },
        "1": {
            "0": 0.7019752264022827,
            "1": 0.7324879765510559
        }
    }
}