{
    "confidence_score": 0.8626602292060852,
    "ptm": 0.6827099323272705,
    "iptm": 0.6735191345214844,
    "ligand_iptm": 0.0,
    "protein_iptm": 0.0,
    "complex_plddt": 0.9099454283714294,
    "complex_iplddt": 0.9099454283714294,
    "complex_pde": 0.25383272767066956,
    "complex_ipde": 0.25505053997039795,
    "chains_ptm": {
        "0": 0.702444314956665,
        "1": 0.7078855037689209
    },
    "pair_chains_iptm": {
        "0": {
            "0": 0.702444314956665,
            "1": 0.6735191345214844
        },
        "1": {
            "0": 0.6638281941413879,
            "1": 0.7078855037689209
        }
    }
}