{
    "confidence_score": 0.8662247061729431,
    "ptm": 0.7228497862815857,
    "iptm": 0.7170510292053223,
    "ligand_iptm": 0.0,
    "protein_iptm": 0.0,
    "complex_plddt": 0.9035181403160095,
    "complex_iplddt": 0.9035181999206543,
    "complex_pde": 0.25175705552101135,
    "complex_ipde": 0.25243833661079407,
    "chains_ptm": {
        "0": 0.7399303913116455,
        "1": 0.7386753559112549
    },
    "pair_chains_iptm": {
        "0": {
            "0": 0.7399303913116455,
            "1": 0.7111002802848816
        },
        "1": {
            "0": 0.7170510292053223,
            "1": 0.7386753559112549
        }
    }
}