{
    "confidence_score": 0.8652481436729431,
    "ptm": 0.6969577074050903,
    "iptm": 0.6953098773956299,
    "ligand_iptm": 0.0,
    "protein_iptm": 0.0,
    "complex_plddt": 0.9077327251434326,
    "complex_iplddt": 0.9077327847480774,
    "complex_pde": 0.2536311745643616,
    "complex_ipde": 0.2548190951347351,
    "chains_ptm": {
        "0": 0.7199028134346008,
        "1": 0.7223016619682312
    },
    "pair_chains_iptm": {
        "0": {
            "0": 0.7199028134346008,
            "1": 0.6953098773956299
        },
        "1": {
            "0": 0.6884456872940063,
            "1": 0.7223016619682312
        }
    }
}