{
    "confidence_score": 0.8681343197822571,
    "ptm": 0.7290377020835876,
    "iptm": 0.7249529957771301,
    "ligand_iptm": 0.0,
    "protein_iptm": 0.0,
    "complex_plddt": 0.9039296507835388,
    "complex_iplddt": 0.9039296507835388,
    "complex_pde": 0.25145187973976135,
    "complex_ipde": 0.2519744038581848,
    "chains_ptm": {
        "0": 0.7469815015792847,
        "1": 0.7441006302833557
    },
    "pair_chains_iptm": {
        "0": {
            "0": 0.7469815015792847,
            "1": 0.7249529957771301
        },
        "1": {
            "0": 0.7157192826271057,
            "1": 0.7441006302833557
        }
    }
}