{
    "confidence_score": 0.8673721551895142,
    "ptm": 0.7048059701919556,
    "iptm": 0.69915771484375,
    "ligand_iptm": 0.0,
    "protein_iptm": 0.0,
    "complex_plddt": 0.9094257354736328,
    "complex_iplddt": 0.909425675868988,
    "complex_pde": 0.2523276209831238,
    "complex_ipde": 0.2531147599220276,
    "chains_ptm": {
        "0": 0.7282619476318359,
        "1": 0.7251536250114441
    },
    "pair_chains_iptm": {
        "0": {
            "0": 0.7282619476318359,
            "1": 0.69915771484375
        },
        "1": {
            "0": 0.6944496035575867,
            "1": 0.7251536250114441
        }
    }
}