{
    "confidence_score": 0.8661479353904724,
    "ptm": 0.7152876257896423,
    "iptm": 0.7092902064323425,
    "ligand_iptm": 0.0,
    "protein_iptm": 0.0,
    "complex_plddt": 0.9053623676300049,
    "complex_iplddt": 0.9053623080253601,
    "complex_pde": 0.25245314836502075,
    "complex_ipde": 0.2533096969127655,
    "chains_ptm": {
        "0": 0.7293195724487305,
        "1": 0.7379558086395264
    },
    "pair_chains_iptm": {
        "0": {
            "0": 0.7293195724487305,
            "1": 0.7088778614997864
        },
        "1": {
            "0": 0.7092902064323425,
            "1": 0.7379558086395264
        }
    }
}