{
    "confidence_score": 0.8682255744934082,
    "ptm": 0.7184854745864868,
    "iptm": 0.7133230566978455,
    "ligand_iptm": 0.0,
    "protein_iptm": 0.0,
    "complex_plddt": 0.9069512486457825,
    "complex_iplddt": 0.9069513082504272,
    "complex_pde": 0.2522784471511841,
    "complex_ipde": 0.25305482745170593,
    "chains_ptm": {
        "0": 0.7348068356513977,
        "1": 0.7382158637046814
    },
    "pair_chains_iptm": {
        "0": {
            "0": 0.7348068356513977,
            "1": 0.7030242681503296
        },
        "1": {
            "0": 0.7133230566978455,
            "1": 0.7382158637046814
        }
    }
}