{
    "confidence_score": 0.7690178155899048,
    "ptm": 0.9399163722991943,
    "iptm": 0.857254147529602,
    "ligand_iptm": 0.0,
    "protein_iptm": 0.857254147529602,
    "complex_plddt": 0.7469586730003357,
    "complex_iplddt": 0.6777489185333252,
    "complex_pde": 0.4242451786994934,
    "complex_ipde": 1.2880281209945679,
    "chains_ptm": {
        "0": 0.9534249901771545,
        "1": 0.8990687131881714
    },
    "pair_chains_iptm": {
        "0": {
            "0": 0.9534249901771545,
            "1": 0.7837069630622864
        },
        "1": {
            "0": 0.857254147529602,
            "1": 0.8990687131881714
        }
    }
}