{
    "confidence_score": 0.8052725791931152,
    "ptm": 0.9601706266403198,
    "iptm": 0.9058915376663208,
    "ligand_iptm": 0.0,
    "protein_iptm": 0.9058915376663208,
    "complex_plddt": 0.7801178097724915,
    "complex_iplddt": 0.7406896352767944,
    "complex_pde": 0.3460855782032013,
    "complex_ipde": 0.7112559080123901,
    "chains_ptm": {
        "0": 0.9691871404647827,
        "1": 0.9338876605033875
    },
    "pair_chains_iptm": {
        "0": {
            "0": 0.9691871404647827,
            "1": 0.8960720896720886
        },
        "1": {
            "0": 0.9058915376663208,
            "1": 0.9338876605033875
        }
    }
}