{
    "confidence_score": 0.8198952078819275,
    "ptm": 0.9538822770118713,
    "iptm": 0.9385535717010498,
    "ligand_iptm": 0.0,
    "protein_iptm": 0.9385535717010498,
    "complex_plddt": 0.7902305722236633,
    "complex_iplddt": 0.7588556408882141,
    "complex_pde": 0.38129639625549316,
    "complex_ipde": 0.6515154838562012,
    "chains_ptm": {
        "0": 0.9567791819572449,
        "1": 0.9461058378219604
    },
    "pair_chains_iptm": {
        "0": {
            "0": 0.9567791819572449,
            "1": 0.899456799030304
        },
        "1": {
            "0": 0.9385535717010498,
            "1": 0.9461058378219604
        }
    }
}