{
    "confidence_score": 0.7600351572036743,
    "ptm": 0.9187849164009094,
    "iptm": 0.778683066368103,
    "ligand_iptm": 0.0,
    "protein_iptm": 0.778683066368103,
    "complex_plddt": 0.7553731799125671,
    "complex_iplddt": 0.6821591258049011,
    "complex_pde": 0.498214453458786,
    "complex_ipde": 1.8587584495544434,
    "chains_ptm": {
        "0": 0.9442781209945679,
        "1": 0.8270893692970276
    },
    "pair_chains_iptm": {
        "0": {
            "0": 0.9442781209945679,
            "1": 0.778683066368103
        },
        "1": {
            "0": 0.7623831033706665,
            "1": 0.8270893692970276
        }
    }
}