{
    "confidence_score": 0.761932373046875,
    "ptm": 0.9172881841659546,
    "iptm": 0.7606767416000366,
    "ligand_iptm": 0.0,
    "protein_iptm": 0.7606767416000366,
    "complex_plddt": 0.762246310710907,
    "complex_iplddt": 0.6960119605064392,
    "complex_pde": 0.5087288618087769,
    "complex_ipde": 2.0101521015167236,
    "chains_ptm": {
        "0": 0.9427263140678406,
        "1": 0.8357093930244446
    },
    "pair_chains_iptm": {
        "0": {
            "0": 0.9427263140678406,
            "1": 0.7407087683677673
        },
        "1": {
            "0": 0.7606767416000366,
            "1": 0.8357093930244446
        }
    }
}