{
    "confidence_score": 0.8007407188415527,
    "ptm": 0.9525951743125916,
    "iptm": 0.8775298595428467,
    "ligand_iptm": 0.0,
    "protein_iptm": 0.8775298595428467,
    "complex_plddt": 0.7815434336662292,
    "complex_iplddt": 0.7250033020973206,
    "complex_pde": 0.38642168045043945,
    "complex_ipde": 1.1003801822662354,
    "chains_ptm": {
        "0": 0.9646247625350952,
        "1": 0.9232651591300964
    },
    "pair_chains_iptm": {
        "0": {
            "0": 0.9646247625350952,
            "1": 0.8551948666572571
        },
        "1": {
            "0": 0.8775298595428467,
            "1": 0.9232651591300964
        }
    }
}