{
    "confidence_score": 0.7691468596458435,
    "ptm": 0.9195417761802673,
    "iptm": 0.842498242855072,
    "ligand_iptm": 0.0,
    "protein_iptm": 0.842498242855072,
    "complex_plddt": 0.7508089542388916,
    "complex_iplddt": 0.6928761601448059,
    "complex_pde": 0.4939160645008087,
    "complex_ipde": 1.3479596376419067,
    "chains_ptm": {
        "0": 0.9325832724571228,
        "1": 0.8984633088111877
    },
    "pair_chains_iptm": {
        "0": {
            "0": 0.9325832724571228,
            "1": 0.7703240513801575
        },
        "1": {
            "0": 0.842498242855072,
            "1": 0.8984633088111877
        }
    }
}