{
    "confidence_score": 0.7729606032371521,
    "ptm": 0.9512597918510437,
    "iptm": 0.8442132472991943,
    "ligand_iptm": 0.0,
    "protein_iptm": 0.8442132472991943,
    "complex_plddt": 0.7551474571228027,
    "complex_iplddt": 0.6791586875915527,
    "complex_pde": 0.3933929204940796,
    "complex_ipde": 1.3829247951507568,
    "chains_ptm": {
        "0": 0.9690699577331543,
        "1": 0.8724976181983948
    },
    "pair_chains_iptm": {
        "0": {
            "0": 0.9690699577331543,
            "1": 0.8087119460105896
        },
        "1": {
            "0": 0.8442132472991943,
            "1": 0.8724976181983948
        }
    }
}