{
    "confidence_score": 0.7534627914428711,
    "ptm": 0.9309644103050232,
    "iptm": 0.7719094753265381,
    "ligand_iptm": 0.0,
    "protein_iptm": 0.7719094753265381,
    "complex_plddt": 0.7488511204719543,
    "complex_iplddt": 0.6560134887695312,
    "complex_pde": 0.4841223359107971,
    "complex_ipde": 2.182744264602661,
    "chains_ptm": {
        "0": 0.9569090008735657,
        "1": 0.8910726308822632
    },
    "pair_chains_iptm": {
        "0": {
            "0": 0.9569090008735657,
            "1": 0.6890625953674316
        },
        "1": {
            "0": 0.7719094753265381,
            "1": 0.8910726308822632
        }
    }
}