{
    "confidence_score": 0.7619261145591736,
    "ptm": 0.9346471428871155,
    "iptm": 0.791808545589447,
    "ligand_iptm": 0.0,
    "protein_iptm": 0.791808545589447,
    "complex_plddt": 0.7544555068016052,
    "complex_iplddt": 0.6687533259391785,
    "complex_pde": 0.4715665578842163,
    "complex_ipde": 1.9864110946655273,
    "chains_ptm": {
        "0": 0.9581137299537659,
        "1": 0.8687612414360046
    },
    "pair_chains_iptm": {
        "0": {
            "0": 0.9581137299537659,
            "1": 0.7618919014930725
        },
        "1": {
            "0": 0.791808545589447,
            "1": 0.8687612414360046
        }
    }
}