{
    "confidence_score": 0.6226145029067993,
    "ptm": 0.24229511618614197,
    "iptm": 0.2009148746728897,
    "ligand_iptm": 0.0,
    "protein_iptm": 0.0,
    "complex_plddt": 0.7280393838882446,
    "complex_iplddt": 0.7549402713775635,
    "complex_pde": 0.6169421076774597,
    "complex_ipde": 0.8430742621421814,
    "chains_ptm": {
        "0": 0.2749001979827881,
        "1": 0.46942704916000366
    },
    "pair_chains_iptm": {
        "0": {
            "0": 0.2749001979827881,
            "1": 0.15467745065689087
        },
        "1": {
            "0": 0.2009148746728897,
            "1": 0.46942704916000366
        }
    }
}