{
    "confidence_score": 0.46210819482803345,
    "ptm": 0.21893078088760376,
    "iptm": 0.15352283418178558,
    "ligand_iptm": 0.0,
    "protein_iptm": 0.0,
    "complex_plddt": 0.5392545461654663,
    "complex_iplddt": 0.5447065234184265,
    "complex_pde": 0.7789728045463562,
    "complex_ipde": 1.1048818826675415,
    "chains_ptm": {
        "0": 0.20955680310726166,
        "1": 0.44383054971694946
    },
    "pair_chains_iptm": {
        "0": {
            "0": 0.20955680310726166,
            "1": 0.13044577836990356
        },
        "1": {
            "0": 0.15352283418178558,
            "1": 0.44383054971694946
        }
    }
}