{
    "confidence_score": 0.6528742909431458,
    "ptm": 0.276003897190094,
    "iptm": 0.23358561098575592,
    "ligand_iptm": 0.0,
    "protein_iptm": 0.0,
    "complex_plddt": 0.7576964497566223,
    "complex_iplddt": 0.7783547043800354,
    "complex_pde": 0.48405346274375916,
    "complex_ipde": 0.6409753561019897,
    "chains_ptm": {
        "0": 0.32620930671691895,
        "1": 0.4998162090778351
    },
    "pair_chains_iptm": {
        "0": {
            "0": 0.32620930671691895,
            "1": 0.18647870421409607
        },
        "1": {
            "0": 0.23358561098575592,
            "1": 0.4998162090778351
        }
    }
}