{
    "confidence_score": 0.5853998064994812,
    "ptm": 0.2557978928089142,
    "iptm": 0.19946494698524475,
    "ligand_iptm": 0.0,
    "protein_iptm": 0.0,
    "complex_plddt": 0.6818835139274597,
    "complex_iplddt": 0.6973215341567993,
    "complex_pde": 0.55300372838974,
    "complex_ipde": 0.7241517305374146,
    "chains_ptm": {
        "0": 0.2964836359024048,
        "1": 0.47057437896728516
    },
    "pair_chains_iptm": {
        "0": {
            "0": 0.2964836359024048,
            "1": 0.17018121480941772
        },
        "1": {
            "0": 0.19946494698524475,
            "1": 0.47057437896728516
        }
    }
}