{
    "confidence_score": 0.5629257559776306,
    "ptm": 0.24682047963142395,
    "iptm": 0.20595993101596832,
    "ligand_iptm": 0.0,
    "protein_iptm": 0.0,
    "complex_plddt": 0.6521672010421753,
    "complex_iplddt": 0.6722023487091064,
    "complex_pde": 0.63428795337677,
    "complex_ipde": 0.8018543720245361,
    "chains_ptm": {
        "0": 0.2634170949459076,
        "1": 0.4666496217250824
    },
    "pair_chains_iptm": {
        "0": {
            "0": 0.2634170949459076,
            "1": 0.15932144224643707
        },
        "1": {
            "0": 0.20595993101596832,
            "1": 0.4666496217250824
        }
    }
}