{
    "confidence_score": 0.5653865337371826,
    "ptm": 0.2763679325580597,
    "iptm": 0.22861644625663757,
    "ligand_iptm": 0.0,
    "protein_iptm": 0.0,
    "complex_plddt": 0.6495790481567383,
    "complex_iplddt": 0.6607685089111328,
    "complex_pde": 0.48267123103141785,
    "complex_ipde": 0.6202819347381592,
    "chains_ptm": {
        "0": 0.3063110113143921,
        "1": 0.472436785697937
    },
    "pair_chains_iptm": {
        "0": {
            "0": 0.3063110113143921,
            "1": 0.18231871724128723
        },
        "1": {
            "0": 0.22861644625663757,
            "1": 0.472436785697937
        }
    }
}