{
    "confidence_score": 0.6799311637878418,
    "ptm": 0.3149849474430084,
    "iptm": 0.2731688916683197,
    "ligand_iptm": 0.0,
    "protein_iptm": 0.0,
    "complex_plddt": 0.7816217541694641,
    "complex_iplddt": 0.805052638053894,
    "complex_pde": 0.40823784470558167,
    "complex_ipde": 0.5076113939285278,
    "chains_ptm": {
        "0": 0.35897567868232727,
        "1": 0.5398939251899719
    },
    "pair_chains_iptm": {
        "0": {
            "0": 0.35897567868232727,
            "1": 0.2284512221813202
        },
        "1": {
            "0": 0.2731688916683197,
            "1": 0.5398939251899719
        }
    }
}