{
    "confidence_score": 0.6515427231788635,
    "ptm": 0.27845412492752075,
    "iptm": 0.24503223598003387,
    "ligand_iptm": 0.0,
    "protein_iptm": 0.0,
    "complex_plddt": 0.7531703114509583,
    "complex_iplddt": 0.7752730250358582,
    "complex_pde": 0.47523483633995056,
    "complex_ipde": 0.6171658635139465,
    "chains_ptm": {
        "0": 0.32412731647491455,
        "1": 0.49297675490379333
    },
    "pair_chains_iptm": {
        "0": {
            "0": 0.32412731647491455,
            "1": 0.18784084916114807
        },
        "1": {
            "0": 0.24503223598003387,
            "1": 0.49297675490379333
        }
    }
}