{
    "confidence_score": 0.6422550678253174,
    "ptm": 0.2806909382343292,
    "iptm": 0.23399850726127625,
    "ligand_iptm": 0.0,
    "protein_iptm": 0.0,
    "complex_plddt": 0.7443192005157471,
    "complex_iplddt": 0.7622309327125549,
    "complex_pde": 0.47399839758872986,
    "complex_ipde": 0.5994310975074768,
    "chains_ptm": {
        "0": 0.3136802017688751,
        "1": 0.5030391812324524
    },
    "pair_chains_iptm": {
        "0": {
            "0": 0.3136802017688751,
            "1": 0.19372877478599548
        },
        "1": {
            "0": 0.23399850726127625,
            "1": 0.5030391812324524
        }
    }
}