{
    "confidence_score": 0.5993958711624146,
    "ptm": 0.2238091230392456,
    "iptm": 0.18131062388420105,
    "ligand_iptm": 0.0,
    "protein_iptm": 0.0,
    "complex_plddt": 0.7039171457290649,
    "complex_iplddt": 0.7317937612533569,
    "complex_pde": 0.6741576194763184,
    "complex_ipde": 0.9144545793533325,
    "chains_ptm": {
        "0": 0.2509421706199646,
        "1": 0.44055142998695374
    },
    "pair_chains_iptm": {
        "0": {
            "0": 0.2509421706199646,
            "1": 0.13091899454593658
        },
        "1": {
            "0": 0.18131062388420105,
            "1": 0.44055142998695374
        }
    }
}