{
    "confidence_score": 0.7843658328056335,
    "ptm": 0.8734886646270752,
    "iptm": 0.5671898722648621,
    "ligand_iptm": 0.0,
    "protein_iptm": 0.5671898722648621,
    "complex_plddt": 0.8386598229408264,
    "complex_iplddt": 0.777769923210144,
    "complex_pde": 0.6001452803611755,
    "complex_ipde": 7.743230819702148,
    "chains_ptm": {
        "0": 0.9676089882850647,
        "1": 0.8258437514305115
    },
    "pair_chains_iptm": {
        "0": {
            "0": 0.9676089882850647,
            "1": 0.49033626914024353
        },
        "1": {
            "0": 0.5671898722648621,
            "1": 0.8258437514305115
        }
    }
}