{
    "confidence_score": 0.7193428874015808,
    "ptm": 0.8137826919555664,
    "iptm": 0.2920052111148834,
    "ligand_iptm": 0.0,
    "protein_iptm": 0.2920052111148834,
    "complex_plddt": 0.8261772394180298,
    "complex_iplddt": 0.7845665812492371,
    "complex_pde": 0.70699542760849,
    "complex_ipde": 10.513442993164062,
    "chains_ptm": {
        "0": 0.9723947048187256,
        "1": 0.7467661499977112
    },
    "pair_chains_iptm": {
        "0": {
            "0": 0.9723947048187256,
            "1": 0.22606991231441498
        },
        "1": {
            "0": 0.2920052111148834,
            "1": 0.7467661499977112
        }
    }
}