{
    "confidence_score": 0.8462192416191101,
    "ptm": 0.9375500679016113,
    "iptm": 0.8225290775299072,
    "ligand_iptm": 0.0,
    "protein_iptm": 0.8225290775299072,
    "complex_plddt": 0.8521418571472168,
    "complex_iplddt": 0.8121979236602783,
    "complex_pde": 0.34088262915611267,
    "complex_ipde": 1.5998365879058838,
    "chains_ptm": {
        "0": 0.9819550514221191,
        "1": 0.8666692972183228
    },
    "pair_chains_iptm": {
        "0": {
            "0": 0.9819550514221191,
            "1": 0.8225290775299072
        },
        "1": {
            "0": 0.7951344847679138,
            "1": 0.8666692972183228
        }
    }
}