{
    "confidence_score": 0.726514458656311,
    "ptm": 0.8024746179580688,
    "iptm": 0.26459917426109314,
    "ligand_iptm": 0.0,
    "protein_iptm": 0.26459917426109314,
    "complex_plddt": 0.8419932723045349,
    "complex_iplddt": 0.7859086990356445,
    "complex_pde": 0.7513930797576904,
    "complex_ipde": 12.45053482055664,
    "chains_ptm": {
        "0": 0.9642164707183838,
        "1": 0.7755759954452515
    },
    "pair_chains_iptm": {
        "0": {
            "0": 0.9642164707183838,
            "1": 0.20918457210063934
        },
        "1": {
            "0": 0.26459917426109314,
            "1": 0.7755759954452515
        }
    }
}