{
    "confidence_score": 0.7551851272583008,
    "ptm": 0.8382956385612488,
    "iptm": 0.44486066699028015,
    "ligand_iptm": 0.0,
    "protein_iptm": 0.44486066699028015,
    "complex_plddt": 0.8327662348747253,
    "complex_iplddt": 0.7502021193504333,
    "complex_pde": 0.662827730178833,
    "complex_ipde": 8.576247215270996,
    "chains_ptm": {
        "0": 0.9608757495880127,
        "1": 0.7867203950881958
    },
    "pair_chains_iptm": {
        "0": {
            "0": 0.9608757495880127,
            "1": 0.3288927376270294
        },
        "1": {
            "0": 0.44486066699028015,
            "1": 0.7867203950881958
        }
    }
}