{
    "confidence_score": 0.7920333743095398,
    "ptm": 0.8702166676521301,
    "iptm": 0.5738086104393005,
    "ligand_iptm": 0.0,
    "protein_iptm": 0.5738086104393005,
    "complex_plddt": 0.8465895652770996,
    "complex_iplddt": 0.7651762962341309,
    "complex_pde": 0.5486988425254822,
    "complex_ipde": 5.541764259338379,
    "chains_ptm": {
        "0": 0.9686426520347595,
        "1": 0.7482689023017883
    },
    "pair_chains_iptm": {
        "0": {
            "0": 0.9686426520347595,
            "1": 0.5738086104393005
        },
        "1": {
            "0": 0.5484516620635986,
            "1": 0.7482689023017883
        }
    }
}