{
    "confidence_score": 0.7844528555870056,
    "ptm": 0.8797274827957153,
    "iptm": 0.5727815628051758,
    "ligand_iptm": 0.0,
    "protein_iptm": 0.5727815628051758,
    "complex_plddt": 0.8373706936836243,
    "complex_iplddt": 0.7779679894447327,
    "complex_pde": 0.5670168399810791,
    "complex_ipde": 7.7069220542907715,
    "chains_ptm": {
        "0": 0.9752034544944763,
        "1": 0.834175169467926
    },
    "pair_chains_iptm": {
        "0": {
            "0": 0.9752034544944763,
            "1": 0.47051137685775757
        },
        "1": {
            "0": 0.5727815628051758,
            "1": 0.834175169467926
        }
    }
}