{
    "confidence_score": 0.8361580967903137,
    "ptm": 0.9231897592544556,
    "iptm": 0.7841582298278809,
    "ligand_iptm": 0.0,
    "protein_iptm": 0.7841582298278809,
    "complex_plddt": 0.8491580486297607,
    "complex_iplddt": 0.7942689061164856,
    "complex_pde": 0.3794988691806793,
    "complex_ipde": 1.7399970293045044,
    "chains_ptm": {
        "0": 0.9744889736175537,
        "1": 0.8123325109481812
    },
    "pair_chains_iptm": {
        "0": {
            "0": 0.9744889736175537,
            "1": 0.7841582298278809
        },
        "1": {
            "0": 0.7557162642478943,
            "1": 0.8123325109481812
        }
    }
}