{
    "confidence_score": 0.7846236824989319,
    "ptm": 0.8701171278953552,
    "iptm": 0.5155794620513916,
    "ligand_iptm": 0.0,
    "protein_iptm": 0.5155794620513916,
    "complex_plddt": 0.8518847227096558,
    "complex_iplddt": 0.7813504338264465,
    "complex_pde": 0.553522527217865,
    "complex_ipde": 8.005386352539062,
    "chains_ptm": {
        "0": 0.9815622568130493,
        "1": 0.8470991253852844
    },
    "pair_chains_iptm": {
        "0": {
            "0": 0.9815622568130493,
            "1": 0.44671830534935
        },
        "1": {
            "0": 0.5155794620513916,
            "1": 0.8470991253852844
        }
    }
}