{
    "confidence_score": 0.7429360151290894,
    "ptm": 0.8439189791679382,
    "iptm": 0.44878220558166504,
    "ligand_iptm": 0.0,
    "protein_iptm": 0.44878220558166504,
    "complex_plddt": 0.816474437713623,
    "complex_iplddt": 0.7531029582023621,
    "complex_pde": 0.6030871868133545,
    "complex_ipde": 7.483249187469482,
    "chains_ptm": {
        "0": 0.9641725420951843,
        "1": 0.8029847741127014
    },
    "pair_chains_iptm": {
        "0": {
            "0": 0.9641725420951843,
            "1": 0.38276413083076477
        },
        "1": {
            "0": 0.44878220558166504,
            "1": 0.8029847741127014
        }
    }
}