{
    "confidence_score": 0.6934806108474731,
    "ptm": 0.5813773274421692,
    "iptm": 0.5793585777282715,
    "ligand_iptm": 0.0,
    "protein_iptm": 0.5793585777282715,
    "complex_plddt": 0.7220110893249512,
    "complex_iplddt": 0.739794909954071,
    "complex_pde": 0.9599076509475708,
    "complex_ipde": 3.2050745487213135,
    "chains_ptm": {
        "0": 0.5944498777389526,
        "1": 0.6269615292549133
    },
    "pair_chains_iptm": {
        "0": {
            "0": 0.5944498777389526,
            "1": 0.48709747195243835
        },
        "1": {
            "0": 0.5793585777282715,
            "1": 0.6269615292549133
        }
    }
}