{
    "confidence_score": 0.7026597857475281,
    "ptm": 0.5649316310882568,
    "iptm": 0.594443142414093,
    "ligand_iptm": 0.0,
    "protein_iptm": 0.594443142414093,
    "complex_plddt": 0.7297139167785645,
    "complex_iplddt": 0.747424840927124,
    "complex_pde": 0.8676011562347412,
    "complex_ipde": 3.0092217922210693,
    "chains_ptm": {
        "0": 0.5492017269134521,
        "1": 0.6575581431388855
    },
    "pair_chains_iptm": {
        "0": {
            "0": 0.5492017269134521,
            "1": 0.4507460296154022
        },
        "1": {
            "0": 0.594443142414093,
            "1": 0.6575581431388855
        }
    }
}