{
    "confidence_score": 0.6900945901870728,
    "ptm": 0.5404946804046631,
    "iptm": 0.5511184930801392,
    "ligand_iptm": 0.0,
    "protein_iptm": 0.5511184930801392,
    "complex_plddt": 0.7248386144638062,
    "complex_iplddt": 0.7300801277160645,
    "complex_pde": 1.0343266725540161,
    "complex_ipde": 3.491295099258423,
    "chains_ptm": {
        "0": 0.5436351895332336,
        "1": 0.6134489178657532
    },
    "pair_chains_iptm": {
        "0": {
            "0": 0.5436351895332336,
            "1": 0.44535160064697266
        },
        "1": {
            "0": 0.5511184930801392,
            "1": 0.6134489178657532
        }
    }
}