{
    "confidence_score": 0.7937681078910828,
    "ptm": 0.5365205407142639,
    "iptm": 0.47848621010780334,
    "ligand_iptm": 0.0,
    "protein_iptm": 0.0,
    "complex_plddt": 0.872588574886322,
    "complex_iplddt": 0.8852426409721375,
    "complex_pde": 0.2882915139198303,
    "complex_ipde": 0.3139391541481018,
    "chains_ptm": {
        "0": 0.5986150503158569,
        "1": 0.5963185429573059
    },
    "pair_chains_iptm": {
        "0": {
            "0": 0.5986150503158569,
            "1": 0.47848621010780334
        },
        "1": {
            "0": 0.4662083387374878,
            "1": 0.5963185429573059
        }
    }
}