{
    "confidence_score": 0.7416912317276001,
    "ptm": 0.49377965927124023,
    "iptm": 0.4312293231487274,
    "ligand_iptm": 0.0,
    "protein_iptm": 0.0,
    "complex_plddt": 0.8193066716194153,
    "complex_iplddt": 0.8715523481369019,
    "complex_pde": 0.31538712978363037,
    "complex_ipde": 0.353982150554657,
    "chains_ptm": {
        "0": 0.5598734617233276,
        "1": 0.5653183460235596
    },
    "pair_chains_iptm": {
        "0": {
            "0": 0.5598734617233276,
            "1": 0.4312293231487274
        },
        "1": {
            "0": 0.4230556786060333,
            "1": 0.5653183460235596
        }
    }
}