{
    "confidence_score": 0.718754231929779,
    "ptm": 0.47726425528526306,
    "iptm": 0.41185522079467773,
    "ligand_iptm": 0.0,
    "protein_iptm": 0.0,
    "complex_plddt": 0.7954789996147156,
    "complex_iplddt": 0.8624800443649292,
    "complex_pde": 0.4142782390117645,
    "complex_ipde": 0.5271230936050415,
    "chains_ptm": {
        "0": 0.5607651472091675,
        "1": 0.5650252103805542
    },
    "pair_chains_iptm": {
        "0": {
            "0": 0.5607651472091675,
            "1": 0.41185522079467773
        },
        "1": {
            "0": 0.4066595137119293,
            "1": 0.5650252103805542
        }
    }
}