{
    "confidence_score": 0.7341501116752625,
    "ptm": 0.5168293118476868,
    "iptm": 0.4524444341659546,
    "ligand_iptm": 0.0,
    "protein_iptm": 0.0,
    "complex_plddt": 0.804576575756073,
    "complex_iplddt": 0.8482235670089722,
    "complex_pde": 0.35183432698249817,
    "complex_ipde": 0.43215540051460266,
    "chains_ptm": {
        "0": 0.5770621299743652,
        "1": 0.5925402641296387
    },
    "pair_chains_iptm": {
        "0": {
            "0": 0.5770621299743652,
            "1": 0.4485945999622345
        },
        "1": {
            "0": 0.4524444341659546,
            "1": 0.5925402641296387
        }
    }
}