{
    "confidence_score": 0.7927048206329346,
    "ptm": 0.5513290762901306,
    "iptm": 0.49111318588256836,
    "ligand_iptm": 0.0,
    "protein_iptm": 0.0,
    "complex_plddt": 0.8681027293205261,
    "complex_iplddt": 0.8838377594947815,
    "complex_pde": 0.28563401103019714,
    "complex_ipde": 0.3098609149456024,
    "chains_ptm": {
        "0": 0.6224308013916016,
        "1": 0.6195534467697144
    },
    "pair_chains_iptm": {
        "0": {
            "0": 0.6224308013916016,
            "1": 0.49111318588256836
        },
        "1": {
            "0": 0.4846054017543793,
            "1": 0.6195534467697144
        }
    }
}