{
    "confidence_score": 0.7477080821990967,
    "ptm": 0.5055556893348694,
    "iptm": 0.44243961572647095,
    "ligand_iptm": 0.0,
    "protein_iptm": 0.0,
    "complex_plddt": 0.8240252137184143,
    "complex_iplddt": 0.8594502210617065,
    "complex_pde": 0.30220142006874084,
    "complex_ipde": 0.3331104516983032,
    "chains_ptm": {
        "0": 0.5710946321487427,
        "1": 0.5747636556625366
    },
    "pair_chains_iptm": {
        "0": {
            "0": 0.5710946321487427,
            "1": 0.44243961572647095
        },
        "1": {
            "0": 0.44196802377700806,
            "1": 0.5747636556625366
        }
    }
}