{
    "confidence_score": 0.7909609079360962,
    "ptm": 0.5480174422264099,
    "iptm": 0.493317574262619,
    "ligand_iptm": 0.0,
    "protein_iptm": 0.0,
    "complex_plddt": 0.8653717041015625,
    "complex_iplddt": 0.8803701400756836,
    "complex_pde": 0.28957536816596985,
    "complex_ipde": 0.3174179494380951,
    "chains_ptm": {
        "0": 0.6097599864006042,
        "1": 0.6070863008499146
    },
    "pair_chains_iptm": {
        "0": {
            "0": 0.6097599864006042,
            "1": 0.493317574262619
        },
        "1": {
            "0": 0.48136287927627563,
            "1": 0.6070863008499146
        }
    }
}