{
    "confidence_score": 0.786935031414032,
    "ptm": 0.5221688747406006,
    "iptm": 0.46215739846229553,
    "ligand_iptm": 0.0,
    "protein_iptm": 0.0,
    "complex_plddt": 0.8681294322013855,
    "complex_iplddt": 0.8849232196807861,
    "complex_pde": 0.2942735254764557,
    "complex_ipde": 0.32402503490448,
    "chains_ptm": {
        "0": 0.5974177718162537,
        "1": 0.5970751643180847
    },
    "pair_chains_iptm": {
        "0": {
            "0": 0.5974177718162537,
            "1": 0.46215739846229553
        },
        "1": {
            "0": 0.4603172540664673,
            "1": 0.5970751643180847
        }
    }
}