{
    "confidence_score": 0.7788349986076355,
    "ptm": 0.5366756319999695,
    "iptm": 0.4800650477409363,
    "ligand_iptm": 0.0,
    "protein_iptm": 0.0,
    "complex_plddt": 0.8535274863243103,
    "complex_iplddt": 0.8774856925010681,
    "complex_pde": 0.2979362905025482,
    "complex_ipde": 0.33109259605407715,
    "chains_ptm": {
        "0": 0.606211245059967,
        "1": 0.6037724018096924
    },
    "pair_chains_iptm": {
        "0": {
            "0": 0.606211245059967,
            "1": 0.4800650477409363
        },
        "1": {
            "0": 0.4694552719593048,
            "1": 0.6037724018096924
        }
    }
}