{
    "confidence_score": 0.7854394316673279,
    "ptm": 0.533197283744812,
    "iptm": 0.47272399067878723,
    "ligand_iptm": 0.0,
    "protein_iptm": 0.0,
    "complex_plddt": 0.8636183142662048,
    "complex_iplddt": 0.8900272846221924,
    "complex_pde": 0.29617980122566223,
    "complex_ipde": 0.3271390199661255,
    "chains_ptm": {
        "0": 0.5883416533470154,
        "1": 0.6034106016159058
    },
    "pair_chains_iptm": {
        "0": {
            "0": 0.5883416533470154,
            "1": 0.47272399067878723
        },
        "1": {
            "0": 0.46566951274871826,
            "1": 0.6034106016159058
        }
    }
}