{
    "confidence_score": 0.27583515644073486,
    "ptm": 0.20974482595920563,
    "iptm": 0.12116523087024689,
    "ligand_iptm": 0.0,
    "protein_iptm": 0.12116523087024689,
    "complex_plddt": 0.31450262665748596,
    "complex_iplddt": 0.310590535402298,
    "complex_pde": 4.041874408721924,
    "complex_ipde": 10.089393615722656,
    "chains_ptm": {
        "0": 0.31072935461997986,
        "1": 0.30793172121047974
    },
    "pair_chains_iptm": {
        "0": {
            "0": 0.31072935461997986,
            "1": 0.12116523087024689
        },
        "1": {
            "0": 0.12091771513223648,
            "1": 0.30793172121047974
        }
    }
}