{
    "confidence_score": 0.25932690501213074,
    "ptm": 0.18827086687088013,
    "iptm": 0.11772339046001434,
    "ligand_iptm": 0.0,
    "protein_iptm": 0.11772339046001434,
    "complex_plddt": 0.29472777247428894,
    "complex_iplddt": 0.27188974618911743,
    "complex_pde": 4.2635955810546875,
    "complex_ipde": 10.842150688171387,
    "chains_ptm": {
        "0": 0.2789442837238312,
        "1": 0.2850506603717804
    },
    "pair_chains_iptm": {
        "0": {
            "0": 0.2789442837238312,
            "1": 0.11628760397434235
        },
        "1": {
            "0": 0.11772339046001434,
            "1": 0.2850506603717804
        }
    }
}