{
    "confidence_score": 0.2837933599948883,
    "ptm": 0.29230615496635437,
    "iptm": 0.17497436702251434,
    "ligand_iptm": 0.0,
    "protein_iptm": 0.17497436702251434,
    "complex_plddt": 0.3109981119632721,
    "complex_iplddt": 0.28658702969551086,
    "complex_pde": 3.531458616256714,
    "complex_ipde": 9.369282722473145,
    "chains_ptm": {
        "0": 0.42020663619041443,
        "1": 0.41789931058883667
    },
    "pair_chains_iptm": {
        "0": {
            "0": 0.42020663619041443,
            "1": 0.17497436702251434
        },
        "1": {
            "0": 0.1712789088487625,
            "1": 0.41789931058883667
        }
    }
}