{
    "confidence_score": 0.2817492187023163,
    "ptm": 0.19511093199253082,
    "iptm": 0.11969166994094849,
    "ligand_iptm": 0.0,
    "protein_iptm": 0.11969166994094849,
    "complex_plddt": 0.32226359844207764,
    "complex_iplddt": 0.2971271276473999,
    "complex_pde": 4.071800231933594,
    "complex_ipde": 10.538989067077637,
    "chains_ptm": {
        "0": 0.2869352400302887,
        "1": 0.288910448551178
    },
    "pair_chains_iptm": {
        "0": {
            "0": 0.2869352400302887,
            "1": 0.11969166994094849
        },
        "1": {
            "0": 0.11926939338445663,
            "1": 0.288910448551178
        }
    }
}