{
    "confidence_score": 0.2854280173778534,
    "ptm": 0.2074449509382248,
    "iptm": 0.12173532694578171,
    "ligand_iptm": 0.0,
    "protein_iptm": 0.12173532694578171,
    "complex_plddt": 0.32635119557380676,
    "complex_iplddt": 0.3019788861274719,
    "complex_pde": 4.0535688400268555,
    "complex_ipde": 10.438390731811523,
    "chains_ptm": {
        "0": 0.30727478861808777,
        "1": 0.31097450852394104
    },
    "pair_chains_iptm": {
        "0": {
            "0": 0.30727478861808777,
            "1": 0.11882001161575317
        },
        "1": {
            "0": 0.12173532694578171,
            "1": 0.31097450852394104
        }
    }
}