{
    "confidence_score": 0.9218725562095642,
    "ptm": 0.9762359261512756,
    "iptm": 0.9559126496315002,
    "ligand_iptm": 0.0,
    "protein_iptm": 0.9559126496315002,
    "complex_plddt": 0.9133625030517578,
    "complex_iplddt": 0.8804410099983215,
    "complex_pde": 0.25731825828552246,
    "complex_ipde": 0.2965446710586548,
    "chains_ptm": {
        "0": 0.9844928979873657,
        "1": 0.9447615146636963
    },
    "pair_chains_iptm": {
        "0": {
            "0": 0.9844928979873657,
            "1": 0.8972028493881226
        },
        "1": {
            "0": 0.9559126496315002,
            "1": 0.9447615146636963
        }
    }
}