{
    "confidence_score": 0.9098483324050903,
    "ptm": 0.9712671041488647,
    "iptm": 0.9471033215522766,
    "ligand_iptm": 0.0,
    "protein_iptm": 0.9471033215522766,
    "complex_plddt": 0.9005345702171326,
    "complex_iplddt": 0.8552326560020447,
    "complex_pde": 0.25990116596221924,
    "complex_ipde": 0.313457727432251,
    "chains_ptm": {
        "0": 0.9825149774551392,
        "1": 0.9210666418075562
    },
    "pair_chains_iptm": {
        "0": {
            "0": 0.9825149774551392,
            "1": 0.8441046476364136
        },
        "1": {
            "0": 0.9471033215522766,
            "1": 0.9210666418075562
        }
    }
}