{
    "confidence_score": 0.26966938376426697,
    "ptm": 0.205685093998909,
    "iptm": 0.11251451820135117,
    "ligand_iptm": 0.0,
    "protein_iptm": 0.11251451820135117,
    "complex_plddt": 0.3089580833911896,
    "complex_iplddt": 0.28689953684806824,
    "complex_pde": 4.198315620422363,
    "complex_ipde": 10.42364501953125,
    "chains_ptm": {
        "0": 0.3108181059360504,
        "1": 0.3091195523738861
    },
    "pair_chains_iptm": {
        "0": {
            "0": 0.3108181059360504,
            "1": 0.11058881878852844
        },
        "1": {
            "0": 0.11251451820135117,
            "1": 0.3091195523738861
        }
    }
}