{
    "confidence_score": 0.25123798847198486,
    "ptm": 0.189656063914299,
    "iptm": 0.10264699161052704,
    "ligand_iptm": 0.0,
    "protein_iptm": 0.10264699161052704,
    "complex_plddt": 0.2883857488632202,
    "complex_iplddt": 0.2648402452468872,
    "complex_pde": 4.241677761077881,
    "complex_ipde": 10.744654655456543,
    "chains_ptm": {
        "0": 0.27269768714904785,
        "1": 0.2774641513824463
    },
    "pair_chains_iptm": {
        "0": {
            "0": 0.27269768714904785,
            "1": 0.10264699161052704
        },
        "1": {
            "0": 0.10256325453519821,
            "1": 0.2774641513824463
        }
    }
}