{
    "confidence_score": 0.2588880658149719,
    "ptm": 0.1917584091424942,
    "iptm": 0.1176944300532341,
    "ligand_iptm": 0.0,
    "protein_iptm": 0.1176944300532341,
    "complex_plddt": 0.29418647289276123,
    "complex_iplddt": 0.27215197682380676,
    "complex_pde": 4.346823692321777,
    "complex_ipde": 10.910191535949707,
    "chains_ptm": {
        "0": 0.2771148085594177,
        "1": 0.2773994505405426
    },
    "pair_chains_iptm": {
        "0": {
            "0": 0.2771148085594177,
            "1": 0.1176944300532341
        },
        "1": {
            "0": 0.11720852553844452,
            "1": 0.2773994505405426
        }
    }
}