{
    "confidence_score": 0.2552015781402588,
    "ptm": 0.19771046936511993,
    "iptm": 0.1206989586353302,
    "ligand_iptm": 0.0,
    "protein_iptm": 0.1206989586353302,
    "complex_plddt": 0.28882724046707153,
    "complex_iplddt": 0.26855725049972534,
    "complex_pde": 4.232656002044678,
    "complex_ipde": 10.552120208740234,
    "chains_ptm": {
        "0": 0.2927532494068146,
        "1": 0.2895600497722626
    },
    "pair_chains_iptm": {
        "0": {
            "0": 0.2927532494068146,
            "1": 0.11510468274354935
        },
        "1": {
            "0": 0.1206989586353302,
            "1": 0.2895600497722626
        }
    }
}