{
    "confidence_score": 0.26666879653930664,
    "ptm": 0.19427040219306946,
    "iptm": 0.12199515104293823,
    "ligand_iptm": 0.0,
    "protein_iptm": 0.12199515104293823,
    "complex_plddt": 0.30283719301223755,
    "complex_iplddt": 0.27615928649902344,
    "complex_pde": 4.139370441436768,
    "complex_ipde": 10.1514892578125,
    "chains_ptm": {
        "0": 0.2667924165725708,
        "1": 0.2712221145629883
    },
    "pair_chains_iptm": {
        "0": {
            "0": 0.2667924165725708,
            "1": 0.12159047275781631
        },
        "1": {
            "0": 0.12199515104293823,
            "1": 0.2712221145629883
        }
    }
}