{
    "confidence_score": 0.8893478512763977,
    "ptm": 0.9249604940414429,
    "iptm": 0.9150503873825073,
    "ligand_iptm": 0.0,
    "protein_iptm": 0.9150503873825073,
    "complex_plddt": 0.8829222321510315,
    "complex_iplddt": 0.8639829158782959,
    "complex_pde": 0.4389556348323822,
    "complex_ipde": 0.9820104837417603,
    "chains_ptm": {
        "0": 0.9585080146789551,
        "1": 0.9546864032745361
    },
    "pair_chains_iptm": {
        "0": {
            "0": 0.9585080146789551,
            "1": 0.9150503873825073
        },
        "1": {
            "0": 0.9131036400794983,
            "1": 0.9546864032745361
        }
    }
}