{
    "confidence_score": 0.8826039433479309,
    "ptm": 0.9138891696929932,
    "iptm": 0.896317720413208,
    "ligand_iptm": 0.0,
    "protein_iptm": 0.896317720413208,
    "complex_plddt": 0.8791754841804504,
    "complex_iplddt": 0.8471536040306091,
    "complex_pde": 0.5000145435333252,
    "complex_ipde": 1.267039179801941,
    "chains_ptm": {
        "0": 0.9481306672096252,
        "1": 0.9493692517280579
    },
    "pair_chains_iptm": {
        "0": {
            "0": 0.9481306672096252,
            "1": 0.896317720413208
        },
        "1": {
            "0": 0.8955894112586975,
            "1": 0.9493692517280579
        }
    }
}