{
    "confidence_score": 0.8740308880805969,
    "ptm": 0.8979310989379883,
    "iptm": 0.8898109197616577,
    "ligand_iptm": 0.0,
    "protein_iptm": 0.8898109197616577,
    "complex_plddt": 0.8700858354568481,
    "complex_iplddt": 0.8399313688278198,
    "complex_pde": 0.5154474377632141,
    "complex_ipde": 1.1978691816329956,
    "chains_ptm": {
        "0": 0.9400126338005066,
        "1": 0.9323267936706543
    },
    "pair_chains_iptm": {
        "0": {
            "0": 0.9400126338005066,
            "1": 0.8898109197616577
        },
        "1": {
            "0": 0.8791365027427673,
            "1": 0.9323267936706543
        }
    }
}