{
    "confidence_score": 0.886713445186615,
    "ptm": 0.9435664415359497,
    "iptm": 0.9352726340293884,
    "ligand_iptm": 0.0,
    "protein_iptm": 0.9352726340293884,
    "complex_plddt": 0.8745735883712769,
    "complex_iplddt": 0.8368077278137207,
    "complex_pde": 0.3597404658794403,
    "complex_ipde": 0.6340715885162354,
    "chains_ptm": {
        "0": 0.9670592546463013,
        "1": 0.9680452942848206
    },
    "pair_chains_iptm": {
        "0": {
            "0": 0.9670592546463013,
            "1": 0.9282768368721008
        },
        "1": {
            "0": 0.9352726340293884,
            "1": 0.9680452942848206
        }
    }
}