{
    "confidence_score": 0.8853956460952759,
    "ptm": 0.9381279349327087,
    "iptm": 0.9297590851783752,
    "ligand_iptm": 0.0,
    "protein_iptm": 0.9297590851783752,
    "complex_plddt": 0.8743047118186951,
    "complex_iplddt": 0.8404183983802795,
    "complex_pde": 0.4201086163520813,
    "complex_ipde": 0.9565950632095337,
    "chains_ptm": {
        "0": 0.9628415107727051,
        "1": 0.9641836881637573
    },
    "pair_chains_iptm": {
        "0": {
            "0": 0.9628415107727051,
            "1": 0.9277353882789612
        },
        "1": {
            "0": 0.9297590851783752,
            "1": 0.9641836881637573
        }
    }
}