{
    "confidence_score": 0.8851203322410583,
    "ptm": 0.9185683727264404,
    "iptm": 0.9057164788246155,
    "ligand_iptm": 0.0,
    "protein_iptm": 0.9057164788246155,
    "complex_plddt": 0.8799712657928467,
    "complex_iplddt": 0.8450326919555664,
    "complex_pde": 0.43238431215286255,
    "complex_ipde": 0.8817498087882996,
    "chains_ptm": {
        "0": 0.9515076279640198,
        "1": 0.9491931796073914
    },
    "pair_chains_iptm": {
        "0": {
            "0": 0.9515076279640198,
            "1": 0.9057164788246155
        },
        "1": {
            "0": 0.9014174938201904,
            "1": 0.9491931796073914
        }
    }
}