{
    "confidence_score": 0.8857316374778748,
    "ptm": 0.9397135376930237,
    "iptm": 0.9283967614173889,
    "ligand_iptm": 0.0,
    "protein_iptm": 0.9283967614173889,
    "complex_plddt": 0.8750653266906738,
    "complex_iplddt": 0.8389033675193787,
    "complex_pde": 0.36048564314842224,
    "complex_ipde": 0.6285673379898071,
    "chains_ptm": {
        "0": 0.9657993316650391,
        "1": 0.9655041694641113
    },
    "pair_chains_iptm": {
        "0": {
            "0": 0.9657993316650391,
            "1": 0.9283967614173889
        },
        "1": {
            "0": 0.9263566732406616,
            "1": 0.9655041694641113
        }
    }
}