{
    "confidence_score": 0.8807582259178162,
    "ptm": 0.9109601974487305,
    "iptm": 0.8995498418807983,
    "ligand_iptm": 0.0,
    "protein_iptm": 0.8995498418807983,
    "complex_plddt": 0.8760602474212646,
    "complex_iplddt": 0.8554542064666748,
    "complex_pde": 0.47973519563674927,
    "complex_ipde": 1.0973330736160278,
    "chains_ptm": {
        "0": 0.9491395950317383,
        "1": 0.9430884122848511
    },
    "pair_chains_iptm": {
        "0": {
            "0": 0.9491395950317383,
            "1": 0.8995498418807983
        },
        "1": {
            "0": 0.8922644257545471,
            "1": 0.9430884122848511
        }
    }
}