{
    "confidence_score": 0.8795551657676697,
    "ptm": 0.9146444797515869,
    "iptm": 0.8954031467437744,
    "ligand_iptm": 0.0,
    "protein_iptm": 0.8954031467437744,
    "complex_plddt": 0.8755930662155151,
    "complex_iplddt": 0.857163667678833,
    "complex_pde": 0.439862459897995,
    "complex_ipde": 0.9202373623847961,
    "chains_ptm": {
        "0": 0.94918292760849,
        "1": 0.94968181848526
    },
    "pair_chains_iptm": {
        "0": {
            "0": 0.94918292760849,
            "1": 0.8954031467437744
        },
        "1": {
            "0": 0.8906367421150208,
            "1": 0.94968181848526
        }
    }
}