{
    "confidence_score": 0.8811097145080566,
    "ptm": 0.9124420881271362,
    "iptm": 0.9069678783416748,
    "ligand_iptm": 0.0,
    "protein_iptm": 0.9069678783416748,
    "complex_plddt": 0.8746451735496521,
    "complex_iplddt": 0.8315285444259644,
    "complex_pde": 0.4613928198814392,
    "complex_ipde": 0.9520267248153687,
    "chains_ptm": {
        "0": 0.944343090057373,
        "1": 0.9448078870773315
    },
    "pair_chains_iptm": {
        "0": {
            "0": 0.944343090057373,
            "1": 0.9069678783416748
        },
        "1": {
            "0": 0.9023786783218384,
            "1": 0.9448078870773315
        }
    }
}