{
    "confidence_score": 0.8198159337043762,
    "ptm": 0.909809410572052,
    "iptm": 0.9033036828041077,
    "ligand_iptm": 0.0,
    "protein_iptm": 0.9033036828041077,
    "complex_plddt": 0.7989439368247986,
    "complex_iplddt": 0.792603075504303,
    "complex_pde": 0.4181554317474365,
    "complex_ipde": 0.6892626881599426,
    "chains_ptm": {
        "0": 0.9126049280166626,
        "1": 0.9259936213493347
    },
    "pair_chains_iptm": {
        "0": {
            "0": 0.9126049280166626,
            "1": 0.9033036828041077
        },
        "1": {
            "0": 0.8930245041847229,
            "1": 0.9259936213493347
        }
    }
}