{
    "confidence_score": 0.8331781625747681,
    "ptm": 0.9138294458389282,
    "iptm": 0.9061875343322754,
    "ligand_iptm": 0.0,
    "protein_iptm": 0.9061875343322754,
    "complex_plddt": 0.8149257302284241,
    "complex_iplddt": 0.7998440265655518,
    "complex_pde": 0.40125903487205505,
    "complex_ipde": 0.7149688601493835,
    "chains_ptm": {
        "0": 0.9335111379623413,
        "1": 0.9321857690811157
    },
    "pair_chains_iptm": {
        "0": {
            "0": 0.9335111379623413,
            "1": 0.9061875343322754
        },
        "1": {
            "0": 0.8994171619415283,
            "1": 0.9321857690811157
        }
    }
}