{
    "confidence_score": 0.825600266456604,
    "ptm": 0.9244743585586548,
    "iptm": 0.9195420742034912,
    "ligand_iptm": 0.0,
    "protein_iptm": 0.9195420742034912,
    "complex_plddt": 0.8021148443222046,
    "complex_iplddt": 0.7823712229728699,
    "complex_pde": 0.38135021924972534,
    "complex_ipde": 0.653757631778717,
    "chains_ptm": {
        "0": 0.9336684346199036,
        "1": 0.924136757850647
    },
    "pair_chains_iptm": {
        "0": {
            "0": 0.9336684346199036,
            "1": 0.9114759564399719
        },
        "1": {
            "0": 0.9195420742034912,
            "1": 0.924136757850647
        }
    }
}