{
    "confidence_score": 0.8124362826347351,
    "ptm": 0.9072021842002869,
    "iptm": 0.8936730623245239,
    "ligand_iptm": 0.0,
    "protein_iptm": 0.8936730623245239,
    "complex_plddt": 0.7921271324157715,
    "complex_iplddt": 0.7847411632537842,
    "complex_pde": 0.4184751808643341,
    "complex_ipde": 0.632790744304657,
    "chains_ptm": {
        "0": 0.9231505990028381,
        "1": 0.9068127870559692
    },
    "pair_chains_iptm": {
        "0": {
            "0": 0.9231505990028381,
            "1": 0.8847988843917847
        },
        "1": {
            "0": 0.8936730623245239,
            "1": 0.9068127870559692
        }
    }
}