{
    "confidence_score": 0.7929995656013489,
    "ptm": 0.8704590797424316,
    "iptm": 0.8627439141273499,
    "ligand_iptm": 0.0,
    "protein_iptm": 0.8627439141273499,
    "complex_plddt": 0.7755634784698486,
    "complex_iplddt": 0.7579339146614075,
    "complex_pde": 0.46031200885772705,
    "complex_ipde": 0.722567617893219,
    "chains_ptm": {
        "0": 0.8900185823440552,
        "1": 0.8924415111541748
    },
    "pair_chains_iptm": {
        "0": {
            "0": 0.8900185823440552,
            "1": 0.8440280556678772
        },
        "1": {
            "0": 0.8627439141273499,
            "1": 0.8924415111541748
        }
    }
}