{
    "confidence_score": 0.8168089985847473,
    "ptm": 0.917158842086792,
    "iptm": 0.9108855128288269,
    "ligand_iptm": 0.0,
    "protein_iptm": 0.9108855128288269,
    "complex_plddt": 0.7932898998260498,
    "complex_iplddt": 0.7695677280426025,
    "complex_pde": 0.39657464623451233,
    "complex_ipde": 0.6794618964195251,
    "chains_ptm": {
        "0": 0.9378562569618225,
        "1": 0.9207247495651245
    },
    "pair_chains_iptm": {
        "0": {
            "0": 0.9378562569618225,
            "1": 0.8988359570503235
        },
        "1": {
            "0": 0.9108855128288269,
            "1": 0.9207247495651245
        }
    }
}