{
    "confidence_score": 0.8059266209602356,
    "ptm": 0.8946706652641296,
    "iptm": 0.8885912299156189,
    "ligand_iptm": 0.0,
    "protein_iptm": 0.8885912299156189,
    "complex_plddt": 0.7852604389190674,
    "complex_iplddt": 0.7735297083854675,
    "complex_pde": 0.45482271909713745,
    "complex_ipde": 0.7698959112167358,
    "chains_ptm": {
        "0": 0.9008368253707886,
        "1": 0.9072067141532898
    },
    "pair_chains_iptm": {
        "0": {
            "0": 0.9008368253707886,
            "1": 0.8885912299156189
        },
        "1": {
            "0": 0.8675437569618225,
            "1": 0.9072067141532898
        }
    }
}