{
    "confidence_score": 0.8271193504333496,
    "ptm": 0.9044165015220642,
    "iptm": 0.8990788459777832,
    "ligand_iptm": 0.0,
    "protein_iptm": 0.8990788459777832,
    "complex_plddt": 0.8091294765472412,
    "complex_iplddt": 0.7943456768989563,
    "complex_pde": 0.40457162261009216,
    "complex_ipde": 0.6756124496459961,
    "chains_ptm": {
        "0": 0.9177970886230469,
        "1": 0.9215033054351807
    },
    "pair_chains_iptm": {
        "0": {
            "0": 0.9177970886230469,
            "1": 0.8990788459777832
        },
        "1": {
            "0": 0.893276572227478,
            "1": 0.9215033054351807
        }
    }
}