{
    "confidence_score": 0.8116317987442017,
    "ptm": 0.9086139798164368,
    "iptm": 0.9010410308837891,
    "ligand_iptm": 0.0,
    "protein_iptm": 0.9010410308837891,
    "complex_plddt": 0.7892795205116272,
    "complex_iplddt": 0.785731852054596,
    "complex_pde": 0.407122403383255,
    "complex_ipde": 0.6913961172103882,
    "chains_ptm": {
        "0": 0.91374272108078,
        "1": 0.9320266246795654
    },
    "pair_chains_iptm": {
        "0": {
            "0": 0.91374272108078,
            "1": 0.9003017544746399
        },
        "1": {
            "0": 0.9010410308837891,
            "1": 0.9320266246795654
        }
    }
}