{
    "confidence_score": 0.8040438890457153,
    "ptm": 0.888103187084198,
    "iptm": 0.8818272948265076,
    "ligand_iptm": 0.0,
    "protein_iptm": 0.8818272948265076,
    "complex_plddt": 0.7845980525016785,
    "complex_iplddt": 0.7769472599029541,
    "complex_pde": 0.45526352524757385,
    "complex_ipde": 0.7702178359031677,
    "chains_ptm": {
        "0": 0.9070188999176025,
        "1": 0.89110267162323
    },
    "pair_chains_iptm": {
        "0": {
            "0": 0.9070188999176025,
            "1": 0.8818272948265076
        },
        "1": {
            "0": 0.8769332766532898,
            "1": 0.89110267162323
        }
    }
}