{
    "confidence_score": 0.5677582025527954,
    "ptm": 0.8718807697296143,
    "iptm": 0.857282817363739,
    "ligand_iptm": 0.0,
    "protein_iptm": 0.857282817363739,
    "complex_plddt": 0.4953770339488983,
    "complex_iplddt": 0.4958910644054413,
    "complex_pde": 0.48656338453292847,
    "complex_ipde": 1.5286741256713867,
    "chains_ptm": {
        "0": 0.8867177367210388,
        "1": 0.8536612391471863
    },
    "pair_chains_iptm": {
        "0": {
            "0": 0.8867177367210388,
            "1": 0.795656144618988
        },
        "1": {
            "0": 0.857282817363739,
            "1": 0.8536612391471863
        }
    }
}