{
    "confidence_score": 0.4674316346645355,
    "ptm": 0.46708592772483826,
    "iptm": 0.43533340096473694,
    "ligand_iptm": 0.0,
    "protein_iptm": 0.43533340096473694,
    "complex_plddt": 0.475456178188324,
    "complex_iplddt": 0.46725279092788696,
    "complex_pde": 1.598114252090454,
    "complex_ipde": 8.257641792297363,
    "chains_ptm": {
        "0": 0.5475302338600159,
        "1": 0.5245175957679749
    },
    "pair_chains_iptm": {
        "0": {
            "0": 0.5475302338600159,
            "1": 0.35065701603889465
        },
        "1": {
            "0": 0.43533340096473694,
            "1": 0.5245175957679749
        }
    }
}