{
    "confidence_score": 0.522314727306366,
    "ptm": 0.7212299704551697,
    "iptm": 0.7046802043914795,
    "ligand_iptm": 0.0,
    "protein_iptm": 0.7046802043914795,
    "complex_plddt": 0.4767233431339264,
    "complex_iplddt": 0.4705178439617157,
    "complex_pde": 0.8970686793327332,
    "complex_ipde": 4.3008599281311035,
    "chains_ptm": {
        "0": 0.7427747249603271,
        "1": 0.7744683027267456
    },
    "pair_chains_iptm": {
        "0": {
            "0": 0.7427747249603271,
            "1": 0.6622834801673889
        },
        "1": {
            "0": 0.7046802043914795,
            "1": 0.7744683027267456
        }
    }
}