{
    "confidence_score": 0.5535246729850769,
    "ptm": 0.8089358806610107,
    "iptm": 0.7960618734359741,
    "ligand_iptm": 0.0,
    "protein_iptm": 0.7960618734359741,
    "complex_plddt": 0.492890328168869,
    "complex_iplddt": 0.4893205165863037,
    "complex_pde": 0.6861181259155273,
    "complex_ipde": 2.7460548877716064,
    "chains_ptm": {
        "0": 0.8308345079421997,
        "1": 0.7950268387794495
    },
    "pair_chains_iptm": {
        "0": {
            "0": 0.8308345079421997,
            "1": 0.7031329870223999
        },
        "1": {
            "0": 0.7960618734359741,
            "1": 0.7950268387794495
        }
    }
}