{
    "confidence_score": 0.5313476324081421,
    "ptm": 0.7203646302223206,
    "iptm": 0.6712448596954346,
    "ligand_iptm": 0.0,
    "protein_iptm": 0.6712448596954346,
    "complex_plddt": 0.4963732957839966,
    "complex_iplddt": 0.49882373213768005,
    "complex_pde": 0.9871543049812317,
    "complex_ipde": 5.039276599884033,
    "chains_ptm": {
        "0": 0.7702894806861877,
        "1": 0.6935177445411682
    },
    "pair_chains_iptm": {
        "0": {
            "0": 0.7702894806861877,
            "1": 0.6236832737922668
        },
        "1": {
            "0": 0.6712448596954346,
            "1": 0.6935177445411682
        }
    }
}