{
    "confidence_score": 0.5810336470603943,
    "ptm": 0.9104063510894775,
    "iptm": 0.896479606628418,
    "ligand_iptm": 0.0,
    "protein_iptm": 0.896479606628418,
    "complex_plddt": 0.5021721720695496,
    "complex_iplddt": 0.5020078420639038,
    "complex_pde": 0.37909603118896484,
    "complex_ipde": 0.9064345359802246,
    "chains_ptm": {
        "0": 0.9245612621307373,
        "1": 0.9067206978797913
    },
    "pair_chains_iptm": {
        "0": {
            "0": 0.9245612621307373,
            "1": 0.8874870538711548
        },
        "1": {
            "0": 0.896479606628418,
            "1": 0.9067206978797913
        }
    }
}