{
    "confidence_score": 0.5153685808181763,
    "ptm": 0.7308385372161865,
    "iptm": 0.7018396854400635,
    "ligand_iptm": 0.0,
    "protein_iptm": 0.7018396854400635,
    "complex_plddt": 0.4687507450580597,
    "complex_iplddt": 0.46334633231163025,
    "complex_pde": 0.8669942021369934,
    "complex_ipde": 3.7590103149414062,
    "chains_ptm": {
        "0": 0.760312557220459,
        "1": 0.715362548828125
    },
    "pair_chains_iptm": {
        "0": {
            "0": 0.760312557220459,
            "1": 0.6490745544433594
        },
        "1": {
            "0": 0.7018396854400635,
            "1": 0.715362548828125
        }
    }
}