{
    "confidence_score": 0.5829167366027832,
    "ptm": 0.9229356050491333,
    "iptm": 0.9263421893119812,
    "ligand_iptm": 0.0,
    "protein_iptm": 0.9263421893119812,
    "complex_plddt": 0.4970603585243225,
    "complex_iplddt": 0.4978964030742645,
    "complex_pde": 0.3580680191516876,
    "complex_ipde": 0.9023905396461487,
    "chains_ptm": {
        "0": 0.9194729328155518,
        "1": 0.9312188625335693
    },
    "pair_chains_iptm": {
        "0": {
            "0": 0.9194729328155518,
            "1": 0.8957881331443787
        },
        "1": {
            "0": 0.9263421893119812,
            "1": 0.9312188625335693
        }
    }
}