{
    "confidence_score": 0.48589855432510376,
    "ptm": 0.5423395037651062,
    "iptm": 0.4606100916862488,
    "ligand_iptm": 0.0,
    "protein_iptm": 0.4606100916862488,
    "complex_plddt": 0.4922206699848175,
    "complex_iplddt": 0.4845956563949585,
    "complex_pde": 1.500504970550537,
    "complex_ipde": 8.182076454162598,
    "chains_ptm": {
        "0": 0.6330505013465881,
        "1": 0.5655279159545898
    },
    "pair_chains_iptm": {
        "0": {
            "0": 0.6330505013465881,
            "1": 0.41012537479400635
        },
        "1": {
            "0": 0.4606100916862488,
            "1": 0.5655279159545898
        }
    }
}