{
    "confidence_score": 0.4149816930294037,
    "ptm": 0.27026861906051636,
    "iptm": 0.18601247668266296,
    "ligand_iptm": 0.0,
    "protein_iptm": 0.18601247668266296,
    "complex_plddt": 0.47222399711608887,
    "complex_iplddt": 0.45954105257987976,
    "complex_pde": 2.1497771739959717,
    "complex_ipde": 10.812119483947754,
    "chains_ptm": {
        "0": 0.3785579204559326,
        "1": 0.33469071984291077
    },
    "pair_chains_iptm": {
        "0": {
            "0": 0.3785579204559326,
            "1": 0.16054393351078033
        },
        "1": {
            "0": 0.18601247668266296,
            "1": 0.33469071984291077
        }
    }
}