{
    "confidence_score": 0.9446237683296204,
    "ptm": 0.9650588035583496,
    "iptm": 0.9604376554489136,
    "ligand_iptm": 0.0,
    "protein_iptm": 0.9604376554489136,
    "complex_plddt": 0.9406703114509583,
    "complex_iplddt": 0.9564714431762695,
    "complex_pde": 0.2902859151363373,
    "complex_ipde": 0.38961461186408997,
    "chains_ptm": {
        "0": 0.9732701182365417,
        "1": 0.97295081615448
    },
    "pair_chains_iptm": {
        "0": {
            "0": 0.9732701182365417,
            "1": 0.9604376554489136
        },
        "1": {
            "0": 0.9588454365730286,
            "1": 0.97295081615448
        }
    }
}