{
    "confidence_score": 0.9479209780693054,
    "ptm": 0.9578383564949036,
    "iptm": 0.9506570100784302,
    "ligand_iptm": 0.0,
    "protein_iptm": 0.9506570100784302,
    "complex_plddt": 0.9472370147705078,
    "complex_iplddt": 0.9621722102165222,
    "complex_pde": 0.30639612674713135,
    "complex_ipde": 0.5211554765701294,
    "chains_ptm": {
        "0": 0.9684805870056152,
        "1": 0.9697211384773254
    },
    "pair_chains_iptm": {
        "0": {
            "0": 0.9684805870056152,
            "1": 0.9492394328117371
        },
        "1": {
            "0": 0.9506570100784302,
            "1": 0.9697211384773254
        }
    }
}