{
    "confidence_score": 0.9410015344619751,
    "ptm": 0.9454196095466614,
    "iptm": 0.9333965182304382,
    "ligand_iptm": 0.0,
    "protein_iptm": 0.9333965182304382,
    "complex_plddt": 0.9429027438163757,
    "complex_iplddt": 0.9553822875022888,
    "complex_pde": 0.3209417760372162,
    "complex_ipde": 0.6634328365325928,
    "chains_ptm": {
        "0": 0.9606053233146667,
        "1": 0.9613614082336426
    },
    "pair_chains_iptm": {
        "0": {
            "0": 0.9606053233146667,
            "1": 0.9321761131286621
        },
        "1": {
            "0": 0.9333965182304382,
            "1": 0.9613614082336426
        }
    }
}