{
    "confidence_score": 0.9483193755149841,
    "ptm": 0.9595333933830261,
    "iptm": 0.9513341784477234,
    "ligand_iptm": 0.0,
    "protein_iptm": 0.9513341784477234,
    "complex_plddt": 0.9475656747817993,
    "complex_iplddt": 0.9627081751823425,
    "complex_pde": 0.3099416196346283,
    "complex_ipde": 0.6120251417160034,
    "chains_ptm": {
        "0": 0.9708313941955566,
        "1": 0.9718409776687622
    },
    "pair_chains_iptm": {
        "0": {
            "0": 0.9708313941955566,
            "1": 0.9503809809684753
        },
        "1": {
            "0": 0.9513341784477234,
            "1": 0.9718409776687622
        }
    }
}