{
    "confidence_score": 0.9442571997642517,
    "ptm": 0.9555271863937378,
    "iptm": 0.9456709623336792,
    "ligand_iptm": 0.0,
    "protein_iptm": 0.9456709623336792,
    "complex_plddt": 0.9439037442207336,
    "complex_iplddt": 0.9614392518997192,
    "complex_pde": 0.3256351947784424,
    "complex_ipde": 0.7478296160697937,
    "chains_ptm": {
        "0": 0.9691644906997681,
        "1": 0.9709174036979675
    },
    "pair_chains_iptm": {
        "0": {
            "0": 0.9691644906997681,
            "1": 0.9440293312072754
        },
        "1": {
            "0": 0.9456709623336792,
            "1": 0.9709174036979675
        }
    }
}