{
    "confidence_score": 0.9490477442741394,
    "ptm": 0.9622915983200073,
    "iptm": 0.9555791020393372,
    "ligand_iptm": 0.0,
    "protein_iptm": 0.9555791020393372,
    "complex_plddt": 0.9474148750305176,
    "complex_iplddt": 0.9628376960754395,
    "complex_pde": 0.29612359404563904,
    "complex_ipde": 0.49582338333129883,
    "chains_ptm": {
        "0": 0.9717594981193542,
        "1": 0.9723891019821167
    },
    "pair_chains_iptm": {
        "0": {
            "0": 0.9717594981193542,
            "1": 0.9551118016242981
        },
        "1": {
            "0": 0.9555791020393372,
            "1": 0.9723891019821167
        }
    }
}