{
    "confidence_score": 0.948386013507843,
    "ptm": 0.9637066721916199,
    "iptm": 0.9567829966545105,
    "ligand_iptm": 0.0,
    "protein_iptm": 0.9567829966545105,
    "complex_plddt": 0.9462867975234985,
    "complex_iplddt": 0.9596929550170898,
    "complex_pde": 0.29105034470558167,
    "complex_ipde": 0.4692912697792053,
    "chains_ptm": {
        "0": 0.9741252064704895,
        "1": 0.9738892316818237
    },
    "pair_chains_iptm": {
        "0": {
            "0": 0.9741252064704895,
            "1": 0.9567829966545105
        },
        "1": {
            "0": 0.9557272791862488,
            "1": 0.9738892316818237
        }
    }
}