{
    "confidence_score": 0.9453010559082031,
    "ptm": 0.958402156829834,
    "iptm": 0.9511253237724304,
    "ligand_iptm": 0.0,
    "protein_iptm": 0.9511253237724304,
    "complex_plddt": 0.9438449740409851,
    "complex_iplddt": 0.9596236944198608,
    "complex_pde": 0.299505352973938,
    "complex_ipde": 0.5237606763839722,
    "chains_ptm": {
        "0": 0.9692727327346802,
        "1": 0.9695623517036438
    },
    "pair_chains_iptm": {
        "0": {
            "0": 0.9692727327346802,
            "1": 0.9505665898323059
        },
        "1": {
            "0": 0.9511253237724304,
            "1": 0.9695623517036438
        }
    }
}