{
    "confidence_score": 0.9449958801269531,
    "ptm": 0.9696997404098511,
    "iptm": 0.9655985832214355,
    "ligand_iptm": 0.0,
    "protein_iptm": 0.9655985832214355,
    "complex_plddt": 0.9398452639579773,
    "complex_iplddt": 0.9544246196746826,
    "complex_pde": 0.28253841400146484,
    "complex_ipde": 0.3822263777256012,
    "chains_ptm": {
        "0": 0.9778874516487122,
        "1": 0.97858065366745
    },
    "pair_chains_iptm": {
        "0": {
            "0": 0.9778874516487122,
            "1": 0.964690089225769
        },
        "1": {
            "0": 0.9655985832214355,
            "1": 0.97858065366745
        }
    }
}