{
    "confidence_score": 0.9476186633110046,
    "ptm": 0.953879714012146,
    "iptm": 0.9452555775642395,
    "ligand_iptm": 0.0,
    "protein_iptm": 0.9452555775642395,
    "complex_plddt": 0.9482094645500183,
    "complex_iplddt": 0.9620068669319153,
    "complex_pde": 0.30714619159698486,
    "complex_ipde": 0.5535255670547485,
    "chains_ptm": {
        "0": 0.9671732783317566,
        "1": 0.9665893316268921
    },
    "pair_chains_iptm": {
        "0": {
            "0": 0.9671732783317566,
            "1": 0.9441202878952026
        },
        "1": {
            "0": 0.9452555775642395,
            "1": 0.9665893316268921
        }
    }
}