{
    "confidence_score": 0.8687960505485535,
    "ptm": 0.8058176636695862,
    "iptm": 0.7906209826469421,
    "ligand_iptm": 0.0,
    "protein_iptm": 0.7906209826469421,
    "complex_plddt": 0.8883398175239563,
    "complex_iplddt": 0.8489976525306702,
    "complex_pde": 0.4731925129890442,
    "complex_ipde": 1.8826591968536377,
    "chains_ptm": {
        "0": 0.8210492730140686,
        "1": 0.822718620300293
    },
    "pair_chains_iptm": {
        "0": {
            "0": 0.8210492730140686,
            "1": 0.7906209826469421
        },
        "1": {
            "0": 0.7780033946037292,
            "1": 0.822718620300293
        }
    }
}