{
    "confidence_score": 0.830459713935852,
    "ptm": 0.7134273648262024,
    "iptm": 0.6767330765724182,
    "ligand_iptm": 0.0,
    "protein_iptm": 0.6767330765724182,
    "complex_plddt": 0.8688913583755493,
    "complex_iplddt": 0.8116415143013,
    "complex_pde": 0.6710883975028992,
    "complex_ipde": 3.821145534515381,
    "chains_ptm": {
        "0": 0.7527682781219482,
        "1": 0.7530838847160339
    },
    "pair_chains_iptm": {
        "0": {
            "0": 0.7527682781219482,
            "1": 0.6767330765724182
        },
        "1": {
            "0": 0.6679179668426514,
            "1": 0.7530838847160339
        }
    }
}