{
    "confidence_score": 0.8284439444541931,
    "ptm": 0.686415433883667,
    "iptm": 0.6425743699073792,
    "ligand_iptm": 0.0,
    "protein_iptm": 0.6425743699073792,
    "complex_plddt": 0.8749113082885742,
    "complex_iplddt": 0.8088276982307434,
    "complex_pde": 0.783328652381897,
    "complex_ipde": 4.820754528045654,
    "chains_ptm": {
        "0": 0.7304432988166809,
        "1": 0.7325350046157837
    },
    "pair_chains_iptm": {
        "0": {
            "0": 0.7304432988166809,
            "1": 0.6425743699073792
        },
        "1": {
            "0": 0.6384317278862,
            "1": 0.7325350046157837
        }
    }
}