{
    "confidence_score": 0.870761513710022,
    "ptm": 0.825255274772644,
    "iptm": 0.8082494735717773,
    "ligand_iptm": 0.0,
    "protein_iptm": 0.8082494735717773,
    "complex_plddt": 0.8863895535469055,
    "complex_iplddt": 0.8463144898414612,
    "complex_pde": 0.48705238103866577,
    "complex_ipde": 1.997388243675232,
    "chains_ptm": {
        "0": 0.8415530323982239,
        "1": 0.8427048325538635
    },
    "pair_chains_iptm": {
        "0": {
            "0": 0.8415530323982239,
            "1": 0.8082494735717773
        },
        "1": {
            "0": 0.7981528043746948,
            "1": 0.8427048325538635
        }
    }
}