{
    "confidence_score": 0.8596929907798767,
    "ptm": 0.7949784994125366,
    "iptm": 0.772058367729187,
    "ligand_iptm": 0.0,
    "protein_iptm": 0.772058367729187,
    "complex_plddt": 0.8816015720367432,
    "complex_iplddt": 0.838474452495575,
    "complex_pde": 0.5509156584739685,
    "complex_ipde": 2.3713231086730957,
    "chains_ptm": {
        "0": 0.8175462484359741,
        "1": 0.8206232190132141
    },
    "pair_chains_iptm": {
        "0": {
            "0": 0.8175462484359741,
            "1": 0.772058367729187
        },
        "1": {
            "0": 0.76243656873703,
            "1": 0.8206232190132141
        }
    }
}