{
    "confidence_score": 0.810518741607666,
    "ptm": 0.8910734057426453,
    "iptm": 0.6538154482841492,
    "ligand_iptm": 0.0,
    "protein_iptm": 0.6538154482841492,
    "complex_plddt": 0.8496946096420288,
    "complex_iplddt": 0.8010154962539673,
    "complex_pde": 0.4669651985168457,
    "complex_ipde": 3.4507312774658203,
    "chains_ptm": {
        "0": 0.966414213180542,
        "1": 0.7889167070388794
    },
    "pair_chains_iptm": {
        "0": {
            "0": 0.966414213180542,
            "1": 0.6538154482841492
        },
        "1": {
            "0": 0.6442500352859497,
            "1": 0.7889167070388794
        }
    }
}