{
    "confidence_score": 0.8463665843009949,
    "ptm": 0.9565832018852234,
    "iptm": 0.8661501407623291,
    "ligand_iptm": 0.0,
    "protein_iptm": 0.8661501407623291,
    "complex_plddt": 0.8414207100868225,
    "complex_iplddt": 0.780238687992096,
    "complex_pde": 0.332427442073822,
    "complex_ipde": 1.2173223495483398,
    "chains_ptm": {
        "0": 0.9836198687553406,
        "1": 0.8808899521827698
    },
    "pair_chains_iptm": {
        "0": {
            "0": 0.9836198687553406,
            "1": 0.8323408365249634
        },
        "1": {
            "0": 0.8661501407623291,
            "1": 0.8808899521827698
        }
    }
}