{
    "confidence_score": 0.8476436734199524,
    "ptm": 0.9290286898612976,
    "iptm": 0.8247225284576416,
    "ligand_iptm": 0.0,
    "protein_iptm": 0.8247225284576416,
    "complex_plddt": 0.8533739447593689,
    "complex_iplddt": 0.8166009783744812,
    "complex_pde": 0.36638519167900085,
    "complex_ipde": 1.5457080602645874,
    "chains_ptm": {
        "0": 0.9761235117912292,
        "1": 0.8330024480819702
    },
    "pair_chains_iptm": {
        "0": {
            "0": 0.9761235117912292,
            "1": 0.8247225284576416
        },
        "1": {
            "0": 0.7744380235671997,
            "1": 0.8330024480819702
        }
    }
}