{
    "confidence_score": 0.8530263900756836,
    "ptm": 0.931842565536499,
    "iptm": 0.8359055519104004,
    "ligand_iptm": 0.0,
    "protein_iptm": 0.8359055519104004,
    "complex_plddt": 0.8573065400123596,
    "complex_iplddt": 0.8005969524383545,
    "complex_pde": 0.3442859649658203,
    "complex_ipde": 1.3916832208633423,
    "chains_ptm": {
        "0": 0.9782023429870605,
        "1": 0.8281814455986023
    },
    "pair_chains_iptm": {
        "0": {
            "0": 0.9782023429870605,
            "1": 0.8359055519104004
        },
        "1": {
            "0": 0.7812438607215881,
            "1": 0.8281814455986023
        }
    }
}