{
    "confidence_score": 0.8572177886962891,
    "ptm": 0.9331246614456177,
    "iptm": 0.828799307346344,
    "ligand_iptm": 0.0,
    "protein_iptm": 0.828799307346344,
    "complex_plddt": 0.8643223643302917,
    "complex_iplddt": 0.8223322033882141,
    "complex_pde": 0.34681159257888794,
    "complex_ipde": 1.5045795440673828,
    "chains_ptm": {
        "0": 0.9800593852996826,
        "1": 0.8531798720359802
    },
    "pair_chains_iptm": {
        "0": {
            "0": 0.9800593852996826,
            "1": 0.828799307346344
        },
        "1": {
            "0": 0.7819806933403015,
            "1": 0.8531798720359802
        }
    }
}