{
    "confidence_score": 0.8042430877685547,
    "ptm": 0.8923402428627014,
    "iptm": 0.6627901196479797,
    "ligand_iptm": 0.0,
    "protein_iptm": 0.6627901196479797,
    "complex_plddt": 0.8396062850952148,
    "complex_iplddt": 0.7665762305259705,
    "complex_pde": 0.47709721326828003,
    "complex_ipde": 3.5544443130493164,
    "chains_ptm": {
        "0": 0.9634551405906677,
        "1": 0.7969231605529785
    },
    "pair_chains_iptm": {
        "0": {
            "0": 0.9634551405906677,
            "1": 0.6627901196479797
        },
        "1": {
            "0": 0.6582232713699341,
            "1": 0.7969231605529785
        }
    }
}