{
    "confidence_score": 0.8182247281074524,
    "ptm": 0.9094679355621338,
    "iptm": 0.7389653325080872,
    "ligand_iptm": 0.0,
    "protein_iptm": 0.7389653325080872,
    "complex_plddt": 0.8380395770072937,
    "complex_iplddt": 0.777924120426178,
    "complex_pde": 0.42313212156295776,
    "complex_ipde": 2.670741558074951,
    "chains_ptm": {
        "0": 0.9758111238479614,
        "1": 0.797055184841156
    },
    "pair_chains_iptm": {
        "0": {
            "0": 0.9758111238479614,
            "1": 0.7389653325080872
        },
        "1": {
            "0": 0.6909504532814026,
            "1": 0.797055184841156
        }
    }
}