{
    "confidence_score": 0.8235905766487122,
    "ptm": 0.9177430272102356,
    "iptm": 0.7241411805152893,
    "ligand_iptm": 0.0,
    "protein_iptm": 0.7241411805152893,
    "complex_plddt": 0.8484528660774231,
    "complex_iplddt": 0.7883822321891785,
    "complex_pde": 0.40328696370124817,
    "complex_ipde": 2.4468839168548584,
    "chains_ptm": {
        "0": 0.9756239056587219,
        "1": 0.8370366096496582
    },
    "pair_chains_iptm": {
        "0": {
            "0": 0.9756239056587219,
            "1": 0.7240683436393738
        },
        "1": {
            "0": 0.7241411805152893,
            "1": 0.8370366096496582
        }
    }
}