{
    "confidence_score": 0.8108934760093689,
    "ptm": 0.891086220741272,
    "iptm": 0.649120032787323,
    "ligand_iptm": 0.0,
    "protein_iptm": 0.649120032787323,
    "complex_plddt": 0.8513367772102356,
    "complex_iplddt": 0.810931384563446,
    "complex_pde": 0.4551486670970917,
    "complex_ipde": 3.524468421936035,
    "chains_ptm": {
        "0": 0.9686461687088013,
        "1": 0.789319634437561
    },
    "pair_chains_iptm": {
        "0": {
            "0": 0.9686461687088013,
            "1": 0.649120032787323
        },
        "1": {
            "0": 0.6368649005889893,
            "1": 0.789319634437561
        }
    }
}