{
    "confidence_score": 0.8370776176452637,
    "ptm": 0.9193262457847595,
    "iptm": 0.7743138074874878,
    "ligand_iptm": 0.0,
    "protein_iptm": 0.7743138074874878,
    "complex_plddt": 0.8527685403823853,
    "complex_iplddt": 0.8090822696685791,
    "complex_pde": 0.38181859254837036,
    "complex_ipde": 2.1051058769226074,
    "chains_ptm": {
        "0": 0.9743652939796448,
        "1": 0.8373624086380005
    },
    "pair_chains_iptm": {
        "0": {
            "0": 0.9743652939796448,
            "1": 0.7743138074874878
        },
        "1": {
            "0": 0.7421478033065796,
            "1": 0.8373624086380005
        }
    }
}