{
    "confidence_score": 0.7976861000061035,
    "ptm": 0.6087607145309448,
    "iptm": 0.0,
    "ligand_iptm": 0.0,
    "protein_iptm": 0.0,
    "complex_plddt": 0.8449174165725708,
    "complex_iplddt": 0.8449174165725708,
    "complex_pde": 0.5708594918251038,
    "complex_ipde": 0.0,
    "chains_ptm": {
        "0": 0.6087607145309448
    },
    "pair_chains_iptm": {
        "0": {
            "0": 0.6087607145309448
        }
    }
}