{
    "confidence_score": 0.8089240193367004,
    "ptm": 0.6105796694755554,
    "iptm": 0.0,
    "ligand_iptm": 0.0,
    "protein_iptm": 0.0,
    "complex_plddt": 0.8585101366043091,
    "complex_iplddt": 0.8585101366043091,
    "complex_pde": 0.5515933632850647,
    "complex_ipde": 0.0,
    "chains_ptm": {
        "0": 0.6105796694755554
    },
    "pair_chains_iptm": {
        "0": {
            "0": 0.6105796694755554
        }
    }
}