{
    "confidence_score": 0.7890081405639648,
    "ptm": 0.6082695722579956,
    "iptm": 0.0,
    "ligand_iptm": 0.0,
    "protein_iptm": 0.0,
    "complex_plddt": 0.8341928124427795,
    "complex_iplddt": 0.8341928124427795,
    "complex_pde": 0.5513206720352173,
    "complex_ipde": 0.0,
    "chains_ptm": {
        "0": 0.6082695722579956
    },
    "pair_chains_iptm": {
        "0": {
            "0": 0.6082695722579956
        }
    }
}