{
    "confidence_score": 0.7945149540901184,
    "ptm": 0.5808535814285278,
    "iptm": 0.0,
    "ligand_iptm": 0.0,
    "protein_iptm": 0.0,
    "complex_plddt": 0.8479303121566772,
    "complex_iplddt": 0.8479303121566772,
    "complex_pde": 0.5781878232955933,
    "complex_ipde": 0.0,
    "chains_ptm": {
        "0": 0.5808535814285278
    },
    "pair_chains_iptm": {
        "0": {
            "0": 0.5808535814285278
        }
    }
}