{
    "confidence_score": 0.8053946495056152,
    "ptm": 0.6195449233055115,
    "iptm": 0.0,
    "ligand_iptm": 0.0,
    "protein_iptm": 0.0,
    "complex_plddt": 0.85185706615448,
    "complex_iplddt": 0.85185706615448,
    "complex_pde": 0.576069176197052,
    "complex_ipde": 0.0,
    "chains_ptm": {
        "0": 0.6195449233055115
    },
    "pair_chains_iptm": {
        "0": {
            "0": 0.6195449233055115
        }
    }
}