{
    "confidence_score": 0.8021849989891052,
    "ptm": 0.6276012063026428,
    "iptm": 0.0,
    "ligand_iptm": 0.0,
    "protein_iptm": 0.0,
    "complex_plddt": 0.8458308577537537,
    "complex_iplddt": 0.8458308577537537,
    "complex_pde": 0.5489400625228882,
    "complex_ipde": 0.0,
    "chains_ptm": {
        "0": 0.6276012063026428
    },
    "pair_chains_iptm": {
        "0": {
            "0": 0.6276012063026428
        }
    }
}