{
    "confidence_score": 0.7999183535575867,
    "ptm": 0.6144850254058838,
    "iptm": 0.0,
    "ligand_iptm": 0.0,
    "protein_iptm": 0.0,
    "complex_plddt": 0.8462766408920288,
    "complex_iplddt": 0.8462766408920288,
    "complex_pde": 0.5627232193946838,
    "complex_ipde": 0.0,
    "chains_ptm": {
        "0": 0.6144850254058838
    },
    "pair_chains_iptm": {
        "0": {
            "0": 0.6144850254058838
        }
    }
}