{
    "confidence_score": 0.791831910610199,
    "ptm": 0.6091330051422119,
    "iptm": 0.0,
    "ligand_iptm": 0.0,
    "protein_iptm": 0.0,
    "complex_plddt": 0.8375066518783569,
    "complex_iplddt": 0.8375066518783569,
    "complex_pde": 0.5694965720176697,
    "complex_ipde": 0.0,
    "chains_ptm": {
        "0": 0.6091330051422119
    },
    "pair_chains_iptm": {
        "0": {
            "0": 0.6091330051422119
        }
    }
}