{
    "confidence_score": 0.795968234539032,
    "ptm": 0.5980333685874939,
    "iptm": 0.0,
    "ligand_iptm": 0.0,
    "protein_iptm": 0.0,
    "complex_plddt": 0.8454518914222717,
    "complex_iplddt": 0.8454518914222717,
    "complex_pde": 0.5760404467582703,
    "complex_ipde": 0.0,
    "chains_ptm": {
        "0": 0.5980333685874939
    },
    "pair_chains_iptm": {
        "0": {
            "0": 0.5980333685874939
        }
    }
}