{
    "confidence_score": 0.8033766150474548,
    "ptm": 0.6139618754386902,
    "iptm": 0.0,
    "ligand_iptm": 0.0,
    "protein_iptm": 0.0,
    "complex_plddt": 0.8507302403450012,
    "complex_iplddt": 0.8507302403450012,
    "complex_pde": 0.555393397808075,
    "complex_ipde": 0.0,
    "chains_ptm": {
        "0": 0.6139618754386902
    },
    "pair_chains_iptm": {
        "0": {
            "0": 0.6139618754386902
        }
    }
}