{
    "confidence_score": 0.8027201890945435,
    "ptm": 0.6208323240280151,
    "iptm": 0.0,
    "ligand_iptm": 0.0,
    "protein_iptm": 0.0,
    "complex_plddt": 0.8481921553611755,
    "complex_iplddt": 0.8481921553611755,
    "complex_pde": 0.5664364099502563,
    "complex_ipde": 0.0,
    "chains_ptm": {
        "0": 0.6208323240280151
    },
    "pair_chains_iptm": {
        "0": {
            "0": 0.6208323240280151
        }
    }
}