{
    "confidence_score": 0.8061365485191345,
    "ptm": 0.6050446033477783,
    "iptm": 0.0,
    "ligand_iptm": 0.0,
    "protein_iptm": 0.0,
    "complex_plddt": 0.8564094305038452,
    "complex_iplddt": 0.8564094305038452,
    "complex_pde": 0.5487686991691589,
    "complex_ipde": 0.0,
    "chains_ptm": {
        "0": 0.6050446033477783
    },
    "pair_chains_iptm": {
        "0": {
            "0": 0.6050446033477783
        }
    }
}