{
    "confidence_score": 0.78700190782547,
    "ptm": 0.5834625363349915,
    "iptm": 0.0,
    "ligand_iptm": 0.0,
    "protein_iptm": 0.0,
    "complex_plddt": 0.8378867506980896,
    "complex_iplddt": 0.8378867506980896,
    "complex_pde": 0.5822303295135498,
    "complex_ipde": 0.0,
    "chains_ptm": {
        "0": 0.5834625363349915
    },
    "pair_chains_iptm": {
        "0": {
            "0": 0.5834625363349915
        }
    }
}