{
    "confidence_score": 0.7970701456069946,
    "ptm": 0.6032945513725281,
    "iptm": 0.0,
    "ligand_iptm": 0.0,
    "protein_iptm": 0.0,
    "complex_plddt": 0.8455139994621277,
    "complex_iplddt": 0.8455139994621277,
    "complex_pde": 0.5621294379234314,
    "complex_ipde": 0.0,
    "chains_ptm": {
        "0": 0.6032945513725281
    },
    "pair_chains_iptm": {
        "0": {
            "0": 0.6032945513725281
        }
    }
}