{
    "confidence_score": 0.8076263666152954,
    "ptm": 0.6175576448440552,
    "iptm": 0.0,
    "ligand_iptm": 0.0,
    "protein_iptm": 0.0,
    "complex_plddt": 0.8551434874534607,
    "complex_iplddt": 0.8551434874534607,
    "complex_pde": 0.5495513677597046,
    "complex_ipde": 0.0,
    "chains_ptm": {
        "0": 0.6175576448440552
    },
    "pair_chains_iptm": {
        "0": {
            "0": 0.6175576448440552
        }
    }
}