{
    "confidence_score": 0.8049567341804504,
    "ptm": 0.6307119131088257,
    "iptm": 0.0,
    "ligand_iptm": 0.0,
    "protein_iptm": 0.0,
    "complex_plddt": 0.8485179543495178,
    "complex_iplddt": 0.8485179543495178,
    "complex_pde": 0.5564192533493042,
    "complex_ipde": 0.0,
    "chains_ptm": {
        "0": 0.6307119131088257
    },
    "pair_chains_iptm": {
        "0": {
            "0": 0.6307119131088257
        }
    }
}