{
    "confidence_score": 0.810059666633606,
    "ptm": 0.6197897791862488,
    "iptm": 0.0,
    "ligand_iptm": 0.0,
    "protein_iptm": 0.0,
    "complex_plddt": 0.8576271533966064,
    "complex_iplddt": 0.8576271533966064,
    "complex_pde": 0.5412455797195435,
    "complex_ipde": 0.0,
    "chains_ptm": {
        "0": 0.6197897791862488
    },
    "pair_chains_iptm": {
        "0": {
            "0": 0.6197897791862488
        }
    }
}