{
    "confidence_score": 0.7874533534049988,
    "ptm": 0.5761664509773254,
    "iptm": 0.0,
    "ligand_iptm": 0.0,
    "protein_iptm": 0.0,
    "complex_plddt": 0.8402751088142395,
    "complex_iplddt": 0.8402751088142395,
    "complex_pde": 0.5677261352539062,
    "complex_ipde": 0.0,
    "chains_ptm": {
        "0": 0.5761664509773254
    },
    "pair_chains_iptm": {
        "0": {
            "0": 0.5761664509773254
        }
    }
}