{
    "confidence_score": 0.9567416310310364,
    "ptm": 0.965750515460968,
    "iptm": 0.9652501940727234,
    "ligand_iptm": 0.0,
    "protein_iptm": 0.9652501940727234,
    "complex_plddt": 0.954614520072937,
    "complex_iplddt": 0.9555259346961975,
    "complex_pde": 0.28881192207336426,
    "complex_ipde": 0.31787818670272827,
    "chains_ptm": {
        "0": 0.9648205637931824,
        "1": 0.9672887325286865,
        "2": 0.9774322509765625,
        "3": 0.9770081639289856
    },
    "pair_chains_iptm": {
        "0": {
            "0": 0.9648205637931824,
            "1": 0.9658571481704712,
            "2": 0.948765218257904,
            "3": 0.9339235424995422
        },
        "1": {
            "0": 0.961254894733429,
            "1": 0.9672887325286865,
            "2": 0.9302504658699036,
            "3": 0.9474204778671265
        },
        "2": {
            "0": 0.9690980315208435,
            "1": 0.969169020652771,
            "2": 0.9774322509765625,
            "3": 0.9201822876930237
        },
        "3": {
            "0": 0.9655649065971375,
            "1": 0.971245527267456,
            "2": 0.9173679947853088,
            "3": 0.9770081639289856
        }
    }
}