{
    "confidence_score": 0.9565101861953735,
    "ptm": 0.9616507887840271,
    "iptm": 0.9615862369537354,
    "ligand_iptm": 0.0,
    "protein_iptm": 0.9615862369537354,
    "complex_plddt": 0.9552411437034607,
    "complex_iplddt": 0.9527552723884583,
    "complex_pde": 0.30862072110176086,
    "complex_ipde": 0.3627268075942993,
    "chains_ptm": {
        "0": 0.9614036679267883,
        "1": 0.9631431698799133,
        "2": 0.9713183641433716,
        "3": 0.9713538289070129
    },
    "pair_chains_iptm": {
        "0": {
            "0": 0.9614036679267883,
            "1": 0.962985098361969,
            "2": 0.9412841796875,
            "3": 0.9296965599060059
        },
        "1": {
            "0": 0.9578322172164917,
            "1": 0.9631431698799133,
            "2": 0.9236804246902466,
            "3": 0.9412298202514648
        },
        "2": {
            "0": 0.964122474193573,
            "1": 0.9634784460067749,
            "2": 0.9713183641433716,
            "3": 0.9163411855697632
        },
        "3": {
            "0": 0.9606413841247559,
            "1": 0.9665610790252686,
            "2": 0.9103940725326538,
            "3": 0.9713538289070129
        }
    }
}