{
    "confidence_score": 0.9561198353767395,
    "ptm": 0.9635921716690063,
    "iptm": 0.9629999995231628,
    "ligand_iptm": 0.0,
    "protein_iptm": 0.9629999995231628,
    "complex_plddt": 0.9543997645378113,
    "complex_iplddt": 0.9569590091705322,
    "complex_pde": 0.30373308062553406,
    "complex_ipde": 0.34871092438697815,
    "chains_ptm": {
        "0": 0.9638143181800842,
        "1": 0.965130090713501,
        "2": 0.9730517268180847,
        "3": 0.9726626873016357
    },
    "pair_chains_iptm": {
        "0": {
            "0": 0.9638143181800842,
            "1": 0.9639540314674377,
            "2": 0.944987952709198,
            "3": 0.9308211207389832
        },
        "1": {
            "0": 0.9594851732254028,
            "1": 0.965130090713501,
            "2": 0.9276050329208374,
            "3": 0.9435126185417175
        },
        "2": {
            "0": 0.9657655358314514,
            "1": 0.9662226438522339,
            "2": 0.9730517268180847,
            "3": 0.9172348380088806
        },
        "3": {
            "0": 0.9621085524559021,
            "1": 0.9670751094818115,
            "2": 0.9130863547325134,
            "3": 0.9726626873016357
        }
    }
}