{
    "confidence_score": 0.9559318423271179,
    "ptm": 0.9658365845680237,
    "iptm": 0.9645612239837646,
    "ligand_iptm": 0.0,
    "protein_iptm": 0.9645612239837646,
    "complex_plddt": 0.9537745118141174,
    "complex_iplddt": 0.9557008147239685,
    "complex_pde": 0.28805917501449585,
    "complex_ipde": 0.32059934735298157,
    "chains_ptm": {
        "0": 0.9660056829452515,
        "1": 0.9677935838699341,
        "2": 0.9754233360290527,
        "3": 0.9753981828689575
    },
    "pair_chains_iptm": {
        "0": {
            "0": 0.9660056829452515,
            "1": 0.9644309878349304,
            "2": 0.9456343650817871,
            "3": 0.9295972585678101
        },
        "1": {
            "0": 0.9600153565406799,
            "1": 0.9677935838699341,
            "2": 0.9263363480567932,
            "3": 0.945042073726654
        },
        "2": {
            "0": 0.9675487279891968,
            "1": 0.9684567451477051,
            "2": 0.9754233360290527,
            "3": 0.9142370223999023
        },
        "3": {
            "0": 0.9658074975013733,
            "1": 0.9703580141067505,
            "2": 0.9118047952651978,
            "3": 0.9753981828689575
        }
    }
}