{
    "confidence_score": 0.9550284743309021,
    "ptm": 0.9591231346130371,
    "iptm": 0.9593448042869568,
    "ligand_iptm": 0.0,
    "protein_iptm": 0.9593448042869568,
    "complex_plddt": 0.9539493322372437,
    "complex_iplddt": 0.9521386027336121,
    "complex_pde": 0.3018622100353241,
    "complex_ipde": 0.3418528437614441,
    "chains_ptm": {
        "0": 0.9592028856277466,
        "1": 0.9604133367538452,
        "2": 0.9721547961235046,
        "3": 0.9724263548851013
    },
    "pair_chains_iptm": {
        "0": {
            "0": 0.9592028856277466,
            "1": 0.9605081677436829,
            "2": 0.9371622204780579,
            "3": 0.9199215769767761
        },
        "1": {
            "0": 0.9565341472625732,
            "1": 0.9604133367538452,
            "2": 0.9171934127807617,
            "3": 0.9362277388572693
        },
        "2": {
            "0": 0.9629808068275452,
            "1": 0.9629088044166565,
            "2": 0.9721547961235046,
            "3": 0.903032124042511
        },
        "3": {
            "0": 0.9609084129333496,
            "1": 0.9659066796302795,
            "2": 0.8999741077423096,
            "3": 0.9724263548851013
        }
    }
}