{
    "confidence_score": 0.9575427174568176,
    "ptm": 0.9650325775146484,
    "iptm": 0.9646307229995728,
    "ligand_iptm": 0.0,
    "protein_iptm": 0.9646307229995728,
    "complex_plddt": 0.95577073097229,
    "complex_iplddt": 0.9594373106956482,
    "complex_pde": 0.2865172326564789,
    "complex_ipde": 0.33488133549690247,
    "chains_ptm": {
        "0": 0.966537594795227,
        "1": 0.966434895992279,
        "2": 0.9768804311752319,
        "3": 0.9755231142044067
    },
    "pair_chains_iptm": {
        "0": {
            "0": 0.966537594795227,
            "1": 0.9652983546257019,
            "2": 0.9468433856964111,
            "3": 0.9333996176719666
        },
        "1": {
            "0": 0.9653292894363403,
            "1": 0.966434895992279,
            "2": 0.9312407374382019,
            "3": 0.9469955563545227
        },
        "2": {
            "0": 0.9723348021507263,
            "1": 0.9694419503211975,
            "2": 0.9768804311752319,
            "3": 0.9236769676208496
        },
        "3": {
            "0": 0.9680895805358887,
            "1": 0.9700801372528076,
            "2": 0.9187282919883728,
            "3": 0.9755231142044067
        }
    }
}