{
    "confidence_score": 0.9570206999778748,
    "ptm": 0.9717071056365967,
    "iptm": 0.9711780548095703,
    "ligand_iptm": 0.0,
    "protein_iptm": 0.9711780548095703,
    "complex_plddt": 0.9534813165664673,
    "complex_iplddt": 0.9566270112991333,
    "complex_pde": 0.27920249104499817,
    "complex_ipde": 0.3186664581298828,
    "chains_ptm": {
        "0": 0.973284125328064,
        "1": 0.9731989502906799,
        "2": 0.9817483425140381,
        "3": 0.9809703826904297
    },
    "pair_chains_iptm": {
        "0": {
            "0": 0.973284125328064,
            "1": 0.9714986681938171,
            "2": 0.9525145292282104,
            "3": 0.9398781061172485
        },
        "1": {
            "0": 0.9718369841575623,
            "1": 0.9731989502906799,
            "2": 0.9380632638931274,
            "3": 0.952806830406189
        },
        "2": {
            "0": 0.9778345227241516,
            "1": 0.9748098254203796,
            "2": 0.9817483425140381,
            "3": 0.930400550365448
        },
        "3": {
            "0": 0.9741340279579163,
            "1": 0.9767218828201294,
            "2": 0.9259783029556274,
            "3": 0.9809703826904297
        }
    }
}