{
    "confidence_score": 0.9497888684272766,
    "ptm": 0.9508946537971497,
    "iptm": 0.9495064616203308,
    "ligand_iptm": 0.0,
    "protein_iptm": 0.9495064616203308,
    "complex_plddt": 0.9498594403266907,
    "complex_iplddt": 0.9537699222564697,
    "complex_pde": 0.3209764361381531,
    "complex_ipde": 0.4168969392776489,
    "chains_ptm": {
        "0": 0.9528575539588928,
        "1": 0.9519057273864746,
        "2": 0.9687110781669617,
        "3": 0.966903567314148
    },
    "pair_chains_iptm": {
        "0": {
            "0": 0.9528575539588928,
            "1": 0.9496259689331055,
            "2": 0.9253119230270386,
            "3": 0.907410740852356
        },
        "1": {
            "0": 0.9495438933372498,
            "1": 0.9519057273864746,
            "2": 0.905240535736084,
            "3": 0.9251290559768677
        },
        "2": {
            "0": 0.960412859916687,
            "1": 0.9564052224159241,
            "2": 0.9687110781669617,
            "3": 0.8933652639389038
        },
        "3": {
            "0": 0.9562960863113403,
            "1": 0.9584044218063354,
            "2": 0.8885310292243958,
            "3": 0.966903567314148
        }
    }
}