{
    "confidence_score": 0.9606796503067017,
    "ptm": 0.9727953672409058,
    "iptm": 0.9719041585922241,
    "ligand_iptm": 0.0,
    "protein_iptm": 0.9719041585922241,
    "complex_plddt": 0.957873523235321,
    "complex_iplddt": 0.9631277918815613,
    "complex_pde": 0.2765973210334778,
    "complex_ipde": 0.3074364960193634,
    "chains_ptm": {
        "0": 0.9745996594429016,
        "1": 0.9743584990501404,
        "2": 0.9817350506782532,
        "3": 0.9811063408851624
    },
    "pair_chains_iptm": {
        "0": {
            "0": 0.9745996594429016,
            "1": 0.971484899520874,
            "2": 0.956821858882904,
            "3": 0.9457761645317078
        },
        "1": {
            "0": 0.9726123213768005,
            "1": 0.9743584990501404,
            "2": 0.9441983103752136,
            "3": 0.9571987986564636
        },
        "2": {
            "0": 0.9776665568351746,
            "1": 0.97540682554245,
            "2": 0.9817350506782532,
            "3": 0.9362217783927917
        },
        "3": {
            "0": 0.9756919145584106,
            "1": 0.9768297076225281,
            "2": 0.9341045618057251,
            "3": 0.9811063408851624
        }
    }
}