{
    "confidence_score": 0.9555172324180603,
    "ptm": 0.9684170484542847,
    "iptm": 0.9685786962509155,
    "ligand_iptm": 0.0,
    "protein_iptm": 0.9685786962509155,
    "complex_plddt": 0.9522517919540405,
    "complex_iplddt": 0.9530350565910339,
    "complex_pde": 0.28102627396583557,
    "complex_ipde": 0.31943783164024353,
    "chains_ptm": {
        "0": 0.9700822234153748,
        "1": 0.9704023003578186,
        "2": 0.9806758165359497,
        "3": 0.9801013469696045
    },
    "pair_chains_iptm": {
        "0": {
            "0": 0.9700822234153748,
            "1": 0.9686018824577332,
            "2": 0.9474257230758667,
            "3": 0.9326846599578857
        },
        "1": {
            "0": 0.9689529538154602,
            "1": 0.9704023003578186,
            "2": 0.9318808317184448,
            "3": 0.9476979970932007
        },
        "2": {
            "0": 0.9764865636825562,
            "1": 0.9734906554222107,
            "2": 0.9806758165359497,
            "3": 0.9218224287033081
        },
        "3": {
            "0": 0.9734996557235718,
            "1": 0.9755352139472961,
            "2": 0.9184560775756836,
            "3": 0.9801013469696045
        }
    }
}