{
    "confidence_score": 0.8751704096794128,
    "ptm": 0.8148529529571533,
    "iptm": 0.7942283749580383,
    "ligand_iptm": 0.0,
    "protein_iptm": 0.7942283749580383,
    "complex_plddt": 0.8954059481620789,
    "complex_iplddt": 0.8621054291725159,
    "complex_pde": 0.48283809423446655,
    "complex_ipde": 1.8472785949707031,
    "chains_ptm": {
        "0": 0.8333753943443298,
        "1": 0.8369797468185425
    },
    "pair_chains_iptm": {
        "0": {
            "0": 0.8333753943443298,
            "1": 0.7942283749580383
        },
        "1": {
            "0": 0.7852514982223511,
            "1": 0.8369797468185425
        }
    }
}