{
    "confidence_score": 0.8519291281700134,
    "ptm": 0.747173547744751,
    "iptm": 0.7124581933021545,
    "ligand_iptm": 0.0,
    "protein_iptm": 0.7124581933021545,
    "complex_plddt": 0.886796772480011,
    "complex_iplddt": 0.8311553001403809,
    "complex_pde": 0.6189016103744507,
    "complex_ipde": 3.1837751865386963,
    "chains_ptm": {
        "0": 0.7831627726554871,
        "1": 0.7860150337219238
    },
    "pair_chains_iptm": {
        "0": {
            "0": 0.7831627726554871,
            "1": 0.7124581933021545
        },
        "1": {
            "0": 0.7086254358291626,
            "1": 0.7860150337219238
        }
    }
}