{
    "confidence_score": 0.8776860237121582,
    "ptm": 0.8353043794631958,
    "iptm": 0.8162109851837158,
    "ligand_iptm": 0.0,
    "protein_iptm": 0.8162109851837158,
    "complex_plddt": 0.8930547833442688,
    "complex_iplddt": 0.8510177731513977,
    "complex_pde": 0.4577229619026184,
    "complex_ipde": 1.589917778968811,
    "chains_ptm": {
        "0": 0.8505950570106506,
        "1": 0.8543978333473206
    },
    "pair_chains_iptm": {
        "0": {
            "0": 0.8505950570106506,
            "1": 0.8162109851837158
        },
        "1": {
            "0": 0.8052632212638855,
            "1": 0.8543978333473206
        }
    }
}