{
    "confidence_score": 0.8790039420127869,
    "ptm": 0.8348670601844788,
    "iptm": 0.8156943321228027,
    "ligand_iptm": 0.0,
    "protein_iptm": 0.8156943321228027,
    "complex_plddt": 0.8948313593864441,
    "complex_iplddt": 0.8544756174087524,
    "complex_pde": 0.45661744475364685,
    "complex_ipde": 1.5912940502166748,
    "chains_ptm": {
        "0": 0.8507444858551025,
        "1": 0.8541545867919922
    },
    "pair_chains_iptm": {
        "0": {
            "0": 0.8507444858551025,
            "1": 0.8156943321228027
        },
        "1": {
            "0": 0.8051542043685913,
            "1": 0.8541545867919922
        }
    }
}