{
    "confidence_score": 0.8596680760383606,
    "ptm": 0.7901595234870911,
    "iptm": 0.7645105719566345,
    "ligand_iptm": 0.0,
    "protein_iptm": 0.7645105719566345,
    "complex_plddt": 0.8834574222564697,
    "complex_iplddt": 0.8344570398330688,
    "complex_pde": 0.528334379196167,
    "complex_ipde": 2.142204761505127,
    "chains_ptm": {
        "0": 0.8104665279388428,
        "1": 0.8159473538398743
    },
    "pair_chains_iptm": {
        "0": {
            "0": 0.8104665279388428,
            "1": 0.7645105719566345
        },
        "1": {
            "0": 0.7554967999458313,
            "1": 0.8159473538398743
        }
    }
}