{
    "confidence_score": 0.3874279856681824,
    "ptm": 0.3886612057685852,
    "iptm": 0.45166143774986267,
    "ligand_iptm": 0.0,
    "protein_iptm": 0.45166143774986267,
    "complex_plddt": 0.3713696002960205,
    "complex_iplddt": 0.4067339301109314,
    "complex_pde": 3.288792610168457,
    "complex_ipde": 7.4055867195129395,
    "chains_ptm": {
        "0": 0.2602120339870453,
        "1": 0.8807722330093384
    },
    "pair_chains_iptm": {
        "0": {
            "0": 0.2602120339870453,
            "1": 0.24454300105571747
        },
        "1": {
            "0": 0.45166143774986267,
            "1": 0.8807722330093384
        }
    }
}