{
    "confidence_score": 0.4950558841228485,
    "ptm": 0.9216468930244446,
    "iptm": 0.945301353931427,
    "ligand_iptm": 0.0,
    "protein_iptm": 0.945301353931427,
    "complex_plddt": 0.3824944794178009,
    "complex_iplddt": 0.4181651175022125,
    "complex_pde": 0.45016026496887207,
    "complex_ipde": 0.789887547492981,
    "chains_ptm": {
        "0": 0.9224330186843872,
        "1": 0.9729229807853699
    },
    "pair_chains_iptm": {
        "0": {
            "0": 0.9224330186843872,
            "1": 0.9110990166664124
        },
        "1": {
            "0": 0.945301353931427,
            "1": 0.9729229807853699
        }
    }
}