{
    "confidence_score": 0.4394035041332245,
    "ptm": 0.48482245206832886,
    "iptm": 0.6861829161643982,
    "ligand_iptm": 0.0,
    "protein_iptm": 0.6861829161643982,
    "complex_plddt": 0.37770864367485046,
    "complex_iplddt": 0.4089270532131195,
    "complex_pde": 2.7427120208740234,
    "complex_ipde": 5.537010192871094,
    "chains_ptm": {
        "0": 0.39872270822525024,
        "1": 0.8979676961898804
    },
    "pair_chains_iptm": {
        "0": {
            "0": 0.39872270822525024,
            "1": 0.36490270495414734
        },
        "1": {
            "0": 0.6861829161643982,
            "1": 0.8979676961898804
        }
    }
}