{
    "confidence_score": 0.5114370584487915,
    "ptm": 0.9282923936843872,
    "iptm": 0.9302261471748352,
    "ligand_iptm": 0.0,
    "protein_iptm": 0.9302261471748352,
    "complex_plddt": 0.4067397713661194,
    "complex_iplddt": 0.45510944724082947,
    "complex_pde": 0.4355405271053314,
    "complex_ipde": 0.7130308151245117,
    "chains_ptm": {
        "0": 0.9305319786071777,
        "1": 0.9687630534172058
    },
    "pair_chains_iptm": {
        "0": {
            "0": 0.9305319786071777,
            "1": 0.9181535243988037
        },
        "1": {
            "0": 0.9302261471748352,
            "1": 0.9687630534172058
        }
    }
}