{
    "confidence_score": 0.7898730039596558,
    "ptm": 0.7062317728996277,
    "iptm": 0.5130510330200195,
    "ligand_iptm": 0.0,
    "protein_iptm": 0.5130510330200195,
    "complex_plddt": 0.8590784668922424,
    "complex_iplddt": 0.8149418830871582,
    "complex_pde": 0.6832873821258545,
    "complex_ipde": 6.778836250305176,
    "chains_ptm": {
        "0": 0.9151872396469116,
        "1": 0.9107900857925415
    },
    "pair_chains_iptm": {
        "0": {
            "0": 0.9151872396469116,
            "1": 0.5130510330200195
        },
        "1": {
            "0": 0.5112012624740601,
            "1": 0.9107900857925415
        }
    }
}