{
    "confidence_score": 0.7249208688735962,
    "ptm": 0.6507080793380737,
    "iptm": 0.4202716052532196,
    "ligand_iptm": 0.0,
    "protein_iptm": 0.4202716052532196,
    "complex_plddt": 0.8010831475257874,
    "complex_iplddt": 0.7022044062614441,
    "complex_pde": 0.8030291199684143,
    "complex_ipde": 8.562610626220703,
    "chains_ptm": {
        "0": 0.8882089853286743,
        "1": 0.8930237293243408
    },
    "pair_chains_iptm": {
        "0": {
            "0": 0.8882089853286743,
            "1": 0.4202716052532196
        },
        "1": {
            "0": 0.4158053398132324,
            "1": 0.8930237293243408
        }
    }
}