{
    "confidence_score": 0.7753319144248962,
    "ptm": 0.7753096222877502,
    "iptm": 0.6481466293334961,
    "ligand_iptm": 0.0,
    "protein_iptm": 0.6481466293334961,
    "complex_plddt": 0.8071281909942627,
    "complex_iplddt": 0.7446487545967102,
    "complex_pde": 0.5971582531929016,
    "complex_ipde": 4.9321136474609375,
    "chains_ptm": {
        "0": 0.908179759979248,
        "1": 0.9154078960418701
    },
    "pair_chains_iptm": {
        "0": {
            "0": 0.908179759979248,
            "1": 0.6456301212310791
        },
        "1": {
            "0": 0.6481466293334961,
            "1": 0.9154078960418701
        }
    }
}