{
    "confidence_score": 0.7461903095245361,
    "ptm": 0.6735715270042419,
    "iptm": 0.45821624994277954,
    "ligand_iptm": 0.0,
    "protein_iptm": 0.45821624994277954,
    "complex_plddt": 0.8181838393211365,
    "complex_iplddt": 0.7380694150924683,
    "complex_pde": 0.7531757354736328,
    "complex_ipde": 7.986259937286377,
    "chains_ptm": {
        "0": 0.8930505514144897,
        "1": 0.8958384394645691
    },
    "pair_chains_iptm": {
        "0": {
            "0": 0.8930505514144897,
            "1": 0.45821624994277954
        },
        "1": {
            "0": 0.4556167423725128,
            "1": 0.8958384394645691
        }
    }
}