{
    "confidence_score": 0.7868331074714661,
    "ptm": 0.7726066708564758,
    "iptm": 0.6127500534057617,
    "ligand_iptm": 0.0,
    "protein_iptm": 0.6127500534057617,
    "complex_plddt": 0.830353856086731,
    "complex_iplddt": 0.7606911659240723,
    "complex_pde": 0.5825814604759216,
    "complex_ipde": 5.751011371612549,
    "chains_ptm": {
        "0": 0.9445262551307678,
        "1": 0.9428827166557312
    },
    "pair_chains_iptm": {
        "0": {
            "0": 0.9445262551307678,
            "1": 0.6127500534057617
        },
        "1": {
            "0": 0.6066097021102905,
            "1": 0.9428827166557312
        }
    }
}