{
    "confidence_score": 0.2612435519695282,
    "ptm": 0.1958969235420227,
    "iptm": 0.08970855921506882,
    "ligand_iptm": 0.0,
    "protein_iptm": 0.08970855921506882,
    "complex_plddt": 0.3041272759437561,
    "complex_iplddt": 0.2659602761268616,
    "complex_pde": 4.068280220031738,
    "complex_ipde": 12.025222778320312,
    "chains_ptm": {
        "0": 0.3026624023914337,
        "1": 0.30260714888572693
    },
    "pair_chains_iptm": {
        "0": {
            "0": 0.3026624023914337,
            "1": 0.08929544687271118
        },
        "1": {
            "0": 0.08970855921506882,
            "1": 0.30260714888572693
        }
    }
}