{
    "confidence_score": 0.2663266062736511,
    "ptm": 0.20707431435585022,
    "iptm": 0.08671119064092636,
    "ligand_iptm": 0.0,
    "protein_iptm": 0.08671119064092636,
    "complex_plddt": 0.31123045086860657,
    "complex_iplddt": 0.2989736497402191,
    "complex_pde": 3.9510865211486816,
    "complex_ipde": 12.600044250488281,
    "chains_ptm": {
        "0": 0.3261028826236725,
        "1": 0.3295894265174866
    },
    "pair_chains_iptm": {
        "0": {
            "0": 0.3261028826236725,
            "1": 0.08671119064092636
        },
        "1": {
            "0": 0.08631675690412521,
            "1": 0.3295894265174866
        }
    }
}