{
    "confidence_score": 0.26748356223106384,
    "ptm": 0.197679802775383,
    "iptm": 0.08723356574773788,
    "ligand_iptm": 0.0,
    "protein_iptm": 0.08723356574773788,
    "complex_plddt": 0.3125460743904114,
    "complex_iplddt": 0.31445038318634033,
    "complex_pde": 3.992577314376831,
    "complex_ipde": 13.180989265441895,
    "chains_ptm": {
        "0": 0.307126522064209,
        "1": 0.3084050416946411
    },
    "pair_chains_iptm": {
        "0": {
            "0": 0.307126522064209,
            "1": 0.0869646891951561
        },
        "1": {
            "0": 0.08723356574773788,
            "1": 0.3084050416946411
        }
    }
}