{
    "confidence_score": 0.2613622844219208,
    "ptm": 0.21497410535812378,
    "iptm": 0.0916370376944542,
    "ligand_iptm": 0.0,
    "protein_iptm": 0.0916370376944542,
    "complex_plddt": 0.3037935793399811,
    "complex_iplddt": 0.277633935213089,
    "complex_pde": 4.00837516784668,
    "complex_ipde": 13.366155624389648,
    "chains_ptm": {
        "0": 0.3404465615749359,
        "1": 0.33849015831947327
    },
    "pair_chains_iptm": {
        "0": {
            "0": 0.3404465615749359,
            "1": 0.0916370376944542
        },
        "1": {
            "0": 0.09157752990722656,
            "1": 0.33849015831947327
        }
    }
}