{
    "confidence_score": 0.279448539018631,
    "ptm": 0.2209935188293457,
    "iptm": 0.08914561569690704,
    "ligand_iptm": 0.0,
    "protein_iptm": 0.08914561569690704,
    "complex_plddt": 0.3270242512226105,
    "complex_iplddt": 0.3066506087779999,
    "complex_pde": 3.9173314571380615,
    "complex_ipde": 12.647520065307617,
    "chains_ptm": {
        "0": 0.3528413474559784,
        "1": 0.3511163294315338
    },
    "pair_chains_iptm": {
        "0": {
            "0": 0.3528413474559784,
            "1": 0.08814039826393127
        },
        "1": {
            "0": 0.08914561569690704,
            "1": 0.3511163294315338
        }
    }
}