{
    "confidence_score": 0.44711190462112427,
    "ptm": 0.8201411962509155,
    "iptm": 0.7858413457870483,
    "ligand_iptm": 0.0,
    "protein_iptm": 0.7858413457870483,
    "complex_plddt": 0.36242952942848206,
    "complex_iplddt": 0.3927724361419678,
    "complex_pde": 0.859333336353302,
    "complex_ipde": 1.764738917350769,
    "chains_ptm": {
        "0": 0.8445269465446472,
        "1": 0.9474797248840332
    },
    "pair_chains_iptm": {
        "0": {
            "0": 0.8445269465446472,
            "1": 0.7601357698440552
        },
        "1": {
            "0": 0.7858413457870483,
            "1": 0.9474797248840332
        }
    }
}