{
    "confidence_score": 0.44726163148880005,
    "ptm": 0.593816876411438,
    "iptm": 0.7534724473953247,
    "ligand_iptm": 0.0,
    "protein_iptm": 0.7534724473953247,
    "complex_plddt": 0.3707089126110077,
    "complex_iplddt": 0.40180665254592896,
    "complex_pde": 2.304982900619507,
    "complex_ipde": 3.697828769683838,
    "chains_ptm": {
        "0": 0.5238277316093445,
        "1": 0.9091805219650269
    },
    "pair_chains_iptm": {
        "0": {
            "0": 0.5238277316093445,
            "1": 0.5127407908439636
        },
        "1": {
            "0": 0.7534724473953247,
            "1": 0.9091805219650269
        }
    }
}