{
    "confidence_score": 0.4322211742401123,
    "ptm": 0.5411496758460999,
    "iptm": 0.6830716729164124,
    "ligand_iptm": 0.0,
    "protein_iptm": 0.6830716729164124,
    "complex_plddt": 0.3695085346698761,
    "complex_iplddt": 0.3953907787799835,
    "complex_pde": 2.410627603530884,
    "complex_ipde": 4.090587139129639,
    "chains_ptm": {
        "0": 0.4708873927593231,
        "1": 0.8914983868598938
    },
    "pair_chains_iptm": {
        "0": {
            "0": 0.4708873927593231,
            "1": 0.4561547338962555
        },
        "1": {
            "0": 0.6830716729164124,
            "1": 0.8914983868598938
        }
    }
}