{
    "confidence_score": 0.3885025680065155,
    "ptm": 0.3759484589099884,
    "iptm": 0.5105913877487183,
    "ligand_iptm": 0.0,
    "protein_iptm": 0.5105913877487183,
    "complex_plddt": 0.357980340719223,
    "complex_iplddt": 0.3955140709877014,
    "complex_pde": 3.452556610107422,
    "complex_ipde": 6.000405788421631,
    "chains_ptm": {
        "0": 0.24562576413154602,
        "1": 0.8358989357948303
    },
    "pair_chains_iptm": {
        "0": {
            "0": 0.24562576413154602,
            "1": 0.24124862253665924
        },
        "1": {
            "0": 0.5105913877487183,
            "1": 0.8358989357948303
        }
    }
}