{
    "confidence_score": 0.32288286089897156,
    "ptm": 0.27753567695617676,
    "iptm": 0.2653387486934662,
    "ligand_iptm": 0.0,
    "protein_iptm": 0.2653387486934662,
    "complex_plddt": 0.3372688591480255,
    "complex_iplddt": 0.34858039021492004,
    "complex_pde": 3.358947992324829,
    "complex_ipde": 6.421876907348633,
    "chains_ptm": {
        "0": 0.25145554542541504,
        "1": 0.6077291965484619
    },
    "pair_chains_iptm": {
        "0": {
            "0": 0.25145554542541504,
            "1": 0.18321719765663147
        },
        "1": {
            "0": 0.2653387486934662,
            "1": 0.6077291965484619
        }
    }
}