{
    "confidence_score": 0.3797485828399658,
    "ptm": 0.44718411564826965,
    "iptm": 0.4576341211795807,
    "ligand_iptm": 0.0,
    "protein_iptm": 0.4576341211795807,
    "complex_plddt": 0.3602772057056427,
    "complex_iplddt": 0.3867168128490448,
    "complex_pde": 2.6729674339294434,
    "complex_ipde": 4.660496234893799,
    "chains_ptm": {
        "0": 0.4296325445175171,
        "1": 0.8640718460083008
    },
    "pair_chains_iptm": {
        "0": {
            "0": 0.4296325445175171,
            "1": 0.33167892694473267
        },
        "1": {
            "0": 0.4576341211795807,
            "1": 0.8640718460083008
        }
    }
}