{
    "confidence_score": 0.44995594024658203,
    "ptm": 0.6506328582763672,
    "iptm": 0.7603104710578918,
    "ligand_iptm": 0.0,
    "protein_iptm": 0.7603104710578918,
    "complex_plddt": 0.37236732244491577,
    "complex_iplddt": 0.40616944432258606,
    "complex_pde": 1.8823801279067993,
    "complex_ipde": 3.108180522918701,
    "chains_ptm": {
        "0": 0.5923517346382141,
        "1": 0.8873569369316101
    },
    "pair_chains_iptm": {
        "0": {
            "0": 0.5923517346382141,
            "1": 0.5813063979148865
        },
        "1": {
            "0": 0.7603104710578918,
            "1": 0.8873569369316101
        }
    }
}