{
    "confidence_score": 0.3299408555030823,
    "ptm": 0.3307324945926666,
    "iptm": 0.303689181804657,
    "ligand_iptm": 0.0,
    "protein_iptm": 0.303689181804657,
    "complex_plddt": 0.3365037739276886,
    "complex_iplddt": 0.3581008315086365,
    "complex_pde": 3.4818458557128906,
    "complex_ipde": 6.480344772338867,
    "chains_ptm": {
        "0": 0.22945107519626617,
        "1": 0.8300309181213379
    },
    "pair_chains_iptm": {
        "0": {
            "0": 0.22945107519626617,
            "1": 0.1845093071460724
        },
        "1": {
            "0": 0.303689181804657,
            "1": 0.8300309181213379
        }
    }
}