{
    "confidence_score": 0.4605625569820404,
    "ptm": 0.7790416479110718,
    "iptm": 0.855080783367157,
    "ligand_iptm": 0.0,
    "protein_iptm": 0.855080783367157,
    "complex_plddt": 0.36193299293518066,
    "complex_iplddt": 0.40564918518066406,
    "complex_pde": 1.2695090770721436,
    "complex_ipde": 2.0160648822784424,
    "chains_ptm": {
        "0": 0.7381197810173035,
        "1": 0.9380330443382263
    },
    "pair_chains_iptm": {
        "0": {
            "0": 0.7381197810173035,
            "1": 0.7338189482688904
        },
        "1": {
            "0": 0.855080783367157,
            "1": 0.9380330443382263
        }
    }
}