{
    "confidence_score": 0.47080856561660767,
    "ptm": 0.9025998115539551,
    "iptm": 0.8972185850143433,
    "ligand_iptm": 0.0,
    "protein_iptm": 0.8972185850143433,
    "complex_plddt": 0.3642060458660126,
    "complex_iplddt": 0.3893747925758362,
    "complex_pde": 0.6132320761680603,
    "complex_ipde": 0.9402003884315491,
    "chains_ptm": {
        "0": 0.8798137307167053,
        "1": 0.9652335047721863
    },
    "pair_chains_iptm": {
        "0": {
            "0": 0.8798137307167053,
            "1": 0.8842569589614868
        },
        "1": {
            "0": 0.8972185850143433,
            "1": 0.9652335047721863
        }
    }
}