{
    "confidence_score": 0.8748465776443481,
    "ptm": 0.6965693235397339,
    "iptm": 0.0,
    "ligand_iptm": 0.0,
    "protein_iptm": 0.0,
    "complex_plddt": 0.9194158911705017,
    "complex_iplddt": 0.9194158911705017,
    "complex_pde": 0.7253608107566833,
    "complex_ipde": 0.0,
    "chains_ptm": {
        "0": 0.6965693235397339
    },
    "pair_chains_iptm": {
        "0": {
            "0": 0.6965693235397339
        }
    }
}