{
    "confidence_score": 0.7090542912483215,
    "ptm": 0.6268924474716187,
    "iptm": 0.6241238117218018,
    "ligand_iptm": 0.0,
    "protein_iptm": 0.0,
    "complex_plddt": 0.7302868962287903,
    "complex_iplddt": 0.730044424533844,
    "complex_pde": 0.2793801426887512,
    "complex_ipde": 0.2957233190536499,
    "chains_ptm": {
        "0": 0.6921375393867493,
        "1": 0.6939122080802917
    },
    "pair_chains_iptm": {
        "0": {
            "0": 0.6921375393867493,
            "1": 0.6201553344726562
        },
        "1": {
            "0": 0.6241238117218018,
            "1": 0.6939122080802917
        }
    }
}