{
    "confidence_score": 0.7075168490409851,
    "ptm": 0.5876766443252563,
    "iptm": 0.5627315640449524,
    "ligand_iptm": 0.0,
    "protein_iptm": 0.0,
    "complex_plddt": 0.7437131404876709,
    "complex_iplddt": 0.7507429122924805,
    "complex_pde": 0.29316312074661255,
    "complex_ipde": 0.31969231367111206,
    "chains_ptm": {
        "0": 0.6487182378768921,
        "1": 0.6434116363525391
    },
    "pair_chains_iptm": {
        "0": {
            "0": 0.6487182378768921,
            "1": 0.5556798577308655
        },
        "1": {
            "0": 0.5627315640449524,
            "1": 0.6434116363525391
        }
    }
}