{
    "confidence_score": 0.7070948481559753,
    "ptm": 0.6253805160522461,
    "iptm": 0.6118191480636597,
    "ligand_iptm": 0.0,
    "protein_iptm": 0.0,
    "complex_plddt": 0.7309137582778931,
    "complex_iplddt": 0.7296005487442017,
    "complex_pde": 0.2777750790119171,
    "complex_ipde": 0.2906608283519745,
    "chains_ptm": {
        "0": 0.6767431497573853,
        "1": 0.6771026849746704
    },
    "pair_chains_iptm": {
        "0": {
            "0": 0.6767431497573853,
            "1": 0.6046685576438904
        },
        "1": {
            "0": 0.6118191480636597,
            "1": 0.6771026849746704
        }
    }
}