{
    "confidence_score": 0.485999196767807,
    "ptm": 0.4212172031402588,
    "iptm": 0.3788076341152191,
    "ligand_iptm": 0.0,
    "protein_iptm": 0.0,
    "complex_plddt": 0.5127971172332764,
    "complex_iplddt": 0.5216730833053589,
    "complex_pde": 0.6891947984695435,
    "complex_ipde": 0.939625084400177,
    "chains_ptm": {
        "0": 0.47173404693603516,
        "1": 0.4658854603767395
    },
    "pair_chains_iptm": {
        "0": {
            "0": 0.47173404693603516,
            "1": 0.36544033885002136
        },
        "1": {
            "0": 0.3788076341152191,
            "1": 0.4658854603767395
        }
    }
}