{
    "confidence_score": 0.6060688495635986,
    "ptm": 0.5566955208778381,
    "iptm": 0.5244660377502441,
    "ligand_iptm": 0.0,
    "protein_iptm": 0.0,
    "complex_plddt": 0.6264695525169373,
    "complex_iplddt": 0.6348598003387451,
    "complex_pde": 0.44867122173309326,
    "complex_ipde": 0.5883541107177734,
    "chains_ptm": {
        "0": 0.5992117524147034,
        "1": 0.5889246463775635
    },
    "pair_chains_iptm": {
        "0": {
            "0": 0.5992117524147034,
            "1": 0.5244660377502441
        },
        "1": {
            "0": 0.510051965713501,
            "1": 0.5889246463775635
        }
    }
}