{
    "confidence_score": 0.6369778513908386,
    "ptm": 0.5347334742546082,
    "iptm": 0.505278468132019,
    "ligand_iptm": 0.0,
    "protein_iptm": 0.0,
    "complex_plddt": 0.6699026823043823,
    "complex_iplddt": 0.6725066900253296,
    "complex_pde": 0.3452342450618744,
    "complex_ipde": 0.380359947681427,
    "chains_ptm": {
        "0": 0.5641881823539734,
        "1": 0.5581884384155273
    },
    "pair_chains_iptm": {
        "0": {
            "0": 0.5641881823539734,
            "1": 0.49784210324287415
        },
        "1": {
            "0": 0.505278468132019,
            "1": 0.5581884384155273
        }
    }
}