{
    "confidence_score": 0.6033443808555603,
    "ptm": 0.5544293522834778,
    "iptm": 0.5190204381942749,
    "ligand_iptm": 0.0,
    "protein_iptm": 0.0,
    "complex_plddt": 0.6244253516197205,
    "complex_iplddt": 0.6350751519203186,
    "complex_pde": 0.45863470435142517,
    "complex_ipde": 0.5932937860488892,
    "chains_ptm": {
        "0": 0.6013873815536499,
        "1": 0.5897386074066162
    },
    "pair_chains_iptm": {
        "0": {
            "0": 0.6013873815536499,
            "1": 0.5190204381942749
        },
        "1": {
            "0": 0.5145733952522278,
            "1": 0.5897386074066162
        }
    }
}