{
    "confidence_score": 0.5841678977012634,
    "ptm": 0.4235254228115082,
    "iptm": 0.3890838623046875,
    "ligand_iptm": 0.0,
    "protein_iptm": 0.0,
    "complex_plddt": 0.6329389214515686,
    "complex_iplddt": 0.669372022151947,
    "complex_pde": 0.4268952012062073,
    "complex_ipde": 0.49517831206321716,
    "chains_ptm": {
        "0": 0.5018336772918701,
        "1": 0.5009649395942688
    },
    "pair_chains_iptm": {
        "0": {
            "0": 0.5018336772918701,
            "1": 0.37794792652130127
        },
        "1": {
            "0": 0.3890838623046875,
            "1": 0.5009649395942688
        }
    }
}