{
    "confidence_score": 0.658160388469696,
    "ptm": 0.6115116477012634,
    "iptm": 0.5851616859436035,
    "ligand_iptm": 0.0,
    "protein_iptm": 0.0,
    "complex_plddt": 0.6764100790023804,
    "complex_iplddt": 0.6793466210365295,
    "complex_pde": 0.3519009053707123,
    "complex_ipde": 0.42007386684417725,
    "chains_ptm": {
        "0": 0.6393601894378662,
        "1": 0.637861430644989
    },
    "pair_chains_iptm": {
        "0": {
            "0": 0.6393601894378662,
            "1": 0.5851616859436035
        },
        "1": {
            "0": 0.5793084502220154,
            "1": 0.637861430644989
        }
    }
}