{
    "confidence_score": 0.4716854989528656,
    "ptm": 0.3568919599056244,
    "iptm": 0.29995155334472656,
    "ligand_iptm": 0.0,
    "protein_iptm": 0.0,
    "complex_plddt": 0.514618992805481,
    "complex_iplddt": 0.5130186676979065,
    "complex_pde": 1.2836767435073853,
    "complex_ipde": 1.9891936779022217,
    "chains_ptm": {
        "0": 0.41743791103363037,
        "1": 0.40981197357177734
    },
    "pair_chains_iptm": {
        "0": {
            "0": 0.41743791103363037,
            "1": 0.29995155334472656
        },
        "1": {
            "0": 0.2963458299636841,
            "1": 0.40981197357177734
        }
    }
}