{
    "confidence_score": 0.8813599944114685,
    "ptm": 0.7102671265602112,
    "iptm": 0.0,
    "ligand_iptm": 0.0,
    "protein_iptm": 0.0,
    "complex_plddt": 0.9241331219673157,
    "complex_iplddt": 0.9241331219673157,
    "complex_pde": 0.7668392062187195,
    "complex_ipde": 0.0,
    "chains_ptm": {
        "0": 0.7102671265602112
    },
    "pair_chains_iptm": {
        "0": {
            "0": 0.7102671265602112
        }
    }
}