{
    "confidence_score": 0.36162301898002625,
    "ptm": 0.1718345582485199,
    "iptm": 0.1121322438120842,
    "ligand_iptm": 0.0,
    "protein_iptm": 0.1121322438120842,
    "complex_plddt": 0.423995703458786,
    "complex_iplddt": 0.4230017364025116,
    "complex_pde": 4.397420406341553,
    "complex_ipde": 17.28355598449707,
    "chains_ptm": {
        "0": 0.27214697003364563,
        "1": 0.2567612826824188,
        "2": 0.33629196882247925
    },
    "pair_chains_iptm": {
        "0": {
            "0": 0.27214697003364563,
            "1": 0.11935409158468246,
            "2": 0.10295522958040237
        },
        "1": {
            "0": 0.12059462815523148,
            "1": 0.2567612826824188,
            "2": 0.10656850039958954
        },
        "2": {
            "0": 0.10455591231584549,
            "1": 0.10915384441614151,
            "2": 0.33629196882247925
        }
    }
}