{
    "confidence_score": 0.3774324655532837,
    "ptm": 0.17628362774848938,
    "iptm": 0.11032558232545853,
    "ligand_iptm": 0.0,
    "protein_iptm": 0.11032558232545853,
    "complex_plddt": 0.44420918822288513,
    "complex_iplddt": 0.4444468021392822,
    "complex_pde": 4.221368789672852,
    "complex_ipde": 17.134103775024414,
    "chains_ptm": {
        "0": 0.27787578105926514,
        "1": 0.2629815340042114,
        "2": 0.34936243295669556
    },
    "pair_chains_iptm": {
        "0": {
            "0": 0.27787578105926514,
            "1": 0.12539631128311157,
            "2": 0.09420967102050781
        },
        "1": {
            "0": 0.12669971585273743,
            "1": 0.2629815340042114,
            "2": 0.09951595216989517
        },
        "2": {
            "0": 0.09499333053827286,
            "1": 0.10402829945087433,
            "2": 0.34936243295669556
        }
    }
}