{
    "confidence_score": 0.36984339356422424,
    "ptm": 0.1632276475429535,
    "iptm": 0.10307568311691284,
    "ligand_iptm": 0.0,
    "protein_iptm": 0.10307568311691284,
    "complex_plddt": 0.4365352988243103,
    "complex_iplddt": 0.45734694600105286,
    "complex_pde": 4.218928813934326,
    "complex_ipde": 15.854286193847656,
    "chains_ptm": {
        "0": 0.2603054940700531,
        "1": 0.2500103712081909,
        "2": 0.3188297152519226
    },
    "pair_chains_iptm": {
        "0": {
            "0": 0.2603054940700531,
            "1": 0.11594146490097046,
            "2": 0.10139685124158859
        },
        "1": {
            "0": 0.106810562312603,
            "1": 0.2500103712081909,
            "2": 0.09937684237957001
        },
        "2": {
            "0": 0.10075277835130692,
            "1": 0.09959965944290161,
            "2": 0.3188297152519226
        }
    }
}