{
    "confidence_score": 0.386631041765213,
    "ptm": 0.17850439250469208,
    "iptm": 0.11162020266056061,
    "ligand_iptm": 0.0,
    "protein_iptm": 0.11162020266056061,
    "complex_plddt": 0.4553837478160858,
    "complex_iplddt": 0.4365033209323883,
    "complex_pde": 4.271180629730225,
    "complex_ipde": 16.782489776611328,
    "chains_ptm": {
        "0": 0.2758335471153259,
        "1": 0.2528245747089386,
        "2": 0.35563206672668457
    },
    "pair_chains_iptm": {
        "0": {
            "0": 0.2758335471153259,
            "1": 0.1171131283044815,
            "2": 0.10563185811042786
        },
        "1": {
            "0": 0.11687391996383667,
            "1": 0.2528245747089386,
            "2": 0.10742766410112381
        },
        "2": {
            "0": 0.10683729499578476,
            "1": 0.10881326347589493,
            "2": 0.35563206672668457
        }
    }
}