{
    "confidence_score": 0.3844728171825409,
    "ptm": 0.1823066920042038,
    "iptm": 0.10610099136829376,
    "ligand_iptm": 0.0,
    "protein_iptm": 0.10610099136829376,
    "complex_plddt": 0.45406574010849,
    "complex_iplddt": 0.42970162630081177,
    "complex_pde": 4.3130927085876465,
    "complex_ipde": 17.16729164123535,
    "chains_ptm": {
        "0": 0.2821500301361084,
        "1": 0.27934083342552185,
        "2": 0.36485299468040466
    },
    "pair_chains_iptm": {
        "0": {
            "0": 0.2821500301361084,
            "1": 0.11426886171102524,
            "2": 0.10163672268390656
        },
        "1": {
            "0": 0.10899191349744797,
            "1": 0.27934083342552185,
            "2": 0.10297791659832001
        },
        "2": {
            "0": 0.10446952283382416,
            "1": 0.10405571013689041,
            "2": 0.36485299468040466
        }
    }
}