{
    "confidence_score": 0.7643539905548096,
    "ptm": 0.7090663313865662,
    "iptm": 0.6965250968933105,
    "ligand_iptm": 0.0,
    "protein_iptm": 0.6965250968933105,
    "complex_plddt": 0.7813112139701843,
    "complex_iplddt": 0.7763245701789856,
    "complex_pde": 0.6734367609024048,
    "complex_ipde": 2.111847162246704,
    "chains_ptm": {
        "0": 0.6702160835266113,
        "1": 0.8740295171737671
    },
    "pair_chains_iptm": {
        "0": {
            "0": 0.6702160835266113,
            "1": 0.5522957444190979
        },
        "1": {
            "0": 0.6965250968933105,
            "1": 0.8740295171737671
        }
    }
}