{
    "confidence_score": 0.7637953758239746,
    "ptm": 0.710216760635376,
    "iptm": 0.6970667243003845,
    "ligand_iptm": 0.0,
    "protein_iptm": 0.6970667243003845,
    "complex_plddt": 0.7804775238037109,
    "complex_iplddt": 0.7672814130783081,
    "complex_pde": 0.6957288980484009,
    "complex_ipde": 2.1239280700683594,
    "chains_ptm": {
        "0": 0.6580753922462463,
        "1": 0.8848956823348999
    },
    "pair_chains_iptm": {
        "0": {
            "0": 0.6580753922462463,
            "1": 0.544684648513794
        },
        "1": {
            "0": 0.6970667243003845,
            "1": 0.8848956823348999
        }
    }
}