{
    "confidence_score": 0.7706584334373474,
    "ptm": 0.7080432176589966,
    "iptm": 0.7165842652320862,
    "ligand_iptm": 0.0,
    "protein_iptm": 0.7165842652320862,
    "complex_plddt": 0.7841769456863403,
    "complex_iplddt": 0.7675883769989014,
    "complex_pde": 0.7010951042175293,
    "complex_ipde": 2.231889247894287,
    "chains_ptm": {
        "0": 0.6441313624382019,
        "1": 0.882702112197876
    },
    "pair_chains_iptm": {
        "0": {
            "0": 0.6441313624382019,
            "1": 0.545667827129364
        },
        "1": {
            "0": 0.7165842652320862,
            "1": 0.882702112197876
        }
    }
}