{
    "confidence_score": 0.8283923268318176,
    "ptm": 0.9197375774383545,
    "iptm": 0.9187864065170288,
    "ligand_iptm": 0.0,
    "protein_iptm": 0.9187864065170288,
    "complex_plddt": 0.8057937622070312,
    "complex_iplddt": 0.7938787341117859,
    "complex_pde": 0.40732869505882263,
    "complex_ipde": 0.7087000608444214,
    "chains_ptm": {
        "0": 0.9255461096763611,
        "1": 0.9311383962631226
    },
    "pair_chains_iptm": {
        "0": {
            "0": 0.9255461096763611,
            "1": 0.913713276386261
        },
        "1": {
            "0": 0.9187864065170288,
            "1": 0.9311383962631226
        }
    }
}