{
    "confidence_score": 0.822769820690155,
    "ptm": 0.9070465564727783,
    "iptm": 0.8988627195358276,
    "ligand_iptm": 0.0,
    "protein_iptm": 0.8988627195358276,
    "complex_plddt": 0.8037465810775757,
    "complex_iplddt": 0.7971108555793762,
    "complex_pde": 0.43395259976387024,
    "complex_ipde": 0.9093525409698486,
    "chains_ptm": {
        "0": 0.9239418506622314,
        "1": 0.9284249544143677
    },
    "pair_chains_iptm": {
        "0": {
            "0": 0.9239418506622314,
            "1": 0.8912166953086853
        },
        "1": {
            "0": 0.8988627195358276,
            "1": 0.9284249544143677
        }
    }
}