{
    "confidence_score": 0.8400759100914001,
    "ptm": 0.9434406161308289,
    "iptm": 0.9395446181297302,
    "ligand_iptm": 0.0,
    "protein_iptm": 0.9395446181297302,
    "complex_plddt": 0.8152087330818176,
    "complex_iplddt": 0.8036317229270935,
    "complex_pde": 0.3432384729385376,
    "complex_ipde": 0.6129966378211975,
    "chains_ptm": {
        "0": 0.9610108137130737,
        "1": 0.9551434516906738
    },
    "pair_chains_iptm": {
        "0": {
            "0": 0.9610108137130737,
            "1": 0.9395446181297302
        },
        "1": {
            "0": 0.9388435482978821,
            "1": 0.9551434516906738
        }
    }
}