{
    "confidence_score": 0.8263300061225891,
    "ptm": 0.925084114074707,
    "iptm": 0.9218875765800476,
    "ligand_iptm": 0.0,
    "protein_iptm": 0.9218875765800476,
    "complex_plddt": 0.8024405837059021,
    "complex_iplddt": 0.7721624970436096,
    "complex_pde": 0.36521199345588684,
    "complex_ipde": 0.6531394124031067,
    "chains_ptm": {
        "0": 0.9376103281974792,
        "1": 0.9508171677589417
    },
    "pair_chains_iptm": {
        "0": {
            "0": 0.9376103281974792,
            "1": 0.9138310551643372
        },
        "1": {
            "0": 0.9218875765800476,
            "1": 0.9508171677589417
        }
    }
}