{
    "confidence_score": 0.8125953674316406,
    "ptm": 0.9055234789848328,
    "iptm": 0.9007149338722229,
    "ligand_iptm": 0.0,
    "protein_iptm": 0.9007149338722229,
    "complex_plddt": 0.7905654907226562,
    "complex_iplddt": 0.7648035287857056,
    "complex_pde": 0.4278380572795868,
    "complex_ipde": 0.9143007397651672,
    "chains_ptm": {
        "0": 0.9173010587692261,
        "1": 0.9332187175750732
    },
    "pair_chains_iptm": {
        "0": {
            "0": 0.9173010587692261,
            "1": 0.8896946310997009
        },
        "1": {
            "0": 0.9007149338722229,
            "1": 0.9332187175750732
        }
    }
}