{
    "confidence_score": 0.32207390666007996,
    "ptm": 0.2729700207710266,
    "iptm": 0.2617861032485962,
    "ligand_iptm": 0.0,
    "protein_iptm": 0.2617861032485962,
    "complex_plddt": 0.3371458649635315,
    "complex_iplddt": 0.3485662639141083,
    "complex_pde": 3.3884854316711426,
    "complex_ipde": 6.496852397918701,
    "chains_ptm": {
        "0": 0.24607586860656738,
        "1": 0.6046335697174072
    },
    "pair_chains_iptm": {
        "0": {
            "0": 0.24607586860656738,
            "1": 0.17842544615268707
        },
        "1": {
            "0": 0.2617861032485962,
            "1": 0.6046335697174072
        }
    }
}