{
    "confidence_score": 0.45342692732810974,
    "ptm": 0.6580489873886108,
    "iptm": 0.7701230049133301,
    "ligand_iptm": 0.0,
    "protein_iptm": 0.7701230049133301,
    "complex_plddt": 0.37425291538238525,
    "complex_iplddt": 0.40869244933128357,
    "complex_pde": 1.8503820896148682,
    "complex_ipde": 3.027148962020874,
    "chains_ptm": {
        "0": 0.6022632718086243,
        "1": 0.8929587006568909
    },
    "pair_chains_iptm": {
        "0": {
            "0": 0.6022632718086243,
            "1": 0.5892539620399475
        },
        "1": {
            "0": 0.7701230049133301,
            "1": 0.8929587006568909
        }
    }
}