{
    "confidence_score": 0.43217596411705017,
    "ptm": 0.5410851836204529,
    "iptm": 0.6828939914703369,
    "ligand_iptm": 0.0,
    "protein_iptm": 0.6828939914703369,
    "complex_plddt": 0.3694964647293091,
    "complex_iplddt": 0.39536961913108826,
    "complex_pde": 2.4103081226348877,
    "complex_ipde": 4.091284275054932,
    "chains_ptm": {
        "0": 0.4710753262042999,
        "1": 0.8914070725440979
    },
    "pair_chains_iptm": {
        "0": {
            "0": 0.4710753262042999,
            "1": 0.45614296197891235
        },
        "1": {
            "0": 0.6828939914703369,
            "1": 0.8914070725440979
        }
    }
}