{
    "confidence_score": 0.45994406938552856,
    "ptm": 0.7740975022315979,
    "iptm": 0.8521329760551453,
    "ligand_iptm": 0.0,
    "protein_iptm": 0.8521329760551453,
    "complex_plddt": 0.3618968427181244,
    "complex_iplddt": 0.40566763281822205,
    "complex_pde": 1.2997212409973145,
    "complex_ipde": 2.0604021549224854,
    "chains_ptm": {
        "0": 0.7320469617843628,
        "1": 0.9371435642242432
    },
    "pair_chains_iptm": {
        "0": {
            "0": 0.7320469617843628,
            "1": 0.727774977684021
        },
        "1": {
            "0": 0.8521329760551453,
            "1": 0.9371435642242432
        }
    }
}