{
    "confidence_score": 0.32992061972618103,
    "ptm": 0.3306981325149536,
    "iptm": 0.30368930101394653,
    "ligand_iptm": 0.0,
    "protein_iptm": 0.30368930101394653,
    "complex_plddt": 0.33647844195365906,
    "complex_iplddt": 0.35808834433555603,
    "complex_pde": 3.481786012649536,
    "complex_ipde": 6.4811530113220215,
    "chains_ptm": {
        "0": 0.2295043170452118,
        "1": 0.8300508260726929
    },
    "pair_chains_iptm": {
        "0": {
            "0": 0.2295043170452118,
            "1": 0.1844591200351715
        },
        "1": {
            "0": 0.30368930101394653,
            "1": 0.8300508260726929
        }
    }
}