{
    "confidence_score": 0.4420270621776581,
    "ptm": 0.7978036403656006,
    "iptm": 0.7638746500015259,
    "ligand_iptm": 0.0,
    "protein_iptm": 0.7638746500015259,
    "complex_plddt": 0.36156514286994934,
    "complex_iplddt": 0.3923119902610779,
    "complex_pde": 0.9457593560218811,
    "complex_ipde": 1.9416717290878296,
    "chains_ptm": {
        "0": 0.8238800764083862,
        "1": 0.9421828985214233
    },
    "pair_chains_iptm": {
        "0": {
            "0": 0.8238800764083862,
            "1": 0.7346305847167969
        },
        "1": {
            "0": 0.7638746500015259,
            "1": 0.9421828985214233
        }
    }
}