{
    "confidence_score": 0.36827099323272705,
    "ptm": 0.42603108286857605,
    "iptm": 0.41267356276512146,
    "ligand_iptm": 0.0,
    "protein_iptm": 0.41267356276512146,
    "complex_plddt": 0.35717034339904785,
    "complex_iplddt": 0.3836567997932434,
    "complex_pde": 2.7663416862487793,
    "complex_ipde": 4.850738048553467,
    "chains_ptm": {
        "0": 0.40185579657554626,
        "1": 0.8516473174095154
    },
    "pair_chains_iptm": {
        "0": {
            "0": 0.40185579657554626,
            "1": 0.3112063407897949
        },
        "1": {
            "0": 0.41267356276512146,
            "1": 0.8516473174095154
        }
    }
}