{
    "confidence_score": 0.3891110420227051,
    "ptm": 0.3775719106197357,
    "iptm": 0.5137762427330017,
    "ligand_iptm": 0.0,
    "protein_iptm": 0.5137762427330017,
    "complex_plddt": 0.3579447269439697,
    "complex_iplddt": 0.3954744338989258,
    "complex_pde": 3.444312572479248,
    "complex_ipde": 5.982461929321289,
    "chains_ptm": {
        "0": 0.24703499674797058,
        "1": 0.8377804160118103
    },
    "pair_chains_iptm": {
        "0": {
            "0": 0.24703499674797058,
            "1": 0.24279651045799255
        },
        "1": {
            "0": 0.5137762427330017,
            "1": 0.8377804160118103
        }
    }
}