{
    "confidence_score": 0.4473872780799866,
    "ptm": 0.5944516062736511,
    "iptm": 0.7541941404342651,
    "ligand_iptm": 0.0,
    "protein_iptm": 0.7541941404342651,
    "complex_plddt": 0.37068554759025574,
    "complex_iplddt": 0.40177738666534424,
    "complex_pde": 2.303762912750244,
    "complex_ipde": 3.694650650024414,
    "chains_ptm": {
        "0": 0.5243765115737915,
        "1": 0.9092340469360352
    },
    "pair_chains_iptm": {
        "0": {
            "0": 0.5243765115737915,
            "1": 0.5134993195533752
        },
        "1": {
            "0": 0.7541941404342651,
            "1": 0.9092340469360352
        }
    }
}