{
    "confidence_score": 0.4707551896572113,
    "ptm": 0.9025055170059204,
    "iptm": 0.8971847295761108,
    "ligand_iptm": 0.0,
    "protein_iptm": 0.8971847295761108,
    "complex_plddt": 0.3641478419303894,
    "complex_iplddt": 0.3893067538738251,
    "complex_pde": 0.6135197281837463,
    "complex_ipde": 0.9411535859107971,
    "chains_ptm": {
        "0": 0.8799014687538147,
        "1": 0.96523118019104
    },
    "pair_chains_iptm": {
        "0": {
            "0": 0.8799014687538147,
            "1": 0.8841357827186584
        },
        "1": {
            "0": 0.8971847295761108,
            "1": 0.96523118019104
        }
    }
}