{
    "confidence_score": 0.7921355962753296,
    "ptm": 0.19876550137996674,
    "iptm": 0.17654123902320862,
    "ligand_iptm": 0.0,
    "protein_iptm": 0.0,
    "complex_plddt": 0.9460341334342957,
    "complex_iplddt": 0.9460341334342957,
    "complex_pde": 0.25095629692077637,
    "complex_ipde": 0.25122883915901184,
    "chains_ptm": {
        "0": 0.21986505389213562,
        "1": 0.22098952531814575
    },
    "pair_chains_iptm": {
        "0": {
            "0": 0.21986505389213562,
            "1": 0.17654123902320862
        },
        "1": {
            "0": 0.1740652173757553,
            "1": 0.22098952531814575
        }
    }
}