{
    "confidence_score": 0.7928828001022339,
    "ptm": 0.20141726732254028,
    "iptm": 0.1821533888578415,
    "ligand_iptm": 0.0,
    "protein_iptm": 0.0,
    "complex_plddt": 0.9455651044845581,
    "complex_iplddt": 0.9455651044845581,
    "complex_pde": 0.2508085072040558,
    "complex_ipde": 0.251024454832077,
    "chains_ptm": {
        "0": 0.2221122682094574,
        "1": 0.22257816791534424
    },
    "pair_chains_iptm": {
        "0": {
            "0": 0.2221122682094574,
            "1": 0.1821533888578415
        },
        "1": {
            "0": 0.1778755784034729,
            "1": 0.22257816791534424
        }
    }
}