{
    "confidence_score": 0.7916238307952881,
    "ptm": 0.19929969310760498,
    "iptm": 0.17900490760803223,
    "ligand_iptm": 0.0,
    "protein_iptm": 0.0,
    "complex_plddt": 0.944778561592102,
    "complex_iplddt": 0.9447786211967468,
    "complex_pde": 0.2509969174861908,
    "complex_ipde": 0.2513088583946228,
    "chains_ptm": {
        "0": 0.2180226892232895,
        "1": 0.22037337720394135
    },
    "pair_chains_iptm": {
        "0": {
            "0": 0.2180226892232895,
            "1": 0.17900490760803223
        },
        "1": {
            "0": 0.17127323150634766,
            "1": 0.22037337720394135
        }
    }
}