{
    "confidence_score": 0.7907537817955017,
    "ptm": 0.19817951321601868,
    "iptm": 0.17576810717582703,
    "ligand_iptm": 0.0,
    "protein_iptm": 0.0,
    "complex_plddt": 0.944500207901001,
    "complex_iplddt": 0.9445001482963562,
    "complex_pde": 0.2508210241794586,
    "complex_ipde": 0.25102561712265015,
    "chains_ptm": {
        "0": 0.22115641832351685,
        "1": 0.21766901016235352
    },
    "pair_chains_iptm": {
        "0": {
            "0": 0.22115641832351685,
            "1": 0.17528924345970154
        },
        "1": {
            "0": 0.17576810717582703,
            "1": 0.21766901016235352
        }
    }
}