{
    "confidence_score": 0.7899557948112488,
    "ptm": 0.1944166123867035,
    "iptm": 0.1719740778207779,
    "ligand_iptm": 0.0,
    "protein_iptm": 0.0,
    "complex_plddt": 0.9444512128829956,
    "complex_iplddt": 0.9444513320922852,
    "complex_pde": 0.2512563169002533,
    "complex_ipde": 0.25171372294425964,
    "chains_ptm": {
        "0": 0.21435204148292542,
        "1": 0.2168588936328888
    },
    "pair_chains_iptm": {
        "0": {
            "0": 0.21435204148292542,
            "1": 0.1719740778207779
        },
        "1": {
            "0": 0.16585080325603485,
            "1": 0.2168588936328888
        }
    }
}