{
    "confidence_score": 0.790651798248291,
    "ptm": 0.19700086116790771,
    "iptm": 0.1771087646484375,
    "ligand_iptm": 0.0,
    "protein_iptm": 0.0,
    "complex_plddt": 0.9440375566482544,
    "complex_iplddt": 0.9440376162528992,
    "complex_pde": 0.2508229911327362,
    "complex_ipde": 0.2510245144367218,
    "chains_ptm": {
        "0": 0.21880456805229187,
        "1": 0.2163226157426834
    },
    "pair_chains_iptm": {
        "0": {
            "0": 0.21880456805229187,
            "1": 0.1771087646484375
        },
        "1": {
            "0": 0.17563733458518982,
            "1": 0.2163226157426834
        }
    }
}