{
    "confidence_score": 0.7918657660484314,
    "ptm": 0.19853460788726807,
    "iptm": 0.1783110648393631,
    "ligand_iptm": 0.0,
    "protein_iptm": 0.0,
    "complex_plddt": 0.9452544450759888,
    "complex_iplddt": 0.9452545046806335,
    "complex_pde": 0.2508280873298645,
    "complex_ipde": 0.2510423958301544,
    "chains_ptm": {
        "0": 0.21792910993099213,
        "1": 0.21944338083267212
    },
    "pair_chains_iptm": {
        "0": {
            "0": 0.21792910993099213,
            "1": 0.1783110648393631
        },
        "1": {
            "0": 0.17392870783805847,
            "1": 0.21944338083267212
        }
    }
}