{
    "confidence_score": 0.7922524809837341,
    "ptm": 0.1972648799419403,
    "iptm": 0.1759931445121765,
    "ligand_iptm": 0.0,
    "protein_iptm": 0.0,
    "complex_plddt": 0.9463172554969788,
    "complex_iplddt": 0.9463173151016235,
    "complex_pde": 0.25106096267700195,
    "complex_ipde": 0.25137215852737427,
    "chains_ptm": {
        "0": 0.22039729356765747,
        "1": 0.21896257996559143
    },
    "pair_chains_iptm": {
        "0": {
            "0": 0.22039729356765747,
            "1": 0.1759931445121765
        },
        "1": {
            "0": 0.1738785058259964,
            "1": 0.21896257996559143
        }
    }
}