{
    "confidence_score": 0.7934827208518982,
    "ptm": 0.2017507255077362,
    "iptm": 0.17905591428279877,
    "ligand_iptm": 0.0,
    "protein_iptm": 0.0,
    "complex_plddt": 0.947089433670044,
    "complex_iplddt": 0.9470893740653992,
    "complex_pde": 0.2510899603366852,
    "complex_ipde": 0.2513989806175232,
    "chains_ptm": {
        "0": 0.22136268019676208,
        "1": 0.22444531321525574
    },
    "pair_chains_iptm": {
        "0": {
            "0": 0.22136268019676208,
            "1": 0.17905591428279877
        },
        "1": {
            "0": 0.1754041463136673,
            "1": 0.22444531321525574
        }
    }
}