{
    "confidence_score": 0.7916347980499268,
    "ptm": 0.19520875811576843,
    "iptm": 0.1710526943206787,
    "ligand_iptm": 0.0,
    "protein_iptm": 0.0,
    "complex_plddt": 0.9467803239822388,
    "complex_iplddt": 0.9467803835868835,
    "complex_pde": 0.2513812184333801,
    "complex_ipde": 0.2518331706523895,
    "chains_ptm": {
        "0": 0.21936455368995667,
        "1": 0.2179921418428421
    },
    "pair_chains_iptm": {
        "0": {
            "0": 0.21936455368995667,
            "1": 0.17037725448608398
        },
        "1": {
            "0": 0.1710526943206787,
            "1": 0.2179921418428421
        }
    }
}