{
    "confidence_score": 0.902974545955658,
    "ptm": 0.8895170092582703,
    "iptm": 0.8722019195556641,
    "ligand_iptm": 0.0,
    "protein_iptm": 0.8722019195556641,
    "complex_plddt": 0.9106677174568176,
    "complex_iplddt": 0.8958602547645569,
    "complex_pde": 0.3553827404975891,
    "complex_ipde": 0.7369471788406372,
    "chains_ptm": {
        "0": 0.9068317413330078,
        "1": 0.9086544513702393
    },
    "pair_chains_iptm": {
        "0": {
            "0": 0.9068317413330078,
            "1": 0.8701268434524536
        },
        "1": {
            "0": 0.8722019195556641,
            "1": 0.9086544513702393
        }
    }
}