{
    "confidence_score": 0.9119967818260193,
    "ptm": 0.9058744311332703,
    "iptm": 0.8829954266548157,
    "ligand_iptm": 0.0,
    "protein_iptm": 0.8829954266548157,
    "complex_plddt": 0.9192470908164978,
    "complex_iplddt": 0.9024180173873901,
    "complex_pde": 0.3973280191421509,
    "complex_ipde": 1.0480656623840332,
    "chains_ptm": {
        "0": 0.9287528991699219,
        "1": 0.9261913299560547
    },
    "pair_chains_iptm": {
        "0": {
            "0": 0.9287528991699219,
            "1": 0.8773766160011292
        },
        "1": {
            "0": 0.8829954266548157,
            "1": 0.9261913299560547
        }
    }
}