{
    "confidence_score": 0.9203362464904785,
    "ptm": 0.922082781791687,
    "iptm": 0.9073371291160583,
    "ligand_iptm": 0.0,
    "protein_iptm": 0.9073371291160583,
    "complex_plddt": 0.9235860705375671,
    "complex_iplddt": 0.9196814298629761,
    "complex_pde": 0.3370034098625183,
    "complex_ipde": 0.7086001634597778,
    "chains_ptm": {
        "0": 0.9393985271453857,
        "1": 0.9321891665458679
    },
    "pair_chains_iptm": {
        "0": {
            "0": 0.9393985271453857,
            "1": 0.9073371291160583
        },
        "1": {
            "0": 0.9047664999961853,
            "1": 0.9321891665458679
        }
    }
}