{
    "confidence_score": 0.9088397026062012,
    "ptm": 0.8923279047012329,
    "iptm": 0.8725280165672302,
    "ligand_iptm": 0.0,
    "protein_iptm": 0.8725280165672302,
    "complex_plddt": 0.9179176092147827,
    "complex_iplddt": 0.9138723015785217,
    "complex_pde": 0.38505300879478455,
    "complex_ipde": 0.9048202633857727,
    "chains_ptm": {
        "0": 0.9097384214401245,
        "1": 0.9121272563934326
    },
    "pair_chains_iptm": {
        "0": {
            "0": 0.9097384214401245,
            "1": 0.8725280165672302
        },
        "1": {
            "0": 0.8679261207580566,
            "1": 0.9121272563934326
        }
    }
}