{
    "confidence_score": 0.9213055968284607,
    "ptm": 0.9242598414421082,
    "iptm": 0.9118778109550476,
    "ligand_iptm": 0.0,
    "protein_iptm": 0.9118778109550476,
    "complex_plddt": 0.923662543296814,
    "complex_iplddt": 0.9433619976043701,
    "complex_pde": 0.3070048391819,
    "complex_ipde": 0.5213766098022461,
    "chains_ptm": {
        "0": 0.936915934085846,
        "1": 0.9312825798988342
    },
    "pair_chains_iptm": {
        "0": {
            "0": 0.936915934085846,
            "1": 0.9089328646659851
        },
        "1": {
            "0": 0.9118778109550476,
            "1": 0.9312825798988342
        }
    }
}