{
    "confidence_score": 0.9164569973945618,
    "ptm": 0.8909567594528198,
    "iptm": 0.8647899031639099,
    "ligand_iptm": 0.0,
    "protein_iptm": 0.8647899031639099,
    "complex_plddt": 0.9293737411499023,
    "complex_iplddt": 0.9306092858314514,
    "complex_pde": 0.4672694206237793,
    "complex_ipde": 1.4218567609786987,
    "chains_ptm": {
        "0": 0.9174686670303345,
        "1": 0.9171234369277954
    },
    "pair_chains_iptm": {
        "0": {
            "0": 0.9174686670303345,
            "1": 0.8647899031639099
        },
        "1": {
            "0": 0.8603536486625671,
            "1": 0.9171234369277954
        }
    }
}