{
    "confidence_score": 0.9087978601455688,
    "ptm": 0.8984076380729675,
    "iptm": 0.8843525648117065,
    "ligand_iptm": 0.0,
    "protein_iptm": 0.8843525648117065,
    "complex_plddt": 0.9149091839790344,
    "complex_iplddt": 0.8969614505767822,
    "complex_pde": 0.34705087542533875,
    "complex_ipde": 0.7039123773574829,
    "chains_ptm": {
        "0": 0.909910261631012,
        "1": 0.9124622941017151
    },
    "pair_chains_iptm": {
        "0": {
            "0": 0.909910261631012,
            "1": 0.8843525648117065
        },
        "1": {
            "0": 0.8673192262649536,
            "1": 0.9124622941017151
        }
    }
}