{
    "confidence_score": 0.9188499450683594,
    "ptm": 0.9091646671295166,
    "iptm": 0.8909732103347778,
    "ligand_iptm": 0.0,
    "protein_iptm": 0.8909732103347778,
    "complex_plddt": 0.9258190989494324,
    "complex_iplddt": 0.9216158986091614,
    "complex_pde": 0.38383299112319946,
    "complex_ipde": 0.9410284757614136,
    "chains_ptm": {
        "0": 0.9268004894256592,
        "1": 0.9288545846939087
    },
    "pair_chains_iptm": {
        "0": {
            "0": 0.9268004894256592,
            "1": 0.8894745707511902
        },
        "1": {
            "0": 0.8909732103347778,
            "1": 0.9288545846939087
        }
    }
}