{
    "confidence_score": 0.9241920709609985,
    "ptm": 0.9190183281898499,
    "iptm": 0.9010886549949646,
    "ligand_iptm": 0.0,
    "protein_iptm": 0.9010886549949646,
    "complex_plddt": 0.9299679398536682,
    "complex_iplddt": 0.9373067617416382,
    "complex_pde": 0.385566383600235,
    "complex_ipde": 0.987582802772522,
    "chains_ptm": {
        "0": 0.9367726445198059,
        "1": 0.9369477033615112
    },
    "pair_chains_iptm": {
        "0": {
            "0": 0.9367726445198059,
            "1": 0.9010886549949646
        },
        "1": {
            "0": 0.8976006507873535,
            "1": 0.9369477033615112
        }
    }
}