{
    "confidence_score": 0.9146508574485779,
    "ptm": 0.8999426364898682,
    "iptm": 0.8816424608230591,
    "ligand_iptm": 0.0,
    "protein_iptm": 0.8816424608230591,
    "complex_plddt": 0.9229028820991516,
    "complex_iplddt": 0.9140010476112366,
    "complex_pde": 0.4460671842098236,
    "complex_ipde": 1.3124644756317139,
    "chains_ptm": {
        "0": 0.924461305141449,
        "1": 0.9182426333427429
    },
    "pair_chains_iptm": {
        "0": {
            "0": 0.924461305141449,
            "1": 0.8816424608230591
        },
        "1": {
            "0": 0.863387405872345,
            "1": 0.9182426333427429
        }
    }
}