{
    "confidence_score": 0.9521567225456238,
    "ptm": 0.951373815536499,
    "iptm": 0.9511750936508179,
    "ligand_iptm": 0.0,
    "protein_iptm": 0.9511750936508179,
    "complex_plddt": 0.9524021744728088,
    "complex_iplddt": 0.9526395797729492,
    "complex_pde": 0.32805299758911133,
    "complex_ipde": 0.40458911657333374,
    "chains_ptm": {
        "0": 0.951539933681488,
        "1": 0.9527224898338318,
        "2": 0.9652909636497498,
        "3": 0.9667083024978638
    },
    "pair_chains_iptm": {
        "0": {
            "0": 0.951539933681488,
            "1": 0.9521303772926331,
            "2": 0.9269248247146606,
            "3": 0.912441611289978
        },
        "1": {
            "0": 0.9464353322982788,
            "1": 0.9527224898338318,
            "2": 0.9044971466064453,
            "3": 0.9267457127571106
        },
        "2": {
            "0": 0.9544733762741089,
            "1": 0.9540780186653137,
            "2": 0.9652909636497498,
            "3": 0.8980655074119568
        },
        "3": {
            "0": 0.9536868333816528,
            "1": 0.959334671497345,
            "2": 0.892554521560669,
            "3": 0.9667083024978638
        }
    }
}