{
    "confidence_score": 0.9544389843940735,
    "ptm": 0.9663246870040894,
    "iptm": 0.9652597904205322,
    "ligand_iptm": 0.0,
    "protein_iptm": 0.9652597904205322,
    "complex_plddt": 0.9517338275909424,
    "complex_iplddt": 0.9554439187049866,
    "complex_pde": 0.2920764088630676,
    "complex_ipde": 0.3313945531845093,
    "chains_ptm": {
        "0": 0.966537356376648,
        "1": 0.9687269926071167,
        "2": 0.975543737411499,
        "3": 0.9753168225288391
    },
    "pair_chains_iptm": {
        "0": {
            "0": 0.966537356376648,
            "1": 0.9659407734870911,
            "2": 0.947354257106781,
            "3": 0.9320823550224304
        },
        "1": {
            "0": 0.9632094502449036,
            "1": 0.9687269926071167,
            "2": 0.930647611618042,
            "3": 0.9467101097106934
        },
        "2": {
            "0": 0.966820240020752,
            "1": 0.9678893685340881,
            "2": 0.975543737411499,
            "3": 0.9173456430435181
        },
        "3": {
            "0": 0.9648656249046326,
            "1": 0.9700589776039124,
            "2": 0.9144684672355652,
            "3": 0.9753168225288391
        }
    }
}