{
    "confidence_score": 0.9545187950134277,
    "ptm": 0.963100790977478,
    "iptm": 0.962328314781189,
    "ligand_iptm": 0.0,
    "protein_iptm": 0.962328314781189,
    "complex_plddt": 0.9525664448738098,
    "complex_iplddt": 0.9499828219413757,
    "complex_pde": 0.2941109538078308,
    "complex_ipde": 0.33389097452163696,
    "chains_ptm": {
        "0": 0.9626861810684204,
        "1": 0.9653266668319702,
        "2": 0.9733946919441223,
        "3": 0.974614679813385
    },
    "pair_chains_iptm": {
        "0": {
            "0": 0.9626861810684204,
            "1": 0.9641150236129761,
            "2": 0.9471006989479065,
            "3": 0.9316642880439758
        },
        "1": {
            "0": 0.9589777588844299,
            "1": 0.9653266668319702,
            "2": 0.93001788854599,
            "3": 0.9453056454658508
        },
        "2": {
            "0": 0.964580237865448,
            "1": 0.9624686241149902,
            "2": 0.9733946919441223,
            "3": 0.9143694639205933
        },
        "3": {
            "0": 0.9615364670753479,
            "1": 0.9688969850540161,
            "2": 0.9149183034896851,
            "3": 0.974614679813385
        }
    }
}