{
    "confidence_score": 0.958835244178772,
    "ptm": 0.9596919417381287,
    "iptm": 0.9599891304969788,
    "ligand_iptm": 0.0,
    "protein_iptm": 0.9599891304969788,
    "complex_plddt": 0.9585467576980591,
    "complex_iplddt": 0.9619522094726562,
    "complex_pde": 0.31152933835983276,
    "complex_ipde": 0.37867408990859985,
    "chains_ptm": {
        "0": 0.9607563614845276,
        "1": 0.9612038731575012,
        "2": 0.9710893034934998,
        "3": 0.971143901348114
    },
    "pair_chains_iptm": {
        "0": {
            "0": 0.9607563614845276,
            "1": 0.9612067341804504,
            "2": 0.9432905912399292,
            "3": 0.9266841411590576
        },
        "1": {
            "0": 0.9558289647102356,
            "1": 0.9612038731575012,
            "2": 0.9259312152862549,
            "3": 0.939157247543335
        },
        "2": {
            "0": 0.9621140360832214,
            "1": 0.9626827836036682,
            "2": 0.9710893034934998,
            "3": 0.9131513237953186
        },
        "3": {
            "0": 0.9610679149627686,
            "1": 0.9659339189529419,
            "2": 0.915368914604187,
            "3": 0.971143901348114
        }
    }
}