{
    "confidence_score": 0.9579500555992126,
    "ptm": 0.9684290885925293,
    "iptm": 0.9686484336853027,
    "ligand_iptm": 0.0,
    "protein_iptm": 0.9686484336853027,
    "complex_plddt": 0.9552754759788513,
    "complex_iplddt": 0.9584351181983948,
    "complex_pde": 0.2863699197769165,
    "complex_ipde": 0.3193868100643158,
    "chains_ptm": {
        "0": 0.9693284034729004,
        "1": 0.9700207114219666,
        "2": 0.9766620397567749,
        "3": 0.9761042594909668
    },
    "pair_chains_iptm": {
        "0": {
            "0": 0.9693284034729004,
            "1": 0.9700202941894531,
            "2": 0.9498950242996216,
            "3": 0.9346469640731812
        },
        "1": {
            "0": 0.9665157794952393,
            "1": 0.9700207114219666,
            "2": 0.9323863387107849,
            "3": 0.9478100538253784
        },
        "2": {
            "0": 0.969862699508667,
            "1": 0.9697520732879639,
            "2": 0.9766620397567749,
            "3": 0.9190012216567993
        },
        "3": {
            "0": 0.9694921374320984,
            "1": 0.9720703959465027,
            "2": 0.9181886911392212,
            "3": 0.9761042594909668
        }
    }
}