{
    "confidence_score": 0.8750819563865662,
    "ptm": 0.6641865372657776,
    "iptm": 0.6511085629463196,
    "ligand_iptm": 0.0,
    "protein_iptm": 0.0,
    "complex_plddt": 0.9310752153396606,
    "complex_iplddt": 0.9310751557350159,
    "complex_pde": 0.2560688257217407,
    "complex_ipde": 0.25840726494789124,
    "chains_ptm": {
        "0": 0.6893309950828552,
        "1": 0.6829342842102051
    },
    "pair_chains_iptm": {
        "0": {
            "0": 0.6893309950828552,
            "1": 0.6511085629463196
        },
        "1": {
            "0": 0.6426809430122375,
            "1": 0.6829342842102051
        }
    }
}