{
    "confidence_score": 0.8775470852851868,
    "ptm": 0.6785610914230347,
    "iptm": 0.6613236665725708,
    "ligand_iptm": 0.0,
    "protein_iptm": 0.0,
    "complex_plddt": 0.9316028952598572,
    "complex_iplddt": 0.9316028952598572,
    "complex_pde": 0.25566762685775757,
    "complex_ipde": 0.25784704089164734,
    "chains_ptm": {
        "0": 0.6979237794876099,
        "1": 0.6957982778549194
    },
    "pair_chains_iptm": {
        "0": {
            "0": 0.6979237794876099,
            "1": 0.6613236665725708
        },
        "1": {
            "0": 0.6579571962356567,
            "1": 0.6957982778549194
        }
    }
}