{
    "confidence_score": 0.8774076700210571,
    "ptm": 0.6710875034332275,
    "iptm": 0.6528295278549194,
    "ligand_iptm": 0.0,
    "protein_iptm": 0.0,
    "complex_plddt": 0.9335522055625916,
    "complex_iplddt": 0.9335522055625916,
    "complex_pde": 0.25687187910079956,
    "complex_ipde": 0.2594727575778961,
    "chains_ptm": {
        "0": 0.6939293146133423,
        "1": 0.6912518739700317
    },
    "pair_chains_iptm": {
        "0": {
            "0": 0.6939293146133423,
            "1": 0.6528295278549194
        },
        "1": {
            "0": 0.6520569324493408,
            "1": 0.6912518739700317
        }
    }
}