{
    "confidence_score": 0.8761491775512695,
    "ptm": 0.6684466600418091,
    "iptm": 0.65225750207901,
    "ligand_iptm": 0.0,
    "protein_iptm": 0.0,
    "complex_plddt": 0.9321221113204956,
    "complex_iplddt": 0.9321220517158508,
    "complex_pde": 0.25603073835372925,
    "complex_ipde": 0.25840017199516296,
    "chains_ptm": {
        "0": 0.6888397932052612,
        "1": 0.6854094862937927
    },
    "pair_chains_iptm": {
        "0": {
            "0": 0.6888397932052612,
            "1": 0.65225750207901
        },
        "1": {
            "0": 0.6485188603401184,
            "1": 0.6854094862937927
        }
    }
}