{
    "confidence_score": 0.8740673065185547,
    "ptm": 0.6649309992790222,
    "iptm": 0.6462810039520264,
    "ligand_iptm": 0.0,
    "protein_iptm": 0.0,
    "complex_plddt": 0.9310138821601868,
    "complex_iplddt": 0.9310139417648315,
    "complex_pde": 0.2561352252960205,
    "complex_ipde": 0.2585851848125458,
    "chains_ptm": {
        "0": 0.6850179433822632,
        "1": 0.6867762804031372
    },
    "pair_chains_iptm": {
        "0": {
            "0": 0.6850179433822632,
            "1": 0.6454344987869263
        },
        "1": {
            "0": 0.6462810039520264,
            "1": 0.6867762804031372
        }
    }
}