{
    "confidence_score": 0.8733566403388977,
    "ptm": 0.6582537293434143,
    "iptm": 0.6393142342567444,
    "ligand_iptm": 0.0,
    "protein_iptm": 0.0,
    "complex_plddt": 0.9318671822547913,
    "complex_iplddt": 0.931867241859436,
    "complex_pde": 0.25724536180496216,
    "complex_ipde": 0.2601690888404846,
    "chains_ptm": {
        "0": 0.683452844619751,
        "1": 0.6768317818641663
    },
    "pair_chains_iptm": {
        "0": {
            "0": 0.683452844619751,
            "1": 0.6393142342567444
        },
        "1": {
            "0": 0.6383019685745239,
            "1": 0.6768317818641663
        }
    }
}