{
    "confidence_score": 0.875870406627655,
    "ptm": 0.6660290360450745,
    "iptm": 0.6489482522010803,
    "ligand_iptm": 0.0,
    "protein_iptm": 0.0,
    "complex_plddt": 0.9326009750366211,
    "complex_iplddt": 0.9326008558273315,
    "complex_pde": 0.2565005123615265,
    "complex_ipde": 0.25899478793144226,
    "chains_ptm": {
        "0": 0.6883986592292786,
        "1": 0.6833670735359192
    },
    "pair_chains_iptm": {
        "0": {
            "0": 0.6883986592292786,
            "1": 0.6452906131744385
        },
        "1": {
            "0": 0.6489482522010803,
            "1": 0.6833670735359192
        }
    }
}