{
    "confidence_score": 0.8744012713432312,
    "ptm": 0.665073037147522,
    "iptm": 0.6450663805007935,
    "ligand_iptm": 0.0,
    "protein_iptm": 0.0,
    "complex_plddt": 0.9317350387573242,
    "complex_iplddt": 0.9317350387573242,
    "complex_pde": 0.25694599747657776,
    "complex_ipde": 0.2596415877342224,
    "chains_ptm": {
        "0": 0.6843007802963257,
        "1": 0.6850791573524475
    },
    "pair_chains_iptm": {
        "0": {
            "0": 0.6843007802963257,
            "1": 0.6450663805007935
        },
        "1": {
            "0": 0.6383315920829773,
            "1": 0.6850791573524475
        }
    }
}