{
    "confidence_score": 0.8777057528495789,
    "ptm": 0.6777673959732056,
    "iptm": 0.6622447967529297,
    "ligand_iptm": 0.0,
    "protein_iptm": 0.0,
    "complex_plddt": 0.9315710067749023,
    "complex_iplddt": 0.9315710067749023,
    "complex_pde": 0.2554711401462555,
    "complex_ipde": 0.2575863301753998,
    "chains_ptm": {
        "0": 0.6955689787864685,
        "1": 0.6973366141319275
    },
    "pair_chains_iptm": {
        "0": {
            "0": 0.6955689787864685,
            "1": 0.6596449017524719
        },
        "1": {
            "0": 0.6622447967529297,
            "1": 0.6973366141319275
        }
    }
}