{
    "confidence_score": 0.8769150972366333,
    "ptm": 0.6710330843925476,
    "iptm": 0.6542373895645142,
    "ligand_iptm": 0.0,
    "protein_iptm": 0.0,
    "complex_plddt": 0.9325844645500183,
    "complex_iplddt": 0.9325844645500183,
    "complex_pde": 0.2570253014564514,
    "complex_ipde": 0.25980058312416077,
    "chains_ptm": {
        "0": 0.6914759278297424,
        "1": 0.6883699893951416
    },
    "pair_chains_iptm": {
        "0": {
            "0": 0.6914759278297424,
            "1": 0.6536957025527954
        },
        "1": {
            "0": 0.6542373895645142,
            "1": 0.6883699893951416
        }
    }
}