{
    "confidence_score": 0.9077178835868835,
    "ptm": 0.9329310655593872,
    "iptm": 0.9094426035881042,
    "ligand_iptm": 0.0,
    "protein_iptm": 0.9094426035881042,
    "complex_plddt": 0.9072867631912231,
    "complex_iplddt": 0.9178069829940796,
    "complex_pde": 0.3856659233570099,
    "complex_ipde": 0.8039188981056213,
    "chains_ptm": {
        "0": 0.9358870983123779,
        "1": 0.906592607498169
    },
    "pair_chains_iptm": {
        "0": {
            "0": 0.9358870983123779,
            "1": 0.9094426035881042
        },
        "1": {
            "0": 0.9068360924720764,
            "1": 0.906592607498169
        }
    }
}