{
    "confidence_score": 0.914725124835968,
    "ptm": 0.9361835718154907,
    "iptm": 0.9183855056762695,
    "ligand_iptm": 0.0,
    "protein_iptm": 0.9183855056762695,
    "complex_plddt": 0.9138100147247314,
    "complex_iplddt": 0.912518322467804,
    "complex_pde": 0.3788946568965912,
    "complex_ipde": 0.7725814580917358,
    "chains_ptm": {
        "0": 0.9381997585296631,
        "1": 0.918560802936554
    },
    "pair_chains_iptm": {
        "0": {
            "0": 0.9381997585296631,
            "1": 0.905150830745697
        },
        "1": {
            "0": 0.9183855056762695,
            "1": 0.918560802936554
        }
    }
}