{
    "confidence_score": 0.8958825469017029,
    "ptm": 0.9359831213951111,
    "iptm": 0.9101643562316895,
    "ligand_iptm": 0.0,
    "protein_iptm": 0.9101643562316895,
    "complex_plddt": 0.8923120498657227,
    "complex_iplddt": 0.9026861786842346,
    "complex_pde": 0.38401952385902405,
    "complex_ipde": 0.8044597506523132,
    "chains_ptm": {
        "0": 0.9389078617095947,
        "1": 0.9080393314361572
    },
    "pair_chains_iptm": {
        "0": {
            "0": 0.9389078617095947,
            "1": 0.9071894884109497
        },
        "1": {
            "0": 0.9101643562316895,
            "1": 0.9080393314361572
        }
    }
}