{
    "confidence_score": 0.9026398658752441,
    "ptm": 0.9434269666671753,
    "iptm": 0.9196482300758362,
    "ligand_iptm": 0.0,
    "protein_iptm": 0.9196482300758362,
    "complex_plddt": 0.8983877301216125,
    "complex_iplddt": 0.9103370904922485,
    "complex_pde": 0.36544710397720337,
    "complex_ipde": 0.7188031673431396,
    "chains_ptm": {
        "0": 0.9464198350906372,
        "1": 0.9169861078262329
    },
    "pair_chains_iptm": {
        "0": {
            "0": 0.9464198350906372,
            "1": 0.9196482300758362
        },
        "1": {
            "0": 0.9170067310333252,
            "1": 0.9169861078262329
        }
    }
}