{
    "confidence_score": 0.8990139961242676,
    "ptm": 0.91888427734375,
    "iptm": 0.8855464458465576,
    "ligand_iptm": 0.0,
    "protein_iptm": 0.8855464458465576,
    "complex_plddt": 0.9023808836936951,
    "complex_iplddt": 0.8970168232917786,
    "complex_pde": 0.4200204610824585,
    "complex_ipde": 1.0902762413024902,
    "chains_ptm": {
        "0": 0.9253472685813904,
        "1": 0.8663387298583984
    },
    "pair_chains_iptm": {
        "0": {
            "0": 0.9253472685813904,
            "1": 0.8855464458465576
        },
        "1": {
            "0": 0.8618320226669312,
            "1": 0.8663387298583984
        }
    }
}