{
    "confidence_score": 0.9030637741088867,
    "ptm": 0.9200460910797119,
    "iptm": 0.8909564018249512,
    "ligand_iptm": 0.0,
    "protein_iptm": 0.8909564018249512,
    "complex_plddt": 0.9060906767845154,
    "complex_iplddt": 0.8717817068099976,
    "complex_pde": 0.4326137900352478,
    "complex_ipde": 1.0958861112594604,
    "chains_ptm": {
        "0": 0.9237442016601562,
        "1": 0.8890987634658813
    },
    "pair_chains_iptm": {
        "0": {
            "0": 0.9237442016601562,
            "1": 0.8909564018249512
        },
        "1": {
            "0": 0.8874006271362305,
            "1": 0.8890987634658813
        }
    }
}