{
    "confidence_score": 0.9070021510124207,
    "ptm": 0.9227721095085144,
    "iptm": 0.9079739451408386,
    "ligand_iptm": 0.0,
    "protein_iptm": 0.9079739451408386,
    "complex_plddt": 0.9067592620849609,
    "complex_iplddt": 0.9026593565940857,
    "complex_pde": 0.41596725583076477,
    "complex_ipde": 0.8636842370033264,
    "chains_ptm": {
        "0": 0.9244725704193115,
        "1": 0.9095450639724731
    },
    "pair_chains_iptm": {
        "0": {
            "0": 0.9244725704193115,
            "1": 0.8940165638923645
        },
        "1": {
            "0": 0.9079739451408386,
            "1": 0.9095450639724731
        }
    }
}