{
    "confidence_score": 0.9088653922080994,
    "ptm": 0.9498310089111328,
    "iptm": 0.9281195402145386,
    "ligand_iptm": 0.0,
    "protein_iptm": 0.9281195402145386,
    "complex_plddt": 0.9040517807006836,
    "complex_iplddt": 0.9229087233543396,
    "complex_pde": 0.346149742603302,
    "complex_ipde": 0.6554490327835083,
    "chains_ptm": {
        "0": 0.9522904753684998,
        "1": 0.9277787208557129
    },
    "pair_chains_iptm": {
        "0": {
            "0": 0.9522904753684998,
            "1": 0.9264262914657593
        },
        "1": {
            "0": 0.9281195402145386,
            "1": 0.9277787208557129
        }
    }
}