{
    "confidence_score": 0.9057443737983704,
    "ptm": 0.923686146736145,
    "iptm": 0.89853835105896,
    "ligand_iptm": 0.0,
    "protein_iptm": 0.89853835105896,
    "complex_plddt": 0.9075458645820618,
    "complex_iplddt": 0.8897171020507812,
    "complex_pde": 0.41242480278015137,
    "complex_ipde": 0.8957538604736328,
    "chains_ptm": {
        "0": 0.92653489112854,
        "1": 0.8960753083229065
    },
    "pair_chains_iptm": {
        "0": {
            "0": 0.92653489112854,
            "1": 0.8898484706878662
        },
        "1": {
            "0": 0.89853835105896,
            "1": 0.8960753083229065
        }
    }
}