{
    "confidence_score": 0.9108873605728149,
    "ptm": 0.9319106936454773,
    "iptm": 0.8999077081680298,
    "ligand_iptm": 0.0,
    "protein_iptm": 0.8999077081680298,
    "complex_plddt": 0.9136322736740112,
    "complex_iplddt": 0.9059632420539856,
    "complex_pde": 0.3908527195453644,
    "complex_ipde": 0.856519877910614,
    "chains_ptm": {
        "0": 0.9360390901565552,
        "1": 0.8962782025337219
    },
    "pair_chains_iptm": {
        "0": {
            "0": 0.9360390901565552,
            "1": 0.8999077081680298
        },
        "1": {
            "0": 0.8954669237136841,
            "1": 0.8962782025337219
        }
    }
}