{"records": [{"id": "8x8t_union", "structure": {"resolution": null, "method": null, "deposited": null, "released": null, "revised": null, "num_chains": 2, "num_interfaces": null, "pH": null, "temperature": null}, "chains": [{"chain_id": 0, "chain_name": "A", "mol_type": 0, "cluster_id": -1, "msa_id": "8x8t_union_0", "num_residues": 61, "valid": true, "entity_id": 0}, {"chain_id": 1, "chain_name": "B", "mol_type": 0, "cluster_id": -1, "msa_id": "8x8t_union_1", "num_residues": 62, "valid": true, "entity_id": 1}], "interfaces": [], "inference_options": {"pocket_constraints": [], "contact_constraints": [], "atom_contact_constraints": [], "atom_contact_union_constraints": [[[[1, 99, 771], [1, 99, 775], 8.845154, true], [[1, 99, 771], [1, 99, 776], 8.845154, true]], [[[1, 99, 774], [1, 99, 775], 6.323186, true], [[1, 99, 774], [1, 99, 776], 6.323186, true]], [[[1, 99, 774], [1, 99, 775], 6.323186, true], [[1, 99, 774], [1, 99, 776], 6.323186, true]], [[[1, 99, 771], [1, 99, 775], 6.323186, true], [[1, 99, 771], [1, 99, 776], 6.323186, true]], [[[1, 99, 771], [1, 99, 775], 6.323186, true], [[1, 99, 771], [1, 99, 776], 6.323186, true]], [[[1, 99, 774], [1, 99, 775], 6.323186, true], [[1, 99, 774], [1, 99, 776], 6.323186, true]], [[[1, 99, 774], [1, 99, 775], 6.323186, true], [[1, 99, 774], [1, 99, 776], 6.323186, true]], [[[1, 99, 775], [1, 99, 770], 8.805154, true], [[1, 99, 776], [1, 99, 770], 8.805154, true]], [[[1, 99, 775], [1, 99, 770], 8.805154, true], [[1, 99, 776], [1, 99, 770], 8.805154, true]], [[[1, 99, 775], [1, 100, 777], 8.805154, true], [[1, 99, 776], [1, 100, 777], 8.805154, true]], [[[1, 99, 775], [1, 100, 777], 8.805154, true], [[1, 99, 776], [1, 100, 777], 8.805154, true]], [[[1, 99, 775], [1, 101, 785], 8.805154, true], [[1, 99, 776], [1, 101, 785], 8.805154, true]], [[[1, 99, 775], [1, 102, 791], 8.805154, true], [[1, 99, 776], [1, 102, 791], 8.805154, true]], [[[1, 99, 775], [1, 102, 791], 8.805154, true], [[1, 99, 776], [1, 102, 791], 8.805154, true]], [[[1, 103, 804], [1, 104, 812], 8.845154, true], [[1, 103, 804], [1, 104, 813], 8.845154, true]], [[[1, 104, 807], [1, 104, 812], 8.845154, true], [[1, 104, 807], [1, 104, 813], 8.845154, true]], [[[1, 104, 812], [1, 104, 806], 6.283186, true], [[1, 104, 813], [1, 104, 806], 6.283186, true]], [[[1, 104, 812], [1, 104, 806], 8.805154, true], [[1, 104, 813], [1, 104, 806], 8.805154, true]], [[[1, 104, 812], [1, 105, 814], 8.805154, true], [[1, 104, 813], [1, 105, 814], 8.805154, true]], [[[1, 104, 812], [1, 105, 814], 8.805154, true], [[1, 104, 813], [1, 105, 814], 8.805154, true]], [[[1, 104, 812], [1, 105, 814], 6.283186, true], [[1, 104, 813], [1, 105, 814], 6.283186, true]], [[[1, 104, 812], [1, 105, 814], 8.805154, true], [[1, 104, 813], [1, 105, 814], 8.805154, true]], [[[1, 119, 923], [1, 119, 925], 6.323186, true], [[1, 119, 923], [1, 119, 926], 6.323186, true]], [[[1, 119, 925], [1, 119, 924], 8.845154, true], [[1, 119, 926], [1, 119, 924], 8.845154, true]], [[[1, 119, 925], [1, 120, 928], 8.845154, true], [[1, 119, 926], [1, 120, 928], 8.845154, true]], [[[0, 12, 91], [1, 72, 573], 9.325529, true], [[0, 12, 91], [1, 72, 579], 9.325529, true]], [[[0, 13, 96], [1, 79, 628], 8.14, true], [[0, 13, 96], [1, 79, 629], 8.14, true]], [[[0, 16, 118], [1, 80, 636], 10.749273, true], [[0, 16, 118], [1, 80, 637], 10.749273, true]], [[[0, 18, 132], [1, 80, 636], 9.325529, true], [[0, 18, 132], [1, 80, 637], 9.325529, true]], [[[0, 34, 261], [1, 81, 642], 8.14, true], [[0, 34, 264], [1, 81, 642], 8.14, true]], [[[0, 35, 269], [1, 81, 642], 8.14, true], [[0, 35, 275], [1, 81, 642], 8.14, true]], [[[0, 22, 166], [1, 91, 720], 9.325529, true], [[0, 22, 166], [1, 91, 721], 9.325529, true]], [[[0, 39, 307], [1, 91, 720], 9.325529, true], [[0, 39, 307], [1, 91, 721], 9.325529, true]], [[[0, 40, 315], [1, 91, 720], 9.325529, true], [[0, 40, 315], [1, 91, 721], 9.325529, true]], [[[0, 41, 326], [1, 107, 836], 9.325529, true], [[0, 41, 327], [1, 107, 836], 9.325529, true]], [[[0, 41, 326], [1, 110, 857], 9.285529, true], [[0, 41, 327], [1, 110, 857], 9.285529, true]], [[[0, 49, 390], [1, 115, 896], 8.14, true], [[0, 49, 390], [1, 115, 899], 8.14, true]], [[[0, 54, 438], [1, 119, 925], 10.749273, true], [[0, 54, 438], [1, 119, 926], 10.749273, true]], [[[0, 24, 185], [0, 25, 192], 8.845154, true], [[0, 24, 185], [0, 25, 193], 8.845154, true]], [[[0, 24, 181], [0, 25, 192], 8.805154, true], [[0, 24, 181], [0, 25, 193], 8.805154, true]], [[[0, 24, 181], [0, 25, 192], 8.805154, true], [[0, 24, 181], [0, 25, 193], 8.805154, true]], [[[0, 24, 185], [0, 25, 192], 8.845154, true], [[0, 24, 185], [0, 25, 193], 8.845154, true]], [[[0, 25, 188], [0, 25, 192], 6.323186, true], [[0, 25, 188], [0, 25, 193], 6.323186, true]], [[[0, 25, 188], [0, 25, 192], 8.845154, true], [[0, 25, 188], [0, 25, 193], 8.845154, true]], [[[0, 25, 191], [0, 25, 192], 8.845154, true], [[0, 25, 191], [0, 25, 193], 8.845154, true]], [[[0, 25, 191], [0, 25, 192], 8.845154, true], [[0, 25, 191], [0, 25, 193], 8.845154, true]], [[[0, 25, 188], [0, 25, 192], 8.845154, true], [[0, 25, 188], [0, 25, 193], 8.845154, true]], [[[0, 25, 191], [0, 25, 192], 8.845154, true], [[0, 25, 191], [0, 25, 193], 8.845154, true]], [[[0, 25, 192], [0, 25, 187], 8.805154, true], [[0, 25, 193], [0, 25, 187], 8.805154, true]], [[[0, 25, 192], [0, 25, 187], 8.805154, true], [[0, 25, 193], [0, 25, 187], 8.805154, true]], [[[0, 25, 192], [0, 26, 198], 8.845154, true], [[0, 25, 193], [0, 26, 198], 8.845154, true]], [[[0, 25, 192], [0, 26, 198], 8.845154, true], [[0, 25, 193], [0, 26, 198], 8.845154, true]], [[[0, 25, 192], [0, 26, 194], 8.805154, true], [[0, 25, 193], [0, 26, 194], 8.805154, true]], [[[0, 25, 192], [0, 26, 194], 8.805154, true], [[0, 25, 193], [0, 26, 194], 8.805154, true]], [[[0, 25, 192], [0, 33, 257], 8.845154, true], [[0, 25, 193], [0, 33, 257], 8.845154, true]], [[[0, 25, 192], [0, 33, 257], 8.845154, true], [[0, 25, 193], [0, 33, 257], 8.845154, true]], [[[0, 41, 321], [0, 41, 326], 8.845154, true], [[0, 41, 321], [0, 41, 327], 8.845154, true]], [[[0, 41, 321], [0, 41, 326], 6.323186, true], [[0, 41, 321], [0, 41, 327], 6.323186, true]], [[[0, 41, 324], [0, 41, 326], 6.323186, true], [[0, 41, 324], [0, 41, 327], 6.323186, true]], [[[0, 41, 324], [0, 41, 326], 8.845154, true], [[0, 41, 324], [0, 41, 327], 8.845154, true]], [[[0, 41, 326], [0, 42, 328], 8.805154, true], [[0, 41, 327], [0, 42, 328], 8.805154, true]], [[[0, 45, 357], [0, 48, 382], 8.845154, true], [[0, 45, 357], [0, 48, 383], 8.845154, true]], [[[0, 48, 377], [0, 48, 382], 8.845154, true], [[0, 48, 377], [0, 48, 383], 8.845154, true]], [[[0, 48, 377], [0, 48, 382], 8.845154, true], [[0, 48, 377], [0, 48, 383], 8.845154, true]], [[[0, 48, 382], [0, 49, 385], 8.845154, true], [[0, 48, 383], [0, 49, 385], 8.845154, true]], [[[0, 8, 57], [0, 11, 85], 8.845154, true], [[0, 8, 57], [0, 11, 86], 8.845154, true]], [[[0, 8, 57], [0, 11, 85], 8.845154, true], [[0, 8, 57], [0, 11, 86], 8.845154, true]], [[[0, 11, 85], [0, 55, 443], 8.845154, true], [[0, 11, 86], [0, 55, 443], 8.845154, true]], [[[0, 11, 85], [0, 55, 443], 8.845154, true], [[0, 11, 86], [0, 55, 443], 8.845154, true]], [[[0, 52, 417], [0, 55, 445], 8.845154, true], [[0, 52, 417], [0, 55, 446], 8.845154, true]], [[[0, 52, 417], [0, 55, 445], 8.845154, true], [[0, 52, 417], [0, 55, 446], 8.845154, true]], [[[0, 11, 80], [0, 11, 85], 8.845154, true], [[0, 11, 80], [0, 11, 86], 8.845154, true]], [[[0, 55, 443], [0, 55, 445], 8.845154, true], [[0, 55, 443], [0, 55, 446], 8.845154, true]], [[[0, 55, 443], [0, 55, 445], 8.845154, true], [[0, 55, 443], [0, 55, 446], 8.845154, true]], [[[0, 55, 440], [0, 55, 445], 8.845154, true], [[0, 55, 440], [0, 55, 446], 8.845154, true]], [[[0, 55, 440], [0, 55, 445], 8.845154, true], [[0, 55, 440], [0, 55, 446], 8.845154, true]], [[[0, 11, 83], [0, 11, 85], 6.323186, true], [[0, 11, 83], [0, 11, 86], 6.323186, true]], [[[0, 55, 445], [0, 55, 444], 8.845154, true], [[0, 55, 446], [0, 55, 444], 