{
    "confidence_score": 0.8597752451896667,
    "ptm": 0.8034285306930542,
    "iptm": 0.0,
    "ligand_iptm": 0.0,
    "protein_iptm": 0.0,
    "complex_plddt": 0.8738619685173035,
    "complex_iplddt": 0.8738619685173035,
    "complex_pde": 0.6406838893890381,
    "complex_ipde": 0.0,
    "chains_ptm": {
        "0": 0.8034285306930542
    },
    "pair_chains_iptm": {
        "0": {
            "0": 0.8034285306930542
        }
    }
}