{
    "confidence_score": 0.8582736849784851,
    "ptm": 0.7995539903640747,
    "iptm": 0.0,
    "ligand_iptm": 0.0,
    "protein_iptm": 0.0,
    "complex_plddt": 0.8729536533355713,
    "complex_iplddt": 0.8729536533355713,
    "complex_pde": 0.7062553763389587,
    "complex_ipde": 0.0,
    "chains_ptm": {
        "0": 0.7995539903640747
    },
    "pair_chains_iptm": {
        "0": {
            "0": 0.7995539903640747
        }
    }
}