{
    "confidence_score": 0.8766250610351562,
    "ptm": 0.8260591626167297,
    "iptm": 0.0,
    "ligand_iptm": 0.0,
    "protein_iptm": 0.0,
    "complex_plddt": 0.8892664909362793,
    "complex_iplddt": 0.8892664909362793,
    "complex_pde": 0.5940877199172974,
    "complex_ipde": 0.0,
    "chains_ptm": {
        "0": 0.8260591626167297
    },
    "pair_chains_iptm": {
        "0": {
            "0": 0.8260591626167297
        }
    }
}