{
    "confidence_score": 0.8839693069458008,
    "ptm": 0.8226619362831116,
    "iptm": 0.0,
    "ligand_iptm": 0.0,
    "protein_iptm": 0.0,
    "complex_plddt": 0.8992961049079895,
    "complex_iplddt": 0.8992961049079895,
    "complex_pde": 0.5579522252082825,
    "complex_ipde": 0.0,
    "chains_ptm": {
        "0": 0.8226619362831116
    },
    "pair_chains_iptm": {
        "0": {
            "0": 0.8226619362831116
        }
    }
}