{
    "confidence_score": 0.8686426281929016,
    "ptm": 0.8029003739356995,
    "iptm": 0.0,
    "ligand_iptm": 0.0,
    "protein_iptm": 0.0,
    "complex_plddt": 0.8850781321525574,
    "complex_iplddt": 0.8850781321525574,
    "complex_pde": 0.6117048263549805,
    "complex_ipde": 0.0,
    "chains_ptm": {
        "0": 0.8029003739356995
    },
    "pair_chains_iptm": {
        "0": {
            "0": 0.8029003739356995
        }
    }
}