{
    "confidence_score": 0.8670300841331482,
    "ptm": 0.8274909853935242,
    "iptm": 0.0,
    "ligand_iptm": 0.0,
    "protein_iptm": 0.0,
    "complex_plddt": 0.8769148588180542,
    "complex_iplddt": 0.8769148588180542,
    "complex_pde": 0.5641454458236694,
    "complex_ipde": 0.0,
    "chains_ptm": {
        "0": 0.8274909853935242
    },
    "pair_chains_iptm": {
        "0": {
            "0": 0.8274909853935242
        }
    }
}