{
    "confidence_score": 0.8757776618003845,
    "ptm": 0.8291319012641907,
    "iptm": 0.0,
    "ligand_iptm": 0.0,
    "protein_iptm": 0.0,
    "complex_plddt": 0.8874390125274658,
    "complex_iplddt": 0.8874390125274658,
    "complex_pde": 0.5692406892776489,
    "complex_ipde": 0.0,
    "chains_ptm": {
        "0": 0.8291319012641907
    },
    "pair_chains_iptm": {
        "0": {
            "0": 0.8291319012641907
        }
    }
}