{
    "confidence_score": 0.8634280562400818,
    "ptm": 0.8021290302276611,
    "iptm": 0.0,
    "ligand_iptm": 0.0,
    "protein_iptm": 0.0,
    "complex_plddt": 0.8787527680397034,
    "complex_iplddt": 0.8787527680397034,
    "complex_pde": 0.6807467341423035,
    "complex_ipde": 0.0,
    "chains_ptm": {
        "0": 0.8021290302276611
    },
    "pair_chains_iptm": {
        "0": {
            "0": 0.8021290302276611
        }
    }
}