{
    "confidence_score": 0.8782178163528442,
    "ptm": 0.8132196664810181,
    "iptm": 0.0,
    "ligand_iptm": 0.0,
    "protein_iptm": 0.0,
    "complex_plddt": 0.894467294216156,
    "complex_iplddt": 0.894467294216156,
    "complex_pde": 0.6747708320617676,
    "complex_ipde": 0.0,
    "chains_ptm": {
        "0": 0.8132196664810181
    },
    "pair_chains_iptm": {
        "0": {
            "0": 0.8132196664810181
        }
    }
}