{
    "confidence_score": 0.8676438331604004,
    "ptm": 0.8145977854728699,
    "iptm": 0.0,
    "ligand_iptm": 0.0,
    "protein_iptm": 0.0,
    "complex_plddt": 0.8809053301811218,
    "complex_iplddt": 0.8809053301811218,
    "complex_pde": 0.6867515444755554,
    "complex_ipde": 0.0,
    "chains_ptm": {
        "0": 0.8145977854728699
    },
    "pair_chains_iptm": {
        "0": {
            "0": 0.8145977854728699
        }
    }
}