{
    "confidence_score": 0.874835193157196,
    "ptm": 0.821847140789032,
    "iptm": 0.0,
    "ligand_iptm": 0.0,
    "protein_iptm": 0.0,
    "complex_plddt": 0.8880822062492371,
    "complex_iplddt": 0.8880822062492371,
    "complex_pde": 0.6294588446617126,
    "complex_ipde": 0.0,
    "chains_ptm": {
        "0": 0.821847140789032
    },
    "pair_chains_iptm": {
        "0": {
            "0": 0.821847140789032
        }
    }
}