{
    "confidence_score": 0.8803042769432068,
    "ptm": 0.8221544027328491,
    "iptm": 0.0,
    "ligand_iptm": 0.0,
    "protein_iptm": 0.0,
    "complex_plddt": 0.8948416709899902,
    "complex_iplddt": 0.8948416709899902,
    "complex_pde": 0.6123477816581726,
    "complex_ipde": 0.0,
    "chains_ptm": {
        "0": 0.8221544027328491
    },
    "pair_chains_iptm": {
        "0": {
            "0": 0.8221544027328491
        }
    }
}