{
    "confidence_score": 0.8806363344192505,
    "ptm": 0.8173568248748779,
    "iptm": 0.0,
    "ligand_iptm": 0.0,
    "protein_iptm": 0.0,
    "complex_plddt": 0.8964561820030212,
    "complex_iplddt": 0.8964561820030212,
    "complex_pde": 0.5891558527946472,
    "complex_ipde": 0.0,
    "chains_ptm": {
        "0": 0.8173568248748779
    },
    "pair_chains_iptm": {
        "0": {
            "0": 0.8173568248748779
        }
    }
}