{
    "confidence_score": 0.8630906939506531,
    "ptm": 0.7995828986167908,
    "iptm": 0.0,
    "ligand_iptm": 0.0,
    "protein_iptm": 0.0,
    "complex_plddt": 0.8789677023887634,
    "complex_iplddt": 0.8789677023887634,
    "complex_pde": 0.638075053691864,
    "complex_ipde": 0.0,
    "chains_ptm": {
        "0": 0.7995828986167908
    },
    "pair_chains_iptm": {
        "0": {
            "0": 0.7995828986167908
        }
    }
}