{
    "confidence_score": 0.5015561580657959,
    "ptm": 0.3595406115055084,
    "iptm": 0.3276252746582031,
    "ligand_iptm": 0.0,
    "protein_iptm": 0.3276252746582031,
    "complex_plddt": 0.5450388789176941,
    "complex_iplddt": 0.5375216007232666,
    "complex_pde": 3.362706422805786,
    "complex_ipde": 13.468692779541016,
    "chains_ptm": {
        "0": 0.42532819509506226,
        "1": 0.4331163763999939,
        "2": 0.4296931326389313
    },
    "pair_chains_iptm": {
        "0": {
            "0": 0.42532819509506226,
            "1": 0.32024189829826355,
            "2": 0.32700908184051514
        },
        "1": {
            "0": 0.323302686214447,
            "1": 0.4331163763999939,
            "2": 0.3204825222492218
        },
        "2": {
            "0": 0.33243176341056824,
            "1": 0.32096633315086365,
            "2": 0.4296931326389313
        }
    }
}