{
    "confidence_score": 0.4658598005771637,
    "ptm": 0.30269113183021545,
    "iptm": 0.2607749402523041,
    "ligand_iptm": 0.0,
    "protein_iptm": 0.2607749402523041,
    "complex_plddt": 0.5171310305595398,
    "complex_iplddt": 0.5147374272346497,
    "complex_pde": 3.6571364402770996,
    "complex_ipde": 14.521284103393555,
    "chains_ptm": {
        "0": 0.39083752036094666,
        "1": 0.3971388638019562,
        "2": 0.38215383887290955
    },
    "pair_chains_iptm": {
        "0": {
            "0": 0.39083752036094666,
            "1": 0.2507624924182892,
            "2": 0.2573297619819641
        },
        "1": {
            "0": 0.25849661231040955,
            "1": 0.3971388638019562,
            "2": 0.25540655851364136
        },
        "2": {
            "0": 0.2633685767650604,
            "1": 0.25314879417419434,
            "2": 0.38215383887290955
        }
    }
}