{
    "confidence_score": 0.46421393752098083,
    "ptm": 0.3948102593421936,
    "iptm": 0.320360392332077,
    "ligand_iptm": 0.0,
    "protein_iptm": 0.320360392332077,
    "complex_plddt": 0.5001773238182068,
    "complex_iplddt": 0.4949180781841278,
    "complex_pde": 3.0930521488189697,
    "complex_ipde": 13.869699478149414,
    "chains_ptm": {
        "0": 0.5390427112579346,
        "1": 0.47005870938301086,
        "2": 0.5526526570320129
    },
    "pair_chains_iptm": {
        "0": {
            "0": 0.5390427112579346,
            "1": 0.17463555932044983,
            "2": 0.46296900510787964
        },
        "1": {
            "0": 0.18388502299785614,
            "1": 0.47005870938301086,
            "2": 0.18744255602359772
        },
        "2": {
            "0": 0.4593620300292969,
            "1": 0.18361234664916992,
            "2": 0.5526526570320129
        }
    }
}