{
    "confidence_score": 0.44898587465286255,
    "ptm": 0.27693435549736023,
    "iptm": 0.23640713095664978,
    "ligand_iptm": 0.0,
    "protein_iptm": 0.23640713095664978,
    "complex_plddt": 0.5021305680274963,
    "complex_iplddt": 0.5012704133987427,
    "complex_pde": 3.740013837814331,
    "complex_ipde": 15.247686386108398,
    "chains_ptm": {
        "0": 0.3607317805290222,
        "1": 0.3836177587509155,
        "2": 0.3731350004673004
    },
    "pair_chains_iptm": {
        "0": {
            "0": 0.3607317805290222,
            "1": 0.22472743690013885,
            "2": 0.23019635677337646
        },
        "1": {
            "0": 0.23182381689548492,
            "1": 0.3836177587509155,
            "2": 0.22951683402061462
        },
        "2": {
            "0": 0.24186019599437714,
            "1": 0.22852680087089539,
            "2": 0.3731350004673004
        }
    }
}