{
    "confidence_score": 0.430491179227829,
    "ptm": 0.25505396723747253,
    "iptm": 0.20418477058410645,
    "ligand_iptm": 0.0,
    "protein_iptm": 0.20418477058410645,
    "complex_plddt": 0.4870677888393402,
    "complex_iplddt": 0.4761616885662079,
    "complex_pde": 3.8388149738311768,
    "complex_ipde": 15.650751113891602,
    "chains_ptm": {
        "0": 0.35642269253730774,
        "1": 0.37280839681625366,
        "2": 0.36273613572120667
    },
    "pair_chains_iptm": {
        "0": {
            "0": 0.35642269253730774,
            "1": 0.1959419995546341,
            "2": 0.20891478657722473
        },
        "1": {
            "0": 0.19675269722938538,
            "1": 0.37280839681625366,
            "2": 0.202438086271286
        },
        "2": {
            "0": 0.21149905025959015,
            "1": 0.19991181790828705,
            "2": 0.36273613572120667
        }
    }
}