{
    "confidence_score": 0.8737446069717407,
    "ptm": 0.6519523859024048,
    "iptm": 0.6279813647270203,
    "ligand_iptm": 0.0,
    "protein_iptm": 0.0,
    "complex_plddt": 0.935185432434082,
    "complex_iplddt": 0.935185432434082,
    "complex_pde": 0.2633434534072876,
    "complex_ipde": 0.26691555976867676,
    "chains_ptm": {
        "0": 0.6766433715820312,
        "1": 0.6733929514884949
    },
    "pair_chains_iptm": {
        "0": {
            "0": 0.6766433715820312,
            "1": 0.6273859143257141
        },
        "1": {
            "0": 0.6279813647270203,
            "1": 0.6733929514884949
        }
    }
}