{
    "confidence_score": 0.8759775161743164,
    "ptm": 0.6620665192604065,
    "iptm": 0.6473401784896851,
    "ligand_iptm": 0.0,
    "protein_iptm": 0.0,
    "complex_plddt": 0.9331368803977966,
    "complex_iplddt": 0.9331368803977966,
    "complex_pde": 0.26008927822113037,
    "complex_ipde": 0.2626342475414276,
    "chains_ptm": {
        "0": 0.6830979585647583,
        "1": 0.6813505291938782
    },
    "pair_chains_iptm": {
        "0": {
            "0": 0.6830979585647583,
            "1": 0.6427820324897766
        },
        "1": {
            "0": 0.6473401784896851,
            "1": 0.6813505291938782
        }
    }
}