{
    "confidence_score": 0.8756454586982727,
    "ptm": 0.6620136499404907,
    "iptm": 0.6411044001579285,
    "ligand_iptm": 0.0,
    "protein_iptm": 0.0,
    "complex_plddt": 0.9342806935310364,
    "complex_iplddt": 0.9342806935310364,
    "complex_pde": 0.2622721195220947,
    "complex_ipde": 0.26543891429901123,
    "chains_ptm": {
        "0": 0.6825656294822693,
        "1": 0.6829224824905396
    },
    "pair_chains_iptm": {
        "0": {
            "0": 0.6825656294822693,
            "1": 0.6411044001579285
        },
        "1": {
            "0": 0.6386786699295044,
            "1": 0.6829224824905396
        }
    }
}