{
    "confidence_score": 0.8746601939201355,
    "ptm": 0.6544604301452637,
    "iptm": 0.6369664072990417,
    "ligand_iptm": 0.0,
    "protein_iptm": 0.0,
    "complex_plddt": 0.9340836405754089,
    "complex_iplddt": 0.9340836405754089,
    "complex_pde": 0.2613758444786072,
    "complex_ipde": 0.2641908824443817,
    "chains_ptm": {
        "0": 0.6744984984397888,
        "1": 0.6748828887939453
    },
    "pair_chains_iptm": {
        "0": {
            "0": 0.6744984984397888,
            "1": 0.6369664072990417
        },
        "1": {
            "0": 0.6362189054489136,
            "1": 0.6748828887939453
        }
    }
}