{
    "confidence_score": 0.9816177487373352,
    "ptm": 0.9630276560783386,
    "iptm": 0.9651186466217041,
    "ligand_iptm": 0.9596849083900452,
    "protein_iptm": 0.0,
    "complex_plddt": 0.9857425689697266,
    "complex_iplddt": 0.9867331981658936,
    "complex_pde": 0.2608394920825958,
    "complex_ipde": 0.2628636956214905,
    "chains_ptm": {
        "0": 0.9624268412590027,
        "1": 0.9685954451560974,
        "2": 0.9680789709091187,
        "3": 0.0,
        "4": 0.0,
        "5": 0.0
    },
    "pair_chains_iptm": {
        "0": {
            "0": 0.9624268412590027,
            "1": 0.9480540156364441,
            "2": 0.9541002511978149,
            "3": 0.0,
            "4": 0.0,
            "5": 0.0
        },
        "1": {
            "0": 0.9657981395721436,
            "1": 0.9685954451560974,
            "2": 0.9648772478103638,
            "3": 0.0,
            "4": 0.0,
            "5": 0.0
        },
        "2": {
            "0": 0.9670299291610718,
            "1": 0.9681927561759949,
            "2": 0.9680789709091187,
            "3": 0.0,
            "4": 0.0,
            "5": 0.0
        },
        "3": {
            "0": 0.9922932982444763,
            "1": 0.9444544911384583,
            "2": 0.9757694005966187,
            "3": 0.0,
            "4": 0.0,
            "5": 0.0
        },
        "4": {
            "0": 0.9933375716209412,
            "1": 0.9415894746780396,
            "2": 0.9806013703346252,
            "3": 0.0,
            "4": 0.0,
            "5": 0.0
        },
        "5": {
            "0": 0.9926460981369019,
            "1": 0.9393048286437988,
            "2": 0.9427424669265747,
            "3": 0.0,
            "4": 0.0,
            "5": 0.0
        }
    }
}