{
    "confidence_score": 0.46426936984062195,
    "ptm": 0.7940677404403687,
    "iptm": 0.7733289003372192,
    "ligand_iptm": 0.0,
    "protein_iptm": 0.7733289003372192,
    "complex_plddt": 0.38700446486473083,
    "complex_iplddt": 0.4153241515159607,
    "complex_pde": 1.1033755540847778,
    "complex_ipde": 2.5563321113586426,
    "chains_ptm": {
        "0": 0.8001411557197571,
        "1": 0.9379711151123047
    },
    "pair_chains_iptm": {
        "0": {
            "0": 0.8001411557197571,
            "1": 0.7264980673789978
        },
        "1": {
            "0": 0.7733289003372192,
            "1": 0.9379711151123047
        }
    }
}