{
    "confidence_score": 0.38742199540138245,
    "ptm": 0.3887098729610443,
    "iptm": 0.4516977071762085,
    "ligand_iptm": 0.0,
    "protein_iptm": 0.4516977071762085,
    "complex_plddt": 0.37135306000709534,
    "complex_iplddt": 0.40672045946121216,
    "complex_pde": 3.2883448600769043,
    "complex_ipde": 7.403167247772217,
    "chains_ptm": {
        "0": 0.2601969242095947,
        "1": 0.8809134364128113
    },
    "pair_chains_iptm": {
        "0": {
            "0": 0.2601969242095947,
            "1": 0.2445644587278366
        },
        "1": {
            "0": 0.4516977071762085,
            "1": 0.8809134364128113
        }
    }
}