{
    "confidence_score": 0.4737745225429535,
    "ptm": 0.8643452525138855,
    "iptm": 0.8515245914459229,
    "ligand_iptm": 0.0,
    "protein_iptm": 0.8515245914459229,
    "complex_plddt": 0.37933704257011414,
    "complex_iplddt": 0.41077283024787903,
    "complex_pde": 0.6853169798851013,
    "complex_ipde": 1.444440245628357,
    "chains_ptm": {
        "0": 0.8729042410850525,
        "1": 0.9477497339248657
    },
    "pair_chains_iptm": {
        "0": {
            "0": 0.8729042410850525,
            "1": 0.8221877217292786
        },
        "1": {
            "0": 0.8515245914459229,
            "1": 0.9477497339248657
        }
    }
}