{
    "confidence_score": 0.5114567279815674,
    "ptm": 0.9284551739692688,
    "iptm": 0.9303432106971741,
    "ligand_iptm": 0.0,
    "protein_iptm": 0.9303432106971741,
    "complex_plddt": 0.4067350924015045,
    "complex_iplddt": 0.45506009459495544,
    "complex_pde": 0.43511664867401123,
    "complex_ipde": 0.7117006182670593,
    "chains_ptm": {
        "0": 0.9307056069374084,
        "1": 0.9688495397567749
    },
    "pair_chains_iptm": {
        "0": {
            "0": 0.9307056069374084,
            "1": 0.9183412790298462
        },
        "1": {
            "0": 0.9303432106971741,
            "1": 0.9688495397567749
        }
    }
}