{
    "confidence_score": 0.49519243836402893,
    "ptm": 0.9216147661209106,
    "iptm": 0.9458022117614746,
    "ligand_iptm": 0.0,
    "protein_iptm": 0.9458022117614746,
    "complex_plddt": 0.3825399577617645,
    "complex_iplddt": 0.4182423949241638,
    "complex_pde": 0.4497884511947632,
    "complex_ipde": 0.7887583374977112,
    "chains_ptm": {
        "0": 0.9225655794143677,
        "1": 0.9729005694389343
    },
    "pair_chains_iptm": {
        "0": {
            "0": 0.9225655794143677,
            "1": 0.9110816121101379
        },
        "1": {
            "0": 0.9458022117614746,
            "1": 0.9729005694389343
        }
    }
}