{
    "confidence_score": 0.36642247438430786,
    "ptm": 0.3373030424118042,
    "iptm": 0.38713210821151733,
    "ligand_iptm": 0.0,
    "protein_iptm": 0.38713210821151733,
    "complex_plddt": 0.3612450361251831,
    "complex_iplddt": 0.38128024339675903,
    "complex_pde": 3.3880302906036377,
    "complex_ipde": 7.756770610809326,
    "chains_ptm": {
        "0": 0.24335502088069916,
        "1": 0.8359110355377197
    },
    "pair_chains_iptm": {
        "0": {
            "0": 0.24335502088069916,
            "1": 0.19128209352493286
        },
        "1": {
            "0": 0.38713210821151733,
            "1": 0.8359110355377197
        }
    }
}