{
    "confidence_score": 0.5009205937385559,
    "ptm": 0.9015712738037109,
    "iptm": 0.9336609244346619,
    "ligand_iptm": 0.0,
    "protein_iptm": 0.9336609244346619,
    "complex_plddt": 0.3927355110645294,
    "complex_iplddt": 0.4329920709133148,
    "complex_pde": 0.5787999033927917,
    "complex_ipde": 0.9367719292640686,
    "chains_ptm": {
        "0": 0.8928846120834351,
        "1": 0.9621830582618713
    },
    "pair_chains_iptm": {
        "0": {
            "0": 0.8928846120834351,
            "1": 0.8765345215797424
        },
        "1": {
            "0": 0.9336609244346619,
            "1": 0.9621830582618713
        }
    }
}