{
    "confidence_score": 0.39785513281822205,
    "ptm": 0.39585375785827637,
    "iptm": 0.5722028613090515,
    "ligand_iptm": 0.0,
    "protein_iptm": 0.5722028613090515,
    "complex_plddt": 0.3542681932449341,
    "complex_iplddt": 0.39060723781585693,
    "complex_pde": 3.2213568687438965,
    "complex_ipde": 6.987300395965576,
    "chains_ptm": {
        "0": 0.28894487023353577,
        "1": 0.8749204874038696
    },
    "pair_chains_iptm": {
        "0": {
            "0": 0.28894487023353577,
            "1": 0.2593318223953247
        },
        "1": {
            "0": 0.5722028613090515,
            "1": 0.8749204874038696
        }
    }
}