{
    "confidence_score": 0.3816464841365814,
    "ptm": 0.554485023021698,
    "iptm": 0.5697047710418701,
    "ligand_iptm": 0.0,
    "protein_iptm": 0.5697047710418701,
    "complex_plddt": 0.33463189005851746,
    "complex_iplddt": 0.36406978964805603,
    "complex_pde": 2.221789836883545,
    "complex_ipde": 4.888263702392578,
    "chains_ptm": {
        "0": 0.4894644021987915,
        "1": 0.9219306707382202
    },
    "pair_chains_iptm": {
        "0": {
            "0": 0.4894644021987915,
            "1": 0.45165395736694336
        },
        "1": {
            "0": 0.5697047710418701,
            "1": 0.9219306707382202
        }
    }
}