{
    "confidence_score": 0.7696908116340637,
    "ptm": 0.6049953699111938,
    "iptm": 0.0,
    "ligand_iptm": 0.0,
    "protein_iptm": 0.0,
    "complex_plddt": 0.8108646273612976,
    "complex_iplddt": 0.8108646273612976,
    "complex_pde": 0.7044203877449036,
    "complex_ipde": 0.0,
    "chains_ptm": {
        "0": 0.6049953699111938
    },
    "pair_chains_iptm": {
        "0": {
            "0": 0.6049953699111938
        }
    }
}