{
    "confidence_score": 0.7663915753364563,
    "ptm": 0.5666118860244751,
    "iptm": 0.0,
    "ligand_iptm": 0.0,
    "protein_iptm": 0.0,
    "complex_plddt": 0.816336452960968,
    "complex_iplddt": 0.816336452960968,
    "complex_pde": 0.7315677404403687,
    "complex_ipde": 0.0,
    "chains_ptm": {
        "0": 0.5666118860244751
    },
    "pair_chains_iptm": {
        "0": {
            "0": 0.5666118860244751
        }
    }
}