{
    "confidence_score": 0.7641000151634216,
    "ptm": 0.5989130735397339,
    "iptm": 0.0,
    "ligand_iptm": 0.0,
    "protein_iptm": 0.0,
    "complex_plddt": 0.8053967356681824,
    "complex_iplddt": 0.8053967356681824,
    "complex_pde": 0.7300524711608887,
    "complex_ipde": 0.0,
    "chains_ptm": {
        "0": 0.5989130735397339
    },
    "pair_chains_iptm": {
        "0": {
            "0": 0.5989130735397339
        }
    }
}