{
    "confidence_score": 0.7712060213088989,
    "ptm": 0.6014239192008972,
    "iptm": 0.0,
    "ligand_iptm": 0.0,
    "protein_iptm": 0.0,
    "complex_plddt": 0.8136515021324158,
    "complex_iplddt": 0.8136515021324158,
    "complex_pde": 0.6889923214912415,
    "complex_ipde": 0.0,
    "chains_ptm": {
        "0": 0.6014239192008972
    },
    "pair_chains_iptm": {
        "0": {
            "0": 0.6014239192008972
        }
    }
}