{
    "confidence_score": 0.7778258323669434,
    "ptm": 0.6349035501480103,
    "iptm": 0.0,
    "ligand_iptm": 0.0,
    "protein_iptm": 0.0,
    "complex_plddt": 0.8135563731193542,
    "complex_iplddt": 0.8135563731193542,
    "complex_pde": 0.6406540274620056,
    "complex_ipde": 0.0,
    "chains_ptm": {
        "0": 0.6349035501480103
    },
    "pair_chains_iptm": {
        "0": {
            "0": 0.6349035501480103
        }
    }
}