{
    "confidence_score": 0.7561590671539307,
    "ptm": 0.5862917900085449,
    "iptm": 0.0,
    "ligand_iptm": 0.0,
    "protein_iptm": 0.0,
    "complex_plddt": 0.7986258864402771,
    "complex_iplddt": 0.7986258864402771,
    "complex_pde": 0.7395383715629578,
    "complex_ipde": 0.0,
    "chains_ptm": {
        "0": 0.5862917900085449
    },
    "pair_chains_iptm": {
        "0": {
            "0": 0.5862917900085449
        }
    }
}