{
    "confidence_score": 0.7612952589988708,
    "ptm": 0.5998141765594482,
    "iptm": 0.0,
    "ligand_iptm": 0.0,
    "protein_iptm": 0.0,
    "complex_plddt": 0.8016654849052429,
    "complex_iplddt": 0.8016654849052429,
    "complex_pde": 0.719632089138031,
    "complex_ipde": 0.0,
    "chains_ptm": {
        "0": 0.5998141765594482
    },
    "pair_chains_iptm": {
        "0": {
            "0": 0.5998141765594482
        }
    }
}