{
    "confidence_score": 0.7535890936851501,
    "ptm": 0.5993694067001343,
    "iptm": 0.0,
    "ligand_iptm": 0.0,
    "protein_iptm": 0.0,
    "complex_plddt": 0.7921440005302429,
    "complex_iplddt": 0.7921440005302429,
    "complex_pde": 0.7054813504219055,
    "complex_ipde": 0.0,
    "chains_ptm": {
        "0": 0.5993694067001343
    },
    "pair_chains_iptm": {
        "0": {
            "0": 0.5993694067001343
        }
    }
}