{
    "confidence_score": 0.7661963701248169,
    "ptm": 0.5868439078330994,
    "iptm": 0.0,
    "ligand_iptm": 0.0,
    "protein_iptm": 0.0,
    "complex_plddt": 0.8110344409942627,
    "complex_iplddt": 0.8110344409942627,
    "complex_pde": 0.6987904906272888,
    "complex_ipde": 0.0,
    "chains_ptm": {
        "0": 0.5868439078330994
    },
    "pair_chains_iptm": {
        "0": {
            "0": 0.5868439078330994
        }
    }
}