{
    "confidence_score": 0.7656871676445007,
    "ptm": 0.5762016177177429,
    "iptm": 0.0,
    "ligand_iptm": 0.0,
    "protein_iptm": 0.0,
    "complex_plddt": 0.8130585551261902,
    "complex_iplddt": 0.8130585551261902,
    "complex_pde": 0.6652243733406067,
    "complex_ipde": 0.0,
    "chains_ptm": {
        "0": 0.5762016177177429
    },
    "pair_chains_iptm": {
        "0": {
            "0": 0.5762016177177429
        }
    }
}