{
    "confidence_score": 0.765002429485321,
    "ptm": 0.6055933237075806,
    "iptm": 0.0,
    "ligand_iptm": 0.0,
    "protein_iptm": 0.0,
    "complex_plddt": 0.804854691028595,
    "complex_iplddt": 0.804854691028595,
    "complex_pde": 0.7077688574790955,
    "complex_ipde": 0.0,
    "chains_ptm": {
        "0": 0.6055933237075806
    },
    "pair_chains_iptm": {
        "0": {
            "0": 0.6055933237075806
        }
    }
}