{
    "confidence_score": 0.7678477168083191,
    "ptm": 0.5923284292221069,
    "iptm": 0.0,
    "ligand_iptm": 0.0,
    "protein_iptm": 0.0,
    "complex_plddt": 0.8117275238037109,
    "complex_iplddt": 0.8117275238037109,
    "complex_pde": 0.6946972012519836,
    "complex_ipde": 0.0,
    "chains_ptm": {
        "0": 0.5923284292221069
    },
    "pair_chains_iptm": {
        "0": {
            "0": 0.5923284292221069
        }
    }
}