{
    "confidence_score": 0.7667734026908875,
    "ptm": 0.6048533916473389,
    "iptm": 0.0,
    "ligand_iptm": 0.0,
    "protein_iptm": 0.0,
    "complex_plddt": 0.807253360748291,
    "complex_iplddt": 0.807253360748291,
    "complex_pde": 0.7260572910308838,
    "complex_ipde": 0.0,
    "chains_ptm": {
        "0": 0.6048533916473389
    },
    "pair_chains_iptm": {
        "0": {
            "0": 0.6048533916473389
        }
    }
}