{
    "confidence_score": 0.7715408802032471,
    "ptm": 0.6088983416557312,
    "iptm": 0.0,
    "ligand_iptm": 0.0,
    "protein_iptm": 0.0,
    "complex_plddt": 0.8122014999389648,
    "complex_iplddt": 0.8122014999389648,
    "complex_pde": 0.6935802102088928,
    "complex_ipde": 0.0,
    "chains_ptm": {
        "0": 0.6088983416557312
    },
    "pair_chains_iptm": {
        "0": {
            "0": 0.6088983416557312
        }
    }
}