{
    "confidence_score": 0.7690382599830627,
    "ptm": 0.5922319889068604,
    "iptm": 0.0,
    "ligand_iptm": 0.0,
    "protein_iptm": 0.0,
    "complex_plddt": 0.8132398128509521,
    "complex_iplddt": 0.8132398128509521,
    "complex_pde": 0.6817182898521423,
    "complex_ipde": 0.0,
    "chains_ptm": {
        "0": 0.5922319889068604
    },
    "pair_chains_iptm": {
        "0": {
            "0": 0.5922319889068604
        }
    }
}