{
    "confidence_score": 0.9310613870620728,
    "ptm": 0.9578911662101746,
    "iptm": 0.9558477401733398,
    "ligand_iptm": 0.0,
    "protein_iptm": 0.9558477401733398,
    "complex_plddt": 0.9248648285865784,
    "complex_iplddt": 0.9260815382003784,
    "complex_pde": 0.2708137631416321,
    "complex_ipde": 0.3110198974609375,
    "chains_ptm": {
        "0": 0.9649191498756409,
        "1": 0.9653507471084595
    },
    "pair_chains_iptm": {
        "0": {
            "0": 0.9649191498756409,
            "1": 0.9507923722267151
        },
        "1": {
            "0": 0.9558477401733398,
            "1": 0.9653507471084595
        }
    }
}