{
    "confidence_score": 0.9359907507896423,
    "ptm": 0.9453129768371582,
    "iptm": 0.9348791241645813,
    "ligand_iptm": 0.0,
    "protein_iptm": 0.9348791241645813,
    "complex_plddt": 0.9362686276435852,
    "complex_iplddt": 0.9257007241249084,
    "complex_pde": 0.310861200094223,
    "complex_ipde": 0.4459889531135559,
    "chains_ptm": {
        "0": 0.9583847522735596,
        "1": 0.9578668475151062
    },
    "pair_chains_iptm": {
        "0": {
            "0": 0.9583847522735596,
            "1": 0.9343690276145935
        },
        "1": {
            "0": 0.9348791241645813,
            "1": 0.9578668475151062
        }
    }
}