{
    "confidence_score": 0.939598023891449,
    "ptm": 0.9460991024971008,
    "iptm": 0.9428021907806396,
    "ligand_iptm": 0.0,
    "protein_iptm": 0.9428021907806396,
    "complex_plddt": 0.9387969374656677,
    "complex_iplddt": 0.9351944327354431,
    "complex_pde": 0.3035503029823303,
    "complex_ipde": 0.42026492953300476,
    "chains_ptm": {
        "0": 0.9586592316627502,
        "1": 0.95573890209198
    },
    "pair_chains_iptm": {
        "0": {
            "0": 0.9586592316627502,
            "1": 0.9428021907806396
        },
        "1": {
            "0": 0.9419311881065369,
            "1": 0.95573890209198
        }
    }
}