{
    "confidence_score": 0.9407246708869934,
    "ptm": 0.9500450491905212,
    "iptm": 0.9470803141593933,
    "ligand_iptm": 0.0,
    "protein_iptm": 0.9470803141593933,
    "complex_plddt": 0.939135730266571,
    "complex_iplddt": 0.9342366456985474,
    "complex_pde": 0.3017154037952423,
    "complex_ipde": 0.41728928685188293,
    "chains_ptm": {
        "0": 0.9619231820106506,
        "1": 0.9614040851593018
    },
    "pair_chains_iptm": {
        "0": {
            "0": 0.9619231820106506,
            "1": 0.9443147778511047
        },
        "1": {
            "0": 0.9470803141593933,
            "1": 0.9614040851593018
        }
    }
}