{
    "confidence_score": 0.9399133920669556,
    "ptm": 0.9472094774246216,
    "iptm": 0.940915048122406,
    "ligand_iptm": 0.0,
    "protein_iptm": 0.940915048122406,
    "complex_plddt": 0.9396629929542542,
    "complex_iplddt": 0.9323570132255554,
    "complex_pde": 0.31608837842941284,
    "complex_ipde": 0.4663870334625244,
    "chains_ptm": {
        "0": 0.9589079022407532,
        "1": 0.9564322829246521
    },
    "pair_chains_iptm": {
        "0": {
            "0": 0.9589079022407532,
            "1": 0.940915048122406
        },
        "1": {
            "0": 0.9367049336433411,
            "1": 0.9564322829246521
        }
    }
}