{
    "confidence_score": 0.937761127948761,
    "ptm": 0.9498992562294006,
    "iptm": 0.9406787157058716,
    "ligand_iptm": 0.0,
    "protein_iptm": 0.9406787157058716,
    "complex_plddt": 0.9370317459106445,
    "complex_iplddt": 0.9294446110725403,
    "complex_pde": 0.29892978072166443,
    "complex_ipde": 0.40641143918037415,
    "chains_ptm": {
        "0": 0.9594748616218567,
        "1": 0.957156240940094
    },
    "pair_chains_iptm": {
        "0": {
            "0": 0.9594748616218567,
            "1": 0.9406787157058716
        },
        "1": {
            "0": 0.9404111504554749,
            "1": 0.957156240940094
        }
    }
}