{
    "confidence_score": 0.9422307014465332,
    "ptm": 0.9372773170471191,
    "iptm": 0.9326347708702087,
    "ligand_iptm": 0.0,
    "protein_iptm": 0.9326347708702087,
    "complex_plddt": 0.9446297287940979,
    "complex_iplddt": 0.9459254741668701,
    "complex_pde": 0.35389846563339233,
    "complex_ipde": 0.5989699959754944,
    "chains_ptm": {
        "0": 0.9518147706985474,
        "1": 0.9512452483177185
    },
    "pair_chains_iptm": {
        "0": {
            "0": 0.9518147706985474,
            "1": 0.9269458055496216
        },
        "1": {
            "0": 0.9326347708702087,
            "1": 0.9512452483177185
        }
    }
}