{
    "confidence_score": 0.9369087219238281,
    "ptm": 0.9350338578224182,
    "iptm": 0.9224274158477783,
    "ligand_iptm": 0.0,
    "protein_iptm": 0.9224274158477783,
    "complex_plddt": 0.9405291080474854,
    "complex_iplddt": 0.9343758225440979,
    "complex_pde": 0.32656219601631165,
    "complex_ipde": 0.49720773100852966,
    "chains_ptm": {
        "0": 0.9475510120391846,
        "1": 0.9511581659317017
    },
    "pair_chains_iptm": {
        "0": {
            "0": 0.9475510120391846,
            "1": 0.9224274158477783
        },
        "1": {
            "0": 0.9222977161407471,
            "1": 0.9511581659317017
        }
    }
}