{
    "confidence_score": 0.9376083612442017,
    "ptm": 0.9154649972915649,
    "iptm": 0.9029874801635742,
    "ligand_iptm": 0.0,
    "protein_iptm": 0.9029874801635742,
    "complex_plddt": 0.9462636113166809,
    "complex_iplddt": 0.9493637681007385,
    "complex_pde": 0.4243478775024414,
    "complex_ipde": 0.8292301893234253,
    "chains_ptm": {
        "0": 0.939841628074646,
        "1": 0.939446747303009
    },
    "pair_chains_iptm": {
        "0": {
            "0": 0.939841628074646,
            "1": 0.9015454649925232
        },
        "1": {
            "0": 0.9029874801635742,
            "1": 0.939446747303009
        }
    }
}