{
    "confidence_score": 0.9439150094985962,
    "ptm": 0.9504062533378601,
    "iptm": 0.9475192427635193,
    "ligand_iptm": 0.0,
    "protein_iptm": 0.9475192427635193,
    "complex_plddt": 0.9430139064788818,
    "complex_iplddt": 0.9423426985740662,
    "complex_pde": 0.2986316382884979,
    "complex_ipde": 0.40341031551361084,
    "chains_ptm": {
        "0": 0.9629223942756653,
        "1": 0.9596984386444092
    },
    "pair_chains_iptm": {
        "0": {
            "0": 0.9629223942756653,
            "1": 0.9475192427635193
        },
        "1": {
            "0": 0.9440507292747498,
            "1": 0.9596984386444092
        }
    }
}