{
    "confidence_score": 0.3873966932296753,
    "ptm": 0.47336214780807495,
    "iptm": 0.32245779037475586,
    "ligand_iptm": 0.0,
    "protein_iptm": 0.0,
    "complex_plddt": 0.40363141894340515,
    "complex_iplddt": 0.3946422040462494,
    "complex_pde": 0.8557549715042114,
    "complex_ipde": 1.7844029664993286,
    "chains_ptm": {
        "0": 0.5922520756721497,
        "1": 0.5546677708625793
    },
    "pair_chains_iptm": {
        "0": {
            "0": 0.5922520756721497,
            "1": 0.2213324010372162
        },
        "1": {
            "0": 0.32245779037475586,
            "1": 0.5546677708625793
        }
    }
}