{
    "confidence_score": 0.4251116216182709,
    "ptm": 0.5027635097503662,
    "iptm": 0.4103448688983917,
    "ligand_iptm": 0.0,
    "protein_iptm": 0.0,
    "complex_plddt": 0.42880329489707947,
    "complex_iplddt": 0.4192994236946106,
    "complex_pde": 0.7191817760467529,
    "complex_ipde": 1.2483009099960327,
    "chains_ptm": {
        "0": 0.5687766671180725,
        "1": 0.6769995093345642
    },
    "pair_chains_iptm": {
        "0": {
            "0": 0.5687766671180725,
            "1": 0.35946276783943176
        },
        "1": {
            "0": 0.4103448688983917,
            "1": 0.6769995093345642
        }
    }
}