{
    "confidence_score": 0.4324567914009094,
    "ptm": 0.5670366883277893,
    "iptm": 0.47212228178977966,
    "ligand_iptm": 0.0,
    "protein_iptm": 0.0,
    "complex_plddt": 0.4225403964519501,
    "complex_iplddt": 0.42069998383522034,
    "complex_pde": 0.56022047996521,
    "complex_ipde": 1.0013301372528076,
    "chains_ptm": {
        "0": 0.6496044993400574,
        "1": 0.6899251937866211
    },
    "pair_chains_iptm": {
        "0": {
            "0": 0.6496044993400574,
            "1": 0.4333828389644623
        },
        "1": {
            "0": 0.47212228178977966,
            "1": 0.6899251937866211
        }
    }
}