{
    "confidence_score": 0.43306270241737366,
    "ptm": 0.49774375557899475,
    "iptm": 0.4229184091091156,
    "ligand_iptm": 0.0,
    "protein_iptm": 0.0,
    "complex_plddt": 0.43559879064559937,
    "complex_iplddt": 0.4287729561328888,
    "complex_pde": 0.794105589389801,
    "complex_ipde": 1.478872299194336,
    "chains_ptm": {
        "0": 0.5801785588264465,
        "1": 0.557425856590271
    },
    "pair_chains_iptm": {
        "0": {
            "0": 0.5801785588264465,
            "1": 0.3418925404548645
        },
        "1": {
            "0": 0.4229184091091156,
            "1": 0.557425856590271
        }
    }
}