{
    "confidence_score": 0.45390018820762634,
    "ptm": 0.5903207063674927,
    "iptm": 0.5308862328529358,
    "ligand_iptm": 0.0,
    "protein_iptm": 0.0,
    "complex_plddt": 0.43465369939804077,
    "complex_iplddt": 0.42141640186309814,
    "complex_pde": 0.5361039638519287,
    "complex_ipde": 0.9415987730026245,
    "chains_ptm": {
        "0": 0.6816475987434387,
        "1": 0.6602904796600342
    },
    "pair_chains_iptm": {
        "0": {
            "0": 0.6816475987434387,
            "1": 0.40730977058410645
        },
        "1": {
            "0": 0.5308862328529358,
            "1": 0.6602904796600342
        }
    }
}