{
    "confidence_score": 0.36790090799331665,
    "ptm": 0.3730469048023224,
    "iptm": 0.16798368096351624,
    "ligand_iptm": 0.0,
    "protein_iptm": 0.0,
    "complex_plddt": 0.41788020730018616,
    "complex_iplddt": 0.3766670227050781,
    "complex_pde": 1.2609593868255615,
    "complex_ipde": 3.122748374938965,
    "chains_ptm": {
        "0": 0.5293917059898376,
        "1": 0.5761522054672241
    },
    "pair_chains_iptm": {
        "0": {
            "0": 0.5293917059898376,
            "1": 0.12670736014842987
        },
        "1": {
            "0": 0.16798368096351624,
            "1": 0.5761522054672241
        }
    }
}