{
    "confidence_score": 0.49563202261924744,
    "ptm": 0.6406986713409424,
    "iptm": 0.5704324841499329,
    "ligand_iptm": 0.0,
    "protein_iptm": 0.0,
    "complex_plddt": 0.4769318997859955,
    "complex_iplddt": 0.5033828020095825,
    "complex_pde": 0.45726245641708374,
    "complex_ipde": 0.687961220741272,
    "chains_ptm": {
        "0": 0.6908885836601257,
        "1": 0.7995827794075012
    },
    "pair_chains_iptm": {
        "0": {
            "0": 0.6908885836601257,
            "1": 0.45457175374031067
        },
        "1": {
            "0": 0.5704324841499329,
            "1": 0.7995827794075012
        }
    }
}