{
    "confidence_score": 0.416020005941391,
    "ptm": 0.4834889769554138,
    "iptm": 0.36531922221183777,
    "ligand_iptm": 0.0,
    "protein_iptm": 0.0,
    "complex_plddt": 0.4286952018737793,
    "complex_iplddt": 0.4186297357082367,
    "complex_pde": 0.7720391750335693,
    "complex_ipde": 1.3574801683425903,
    "chains_ptm": {
        "0": 0.5505823493003845,
        "1": 0.6941556334495544
    },
    "pair_chains_iptm": {
        "0": {
            "0": 0.5505823493003845,
            "1": 0.33301252126693726
        },
        "1": {
            "0": 0.36531922221183777,
            "1": 0.6941556334495544
        }
    }
}