{
    "confidence_score": 0.5282211899757385,
    "ptm": 0.6552271246910095,
    "iptm": 0.6105836033821106,
    "ligand_iptm": 0.0,
    "protein_iptm": 0.0,
    "complex_plddt": 0.5076305866241455,
    "complex_iplddt": 0.5191812515258789,
    "complex_pde": 0.4264245629310608,
    "complex_ipde": 0.6515045762062073,
    "chains_ptm": {
        "0": 0.7075087428092957,
        "1": 0.8059476017951965
    },
    "pair_chains_iptm": {
        "0": {
            "0": 0.7075087428092957,
            "1": 0.4637741446495056
        },
        "1": {
            "0": 0.6105836033821106,
            "1": 0.8059476017951965
        }
    }
}