{
    "confidence_score": 0.4099627435207367,
    "ptm": 0.44370269775390625,
    "iptm": 0.33517885208129883,
    "ligand_iptm": 0.0,
    "protein_iptm": 0.0,
    "complex_plddt": 0.42865872383117676,
    "complex_iplddt": 0.41289258003234863,
    "complex_pde": 0.9561741352081299,
    "complex_ipde": 1.936787486076355,
    "chains_ptm": {
        "0": 0.5388361215591431,
        "1": 0.6768302321434021
    },
    "pair_chains_iptm": {
        "0": {
            "0": 0.5388361215591431,
            "1": 0.24288801848888397
        },
        "1": {
            "0": 0.33517885208129883,
            "1": 0.6768302321434021
        }
    }
}