{
    "confidence_score": 0.8283924460411072,
    "ptm": 0.8548548817634583,
    "iptm": 0.8059897422790527,
    "ligand_iptm": 0.0,
    "protein_iptm": 0.8059897422790527,
    "complex_plddt": 0.8339930176734924,
    "complex_iplddt": 0.8269615769386292,
    "complex_pde": 0.3402422368526459,
    "complex_ipde": 0.7512677907943726,
    "chains_ptm": {
        "0": 0.9037415385246277,
        "1": 0.9037196040153503
    },
    "pair_chains_iptm": {
        "0": {
            "0": 0.9037415385246277,
            "1": 0.8059897422790527
        },
        "1": {
            "0": 0.8007211089134216,
            "1": 0.9037196040153503
        }
    }
}