{
    "confidence_score": 0.8250600695610046,
    "ptm": 0.8556700348854065,
    "iptm": 0.8069000840187073,
    "ligand_iptm": 0.0,
    "protein_iptm": 0.8069000840187073,
    "complex_plddt": 0.8296000957489014,
    "complex_iplddt": 0.8199443221092224,
    "complex_pde": 0.3349330425262451,
    "complex_ipde": 0.7153117656707764,
    "chains_ptm": {
        "0": 0.900724470615387,
        "1": 0.905631422996521
    },
    "pair_chains_iptm": {
        "0": {
            "0": 0.900724470615387,
            "1": 0.8069000840187073
        },
        "1": {
            "0": 0.7979208827018738,
            "1": 0.905631422996521
        }
    }
}