{
    "confidence_score": 0.8217629790306091,
    "ptm": 0.8380811214447021,
    "iptm": 0.7971264123916626,
    "ligand_iptm": 0.0,
    "protein_iptm": 0.7971264123916626,
    "complex_plddt": 0.8279221057891846,
    "complex_iplddt": 0.8187739253044128,
    "complex_pde": 0.34956422448158264,
    "complex_ipde": 0.7720022201538086,
    "chains_ptm": {
        "0": 0.891263484954834,
        "1": 0.894436776638031
    },
    "pair_chains_iptm": {
        "0": {
            "0": 0.891263484954834,
            "1": 0.7898575067520142
        },
        "1": {
            "0": 0.7971264123916626,
            "1": 0.894436776638031
        }
    }
}