{
    "confidence_score": 0.8196630477905273,
    "ptm": 0.8530376553535461,
    "iptm": 0.8044856786727905,
    "ligand_iptm": 0.0,
    "protein_iptm": 0.8044856786727905,
    "complex_plddt": 0.8234574198722839,
    "complex_iplddt": 0.8173385262489319,
    "complex_pde": 0.33295032382011414,
    "complex_ipde": 0.6738723516464233,
    "chains_ptm": {
        "0": 0.901935875415802,
        "1": 0.8966729640960693
    },
    "pair_chains_iptm": {
        "0": {
            "0": 0.901935875415802,
            "1": 0.8033263683319092
        },
        "1": {
            "0": 0.8044856786727905,
            "1": 0.8966729640960693
        }
    }
}