{
    "confidence_score": 0.818227231502533,
    "ptm": 0.8416840434074402,
    "iptm": 0.7909273505210876,
    "ligand_iptm": 0.0,
    "protein_iptm": 0.7909273505210876,
    "complex_plddt": 0.8250521421432495,
    "complex_iplddt": 0.8181483149528503,
    "complex_pde": 0.3525743782520294,
    "complex_ipde": 0.7742501497268677,
    "chains_ptm": {
        "0": 0.8935846090316772,
        "1": 0.89714515209198
    },
    "pair_chains_iptm": {
        "0": {
            "0": 0.8935846090316772,
            "1": 0.7907885909080505
        },
        "1": {
            "0": 0.7909273505210876,
            "1": 0.89714515209198
        }
    }
}