{
    "confidence_score": 0.8232329487800598,
    "ptm": 0.8521431684494019,
    "iptm": 0.8027287721633911,
    "ligand_iptm": 0.0,
    "protein_iptm": 0.8027287721633911,
    "complex_plddt": 0.8283589482307434,
    "complex_iplddt": 0.819344162940979,
    "complex_pde": 0.33234336972236633,
    "complex_ipde": 0.6919126510620117,
    "chains_ptm": {
        "0": 0.9010043144226074,
        "1": 0.9025134444236755
    },
    "pair_chains_iptm": {
        "0": {
            "0": 0.9010043144226074,
            "1": 0.8027287721633911
        },
        "1": {
            "0": 0.7962455153465271,
            "1": 0.9025134444236755
        }
    }
}