{
    "confidence_score": 0.7342413067817688,
    "ptm": 0.7907329201698303,
    "iptm": 0.6868176460266113,
    "ligand_iptm": 0.0,
    "protein_iptm": 0.6868176460266113,
    "complex_plddt": 0.746097207069397,
    "complex_iplddt": 0.7395964860916138,
    "complex_pde": 0.527915358543396,
    "complex_ipde": 1.9739749431610107,
    "chains_ptm": {
        "0": 0.8946478366851807,
        "1": 0.8917576670646667
    },
    "pair_chains_iptm": {
        "0": {
            "0": 0.8946478366851807,
            "1": 0.6832036972045898
        },
        "1": {
            "0": 0.6868176460266113,
            "1": 0.8917576670646667
        }
    }
}