{
    "confidence_score": 0.8277751803398132,
    "ptm": 0.8473785519599915,
    "iptm": 0.7938880324363708,
    "ligand_iptm": 0.0,
    "protein_iptm": 0.7938880324363708,
    "complex_plddt": 0.8362470269203186,
    "complex_iplddt": 0.8275452256202698,
    "complex_pde": 0.34707731008529663,
    "complex_ipde": 0.8064155578613281,
    "chains_ptm": {
        "0": 0.9019807577133179,
        "1": 0.9025803804397583
    },
    "pair_chains_iptm": {
        "0": {
            "0": 0.9019807577133179,
            "1": 0.7933422923088074
        },
        "1": {
            "0": 0.7938880324363708,
            "1": 0.9025803804397583
        }
    }
}