{
    "confidence_score": 0.8182441592216492,
    "ptm": 0.8479233980178833,
    "iptm": 0.7889721393585205,
    "ligand_iptm": 0.0,
    "protein_iptm": 0.7889721393585205,
    "complex_plddt": 0.8255622386932373,
    "complex_iplddt": 0.8156523108482361,
    "complex_pde": 0.3611050844192505,
    "complex_ipde": 0.8995172381401062,
    "chains_ptm": {
        "0": 0.9071316719055176,
        "1": 0.9048317670822144
    },
    "pair_chains_iptm": {
        "0": {
            "0": 0.9071316719055176,
            "1": 0.7889721393585205
        },
        "1": {
            "0": 0.7887150049209595,
            "1": 0.9048317670822144
        }
    }
}