{
    "confidence_score": 0.7066170573234558,
    "ptm": 0.8454595804214478,
    "iptm": 0.7932791709899902,
    "ligand_iptm": 0.0,
    "protein_iptm": 0.7932791709899902,
    "complex_plddt": 0.6849515438079834,
    "complex_iplddt": 0.7107688188552856,
    "complex_pde": 0.3479115068912506,
    "complex_ipde": 0.8006032109260559,
    "chains_ptm": {
        "0": 0.9099674820899963,
        "1": 0.9041213393211365
    },
    "pair_chains_iptm": {
        "0": {
            "0": 0.9099674820899963,
            "1": 0.7916675806045532
        },
        "1": {
            "0": 0.7932791709899902,
            "1": 0.9041213393211365
        }
    }
}