{
    "confidence_score": 0.4727904498577118,
    "ptm": 0.5460129380226135,
    "iptm": 0.4821634292602539,
    "ligand_iptm": 0.0,
    "protein_iptm": 0.0,
    "complex_plddt": 0.4704471528530121,
    "complex_iplddt": 0.46940159797668457,
    "complex_pde": 0.4884800314903259,
    "complex_ipde": 0.6168600916862488,
    "chains_ptm": {
        "0": 0.6624806523323059,
        "1": 0.6646130084991455
    },
    "pair_chains_iptm": {
        "0": {
            "0": 0.6624806523323059,
            "1": 0.47636696696281433
        },
        "1": {
            "0": 0.4821634292602539,
            "1": 0.6646130084991455
        }
    }
}