{
    "confidence_score": 0.4893224239349365,
    "ptm": 0.5115777254104614,
    "iptm": 0.4665772318840027,
    "ligand_iptm": 0.0,
    "protein_iptm": 0.0,
    "complex_plddt": 0.4950087368488312,
    "complex_iplddt": 0.4938083291053772,
    "complex_pde": 0.5222907662391663,
    "complex_ipde": 0.6401974558830261,
    "chains_ptm": {
        "0": 0.6195502877235413,
        "1": 0.617495059967041
    },
    "pair_chains_iptm": {
        "0": {
            "0": 0.6195502877235413,
            "1": 0.4468211233615875
        },
        "1": {
            "0": 0.4665772318840027,
            "1": 0.617495059967041
        }
    }
}