{
    "confidence_score": 0.47600919008255005,
    "ptm": 0.5097533464431763,
    "iptm": 0.4269483983516693,
    "ligand_iptm": 0.0,
    "protein_iptm": 0.0,
    "complex_plddt": 0.48827439546585083,
    "complex_iplddt": 0.48047304153442383,
    "complex_pde": 0.512789785861969,
    "complex_ipde": 0.6602753400802612,
    "chains_ptm": {
        "0": 0.6323474645614624,
        "1": 0.6242548823356628
    },
    "pair_chains_iptm": {
        "0": {
            "0": 0.6323474645614624,
            "1": 0.4269483983516693
        },
        "1": {
            "0": 0.41520851850509644,
            "1": 0.6242548823356628
        }
    }
}