{
    "confidence_score": 0.5022388100624084,
    "ptm": 0.5506667494773865,
    "iptm": 0.5048540234565735,
    "ligand_iptm": 0.0,
    "protein_iptm": 0.0,
    "complex_plddt": 0.5015850067138672,
    "complex_iplddt": 0.500907301902771,
    "complex_pde": 0.4702967405319214,
    "complex_ipde": 0.5499221682548523,
    "chains_ptm": {
        "0": 0.6381439566612244,
        "1": 0.6165681481361389
    },
    "pair_chains_iptm": {
        "0": {
            "0": 0.6381439566612244,
            "1": 0.49544134736061096
        },
        "1": {
            "0": 0.5048540234565735,
            "1": 0.6165681481361389
        }
    }
}