{
    "confidence_score": 0.48816654086112976,
    "ptm": 0.543493390083313,
    "iptm": 0.44908276200294495,
    "ligand_iptm": 0.0,
    "protein_iptm": 0.0,
    "complex_plddt": 0.49793747067451477,
    "complex_iplddt": 0.4932636320590973,
    "complex_pde": 0.5202808380126953,
    "complex_ipde": 0.6596961617469788,
    "chains_ptm": {
        "0": 0.6585050821304321,
        "1": 0.6402031183242798
    },
    "pair_chains_iptm": {
        "0": {
            "0": 0.6585050821304321,
            "1": 0.4279303550720215
        },
        "1": {
            "0": 0.44908276200294495,
            "1": 0.6402031183242798
        }
    }
}