{
    "confidence_score": 0.46914178133010864,
    "ptm": 0.38023194670677185,
    "iptm": 0.35307401418685913,
    "ligand_iptm": 0.0,
    "protein_iptm": 0.0,
    "complex_plddt": 0.498158723115921,
    "complex_iplddt": 0.4964967370033264,
    "complex_pde": 1.0999809503555298,
    "complex_ipde": 1.3620569705963135,
    "chains_ptm": {
        "0": 0.4673149287700653,
        "1": 0.49432623386383057
    },
    "pair_chains_iptm": {
        "0": {
            "0": 0.4673149287700653,
            "1": 0.29321691393852234
        },
        "1": {
            "0": 0.35307401418685913,
            "1": 0.49432623386383057
        }
    }
}