{
    "confidence_score": 0.4938586354255676,
    "ptm": 0.5537376999855042,
    "iptm": 0.5059727430343628,
    "ligand_iptm": 0.0,
    "protein_iptm": 0.0,
    "complex_plddt": 0.49083012342453003,
    "complex_iplddt": 0.48574668169021606,
    "complex_pde": 0.46473294496536255,
    "complex_ipde": 0.5678456425666809,
    "chains_ptm": {
        "0": 0.6528026461601257,
        "1": 0.6488403677940369
    },
    "pair_chains_iptm": {
        "0": {
            "0": 0.6528026461601257,
            "1": 0.5059727430343628
        },
        "1": {
            "0": 0.49359455704689026,
            "1": 0.6488403677940369
        }
    }
}