{
    "confidence_score": 0.5020604133605957,
    "ptm": 0.5507024526596069,
    "iptm": 0.5382497310638428,
    "ligand_iptm": 0.0,
    "protein_iptm": 0.0,
    "complex_plddt": 0.4930131137371063,
    "complex_iplddt": 0.4924541115760803,
    "complex_pde": 0.45356661081314087,
    "complex_ipde": 0.543866753578186,
    "chains_ptm": {
        "0": 0.6653368473052979,
        "1": 0.6478701233863831
    },
    "pair_chains_iptm": {
        "0": {
            "0": 0.6653368473052979,
            "1": 0.5382497310638428
        },
        "1": {
            "0": 0.49476194381713867,
            "1": 0.6478701233863831
        }
    }
}