{
    "confidence_score": 0.4770984351634979,
    "ptm": 0.5225146412849426,
    "iptm": 0.43236663937568665,
    "ligand_iptm": 0.0,
    "protein_iptm": 0.0,
    "complex_plddt": 0.48828136920928955,
    "complex_iplddt": 0.4894312024116516,
    "complex_pde": 0.5166450142860413,
    "complex_ipde": 0.6251702308654785,
    "chains_ptm": {
        "0": 0.6367799043655396,
        "1": 0.6356531381607056
    },
    "pair_chains_iptm": {
        "0": {
            "0": 0.6367799043655396,
            "1": 0.41908296942710876
        },
        "1": {
            "0": 0.43236663937568665,
            "1": 0.6356531381607056
        }
    }
}