{
    "confidence_score": 0.47662147879600525,
    "ptm": 0.5145906209945679,
    "iptm": 0.490104079246521,
    "ligand_iptm": 0.0,
    "protein_iptm": 0.0,
    "complex_plddt": 0.4732508361339569,
    "complex_iplddt": 0.4692162573337555,
    "complex_pde": 0.712051510810852,
    "complex_ipde": 0.8868764638900757,
    "chains_ptm": {
        "0": 0.5988733768463135,
        "1": 0.6026168465614319
    },
    "pair_chains_iptm": {
        "0": {
            "0": 0.5988733768463135,
            "1": 0.4743908941745758
        },
        "1": {
            "0": 0.490104079246521,
            "1": 0.6026168465614319
        }
    }
}