{
    "confidence_score": 0.8745488524436951,
    "ptm": 0.92795330286026,
    "iptm": 0.8230277299880981,
    "ligand_iptm": 0.0,
    "protein_iptm": 0.8230277299880981,
    "complex_plddt": 0.8874290585517883,
    "complex_iplddt": 0.8396286964416504,
    "complex_pde": 0.32635340094566345,
    "complex_ipde": 0.627886950969696,
    "chains_ptm": {
        "0": 0.9647660851478577,
        "1": 0.8137943148612976
    },
    "pair_chains_iptm": {
        "0": {
            "0": 0.9647660851478577,
            "1": 0.7854949831962585
        },
        "1": {
            "0": 0.8230277299880981,
            "1": 0.8137943148612976
        }
    }
}