{
    "confidence_score": 0.8337627649307251,
    "ptm": 0.952867329120636,
    "iptm": 0.9161165356636047,
    "ligand_iptm": 0.0,
    "protein_iptm": 0.9161165356636047,
    "complex_plddt": 0.813174307346344,
    "complex_iplddt": 0.7454385757446289,
    "complex_pde": 0.2683958411216736,
    "complex_ipde": 0.35510095953941345,
    "chains_ptm": {
        "0": 0.9711707234382629,
        "1": 0.9251623749732971
    },
    "pair_chains_iptm": {
        "0": {
            "0": 0.9711707234382629,
            "1": 0.8134300708770752
        },
        "1": {
            "0": 0.9161165356636047,
            "1": 0.9251623749732971
        }
    }
}