{
    "confidence_score": 0.9152643084526062,
    "ptm": 0.9611455798149109,
    "iptm": 0.930356502532959,
    "ligand_iptm": 0.0,
    "protein_iptm": 0.930356502532959,
    "complex_plddt": 0.9114912152290344,
    "complex_iplddt": 0.8791683316230774,
    "complex_pde": 0.26543673872947693,
    "complex_ipde": 0.3289976716041565,
    "chains_ptm": {
        "0": 0.9745165705680847,
        "1": 0.937140166759491
    },
    "pair_chains_iptm": {
        "0": {
            "0": 0.9745165705680847,
            "1": 0.8760519623756409
        },
        "1": {
            "0": 0.930356502532959,
            "1": 0.937140166759491
        }
    }
}