{
    "confidence_score": 0.820539116859436,
    "ptm": 0.9429693818092346,
    "iptm": 0.8677923679351807,
    "ligand_iptm": 0.0,
    "protein_iptm": 0.8677923679351807,
    "complex_plddt": 0.8087258338928223,
    "complex_iplddt": 0.7328605055809021,
    "complex_pde": 0.3064907491207123,
    "complex_ipde": 0.7632197141647339,
    "chains_ptm": {
        "0": 0.9732964038848877,
        "1": 0.876926064491272
    },
    "pair_chains_iptm": {
        "0": {
            "0": 0.9732964038848877,
            "1": 0.7455877065658569
        },
        "1": {
            "0": 0.8677923679351807,
            "1": 0.876926064491272
        }
    }
}