{
    "confidence_score": 0.8563166856765747,
    "ptm": 0.9552856087684631,
    "iptm": 0.910563588142395,
    "ligand_iptm": 0.0,
    "protein_iptm": 0.910563588142395,
    "complex_plddt": 0.8427549600601196,
    "complex_iplddt": 0.7979121208190918,
    "complex_pde": 0.2724854052066803,
    "complex_ipde": 0.4085083603858948,
    "chains_ptm": {
        "0": 0.9739579558372498,
        "1": 0.8747252225875854
    },
    "pair_chains_iptm": {
        "0": {
            "0": 0.9739579558372498,
            "1": 0.7969432473182678
        },
        "1": {
            "0": 0.910563588142395,
            "1": 0.8747252225875854
        }
    }
}