{
    "confidence_score": 0.925088107585907,
    "ptm": 0.9553558230400085,
    "iptm": 0.9255867600440979,
    "ligand_iptm": 0.0,
    "protein_iptm": 0.9255867600440979,
    "complex_plddt": 0.9249634146690369,
    "complex_iplddt": 0.9003676772117615,
    "complex_pde": 0.2690185308456421,
    "complex_ipde": 0.33993691205978394,
    "chains_ptm": {
        "0": 0.9698571562767029,
        "1": 0.9367719292640686
    },
    "pair_chains_iptm": {
        "0": {
            "0": 0.9698571562767029,
            "1": 0.878115713596344
        },
        "1": {
            "0": 0.9255867600440979,
            "1": 0.9367719292640686
        }
    }
}