{
    "confidence_score": 0.915653645992279,
    "ptm": 0.9541651010513306,
    "iptm": 0.9152753949165344,
    "ligand_iptm": 0.0,
    "protein_iptm": 0.9152753949165344,
    "complex_plddt": 0.9157481789588928,
    "complex_iplddt": 0.8908771276473999,
    "complex_pde": 0.26873812079429626,
    "complex_ipde": 0.32906976342201233,
    "chains_ptm": {
        "0": 0.9680470824241638,
        "1": 0.9282749891281128
    },
    "pair_chains_iptm": {
        "0": {
            "0": 0.9680470824241638,
            "1": 0.8645700216293335
        },
        "1": {
            "0": 0.9152753949165344,
            "1": 0.9282749891281128
        }
    }
}