{
    "confidence_score": 0.8486815690994263,
    "ptm": 0.9284823536872864,
    "iptm": 0.8462995290756226,
    "ligand_iptm": 0.0,
    "protein_iptm": 0.8462995290756226,
    "complex_plddt": 0.8492770791053772,
    "complex_iplddt": 0.7939938306808472,
    "complex_pde": 0.30029597878456116,
    "complex_ipde": 0.5026838779449463,
    "chains_ptm": {
        "0": 0.9558765292167664,
        "1": 0.8575565814971924
    },
    "pair_chains_iptm": {
        "0": {
            "0": 0.9558765292167664,
            "1": 0.7014552354812622
        },
        "1": {
            "0": 0.8462995290756226,
            "1": 0.8575565814971924
        }
    }
}