{
    "confidence_score": 0.9246341586112976,
    "ptm": 0.9647012948989868,
    "iptm": 0.9384753108024597,
    "ligand_iptm": 0.0,
    "protein_iptm": 0.9384753108024597,
    "complex_plddt": 0.9211738705635071,
    "complex_iplddt": 0.8919237852096558,
    "complex_pde": 0.2643396854400635,
    "complex_ipde": 0.3165561556816101,
    "chains_ptm": {
        "0": 0.9751247763633728,
        "1": 0.9460291862487793
    },
    "pair_chains_iptm": {
        "0": {
            "0": 0.9751247763633728,
            "1": 0.881523847579956
        },
        "1": {
            "0": 0.9384753108024597,
            "1": 0.9460291862487793
        }
    }
}