{
    "confidence_score": 0.8778544664382935,
    "ptm": 0.9575935006141663,
    "iptm": 0.9197563529014587,
    "ligand_iptm": 0.0,
    "protein_iptm": 0.9197563529014587,
    "complex_plddt": 0.8673790097236633,
    "complex_iplddt": 0.813543438911438,
    "complex_pde": 0.26968809962272644,
    "complex_ipde": 0.3767632246017456,
    "chains_ptm": {
        "0": 0.9715346097946167,
        "1": 0.932767927646637
    },
    "pair_chains_iptm": {
        "0": {
            "0": 0.9715346097946167,
            "1": 0.8343216180801392
        },
        "1": {
            "0": 0.9197563529014587,
            "1": 0.932767927646637
        }
    }
}