{
    "confidence_score": 0.795632541179657,
    "ptm": 0.5214909315109253,
    "iptm": 0.4675207734107971,
    "ligand_iptm": 0.0,
    "protein_iptm": 0.0,
    "complex_plddt": 0.8776605129241943,
    "complex_iplddt": 0.8776604533195496,
    "complex_pde": 0.2535906136035919,
    "complex_ipde": 0.25513067841529846,
    "chains_ptm": {
        "0": 0.5786436200141907,
        "1": 0.5754606127738953
    },
    "pair_chains_iptm": {
        "0": {
            "0": 0.5786436200141907,
            "1": 0.4675207734107971
        },
        "1": {
            "0": 0.4619753956794739,
            "1": 0.5754606127738953
        }
    }
}