{
    "confidence_score": 0.801090657711029,
    "ptm": 0.5283909440040588,
    "iptm": 0.4817507266998291,
    "ligand_iptm": 0.0,
    "protein_iptm": 0.0,
    "complex_plddt": 0.8809255957603455,
    "complex_iplddt": 0.8809255957603455,
    "complex_pde": 0.2532406747341156,
    "complex_ipde": 0.2546447515487671,
    "chains_ptm": {
        "0": 0.5851420760154724,
        "1": 0.5835132598876953
    },
    "pair_chains_iptm": {
        "0": {
            "0": 0.5851420760154724,
            "1": 0.4817507266998291
        },
        "1": {
            "0": 0.47122663259506226,
            "1": 0.5835132598876953
        }
    }
}