{
    "confidence_score": 0.7937056422233582,
    "ptm": 0.5286435484886169,
    "iptm": 0.4779469072818756,
    "ligand_iptm": 0.0,
    "protein_iptm": 0.0,
    "complex_plddt": 0.8726453185081482,
    "complex_iplddt": 0.8726453185081482,
    "complex_pde": 0.2529841363430023,
    "complex_ipde": 0.2541707754135132,
    "chains_ptm": {
        "0": 0.5816560983657837,
        "1": 0.5809859037399292
    },
    "pair_chains_iptm": {
        "0": {
            "0": 0.5816560983657837,
            "1": 0.4779469072818756
        },
        "1": {
            "0": 0.4686104953289032,
            "1": 0.5809859037399292
        }
    }
}