{
    "confidence_score": 0.7974879145622253,
    "ptm": 0.5102487206459045,
    "iptm": 0.45429208874702454,
    "ligand_iptm": 0.0,
    "protein_iptm": 0.0,
    "complex_plddt": 0.8832868933677673,
    "complex_iplddt": 0.8832869529724121,
    "complex_pde": 0.254574716091156,
    "complex_ipde": 0.25654366612434387,
    "chains_ptm": {
        "0": 0.5676314830780029,
        "1": 0.5662049055099487
    },
    "pair_chains_iptm": {
        "0": {
            "0": 0.5676314830780029,
            "1": 0.45429208874702454
        },
        "1": {
            "0": 0.4476442337036133,
            "1": 0.5662049055099487
        }
    }
}