{
    "confidence_score": 0.789184033870697,
    "ptm": 0.5057559609413147,
    "iptm": 0.4472154676914215,
    "ligand_iptm": 0.0,
    "protein_iptm": 0.0,
    "complex_plddt": 0.8746761083602905,
    "complex_iplddt": 0.8746760487556458,
    "complex_pde": 0.25460174679756165,
    "complex_ipde": 0.2563500702381134,
    "chains_ptm": {
        "0": 0.5542611479759216,
        "1": 0.5642959475517273
    },
    "pair_chains_iptm": {
        "0": {
            "0": 0.5542611479759216,
            "1": 0.4472154676914215
        },
        "1": {
            "0": 0.44082847237586975,
            "1": 0.5642959475517273
        }
    }
}