{
    "confidence_score": 0.7966558337211609,
    "ptm": 0.5323044657707214,
    "iptm": 0.47960755228996277,
    "ligand_iptm": 0.0,
    "protein_iptm": 0.0,
    "complex_plddt": 0.8759178519248962,
    "complex_iplddt": 0.875917911529541,
    "complex_pde": 0.25306785106658936,
    "complex_ipde": 0.25436297059059143,
    "chains_ptm": {
        "0": 0.5872071385383606,
        "1": 0.5850009918212891
    },
    "pair_chains_iptm": {
        "0": {
            "0": 0.5872071385383606,
            "1": 0.47960755228996277
        },
        "1": {
            "0": 0.4767718017101288,
            "1": 0.5850009918212891
        }
    }
}