{
    "confidence_score": 0.7912235856056213,
    "ptm": 0.5025452971458435,
    "iptm": 0.46507951617240906,
    "ligand_iptm": 0.0,
    "protein_iptm": 0.0,
    "complex_plddt": 0.8727595806121826,
    "complex_iplddt": 0.8727595806121826,
    "complex_pde": 0.25418201088905334,
    "complex_ipde": 0.25591838359832764,
    "chains_ptm": {
        "0": 0.5611375570297241,
        "1": 0.5583563446998596
    },
    "pair_chains_iptm": {
        "0": {
            "0": 0.5611375570297241,
            "1": 0.46507951617240906
        },
        "1": {
            "0": 0.4581032693386078,
            "1": 0.5583563446998596
        }
    }
}