{
    "confidence_score": 0.7928259372711182,
    "ptm": 0.5163331627845764,
    "iptm": 0.4659517705440521,
    "ligand_iptm": 0.0,
    "protein_iptm": 0.0,
    "complex_plddt": 0.8745445013046265,
    "complex_iplddt": 0.8745445013046265,
    "complex_pde": 0.25371453166007996,
    "complex_ipde": 0.25525304675102234,
    "chains_ptm": {
        "0": 0.5741788744926453,
        "1": 0.566991925239563
    },
    "pair_chains_iptm": {
        "0": {
            "0": 0.5741788744926453,
            "1": 0.4659517705440521
        },
        "1": {
            "0": 0.45848703384399414,
            "1": 0.566991925239563
        }
    }
}