{
    "confidence_score": 0.7943944931030273,
    "ptm": 0.5256754755973816,
    "iptm": 0.4720160663127899,
    "ligand_iptm": 0.0,
    "protein_iptm": 0.0,
    "complex_plddt": 0.8749890923500061,
    "complex_iplddt": 0.8749890327453613,
    "complex_pde": 0.25358495116233826,
    "complex_ipde": 0.2550458610057831,
    "chains_ptm": {
        "0": 0.5702700614929199,
        "1": 0.5793344378471375
    },
    "pair_chains_iptm": {
        "0": {
            "0": 0.5702700614929199,
            "1": 0.4720160663127899
        },
        "1": {
            "0": 0.45719921588897705,
            "1": 0.5793344378471375
        }
    }
}