{
    "confidence_score": 0.7935478091239929,
    "ptm": 0.49458134174346924,
    "iptm": 0.4444250762462616,
    "ligand_iptm": 0.0,
    "protein_iptm": 0.0,
    "complex_plddt": 0.8808284401893616,
    "complex_iplddt": 0.8808284401893616,
    "complex_pde": 0.25545865297317505,
    "complex_ipde": 0.2578040361404419,
    "chains_ptm": {
        "0": 0.5505785942077637,
        "1": 0.5546223521232605
    },
    "pair_chains_iptm": {
        "0": {
            "0": 0.5505785942077637,
            "1": 0.4444250762462616
        },
        "1": {
            "0": 0.434474915266037,
            "1": 0.5546223521232605
        }
    }
}