{
    "confidence_score": 0.7575303316116333,
    "ptm": 0.9323544502258301,
    "iptm": 0.9172224998474121,
    "ligand_iptm": 0.0,
    "protein_iptm": 0.9172224998474121,
    "complex_plddt": 0.7176072597503662,
    "complex_iplddt": 0.7180147171020508,
    "complex_pde": 0.26718467473983765,
    "complex_ipde": 0.3430401384830475,
    "chains_ptm": {
        "0": 0.9444097876548767,
        "1": 0.9551669359207153
    },
    "pair_chains_iptm": {
        "0": {
            "0": 0.9444097876548767,
            "1": 0.9115544557571411
        },
        "1": {
            "0": 0.9172224998474121,
            "1": 0.9551669359207153
        }
    }
}