{
    "confidence_score": 0.771548867225647,
    "ptm": 0.8930888175964355,
    "iptm": 0.8594569563865662,
    "ligand_iptm": 0.0,
    "protein_iptm": 0.8594569563865662,
    "complex_plddt": 0.7495718002319336,
    "complex_iplddt": 0.748751699924469,
    "complex_pde": 0.31623223423957825,
    "complex_ipde": 0.6752445101737976,
    "chains_ptm": {
        "0": 0.9348809123039246,
        "1": 0.9396741390228271
    },
    "pair_chains_iptm": {
        "0": {
            "0": 0.9348809123039246,
            "1": 0.8594569563865662
        },
        "1": {
            "0": 0.842235267162323,
            "1": 0.9396741390228271
        }
    }
}