{
    "confidence_score": 0.7179384827613831,
    "ptm": 0.8984074592590332,
    "iptm": 0.8576734066009521,
    "ligand_iptm": 0.0,
    "protein_iptm": 0.8576734066009521,
    "complex_plddt": 0.6830047369003296,
    "complex_iplddt": 0.6859652400016785,
    "complex_pde": 0.34896358847618103,
    "complex_ipde": 0.9449642300605774,
    "chains_ptm": {
        "0": 0.9400491118431091,
        "1": 0.943038284778595
    },
    "pair_chains_iptm": {
        "0": {
            "0": 0.9400491118431091,
            "1": 0.8421384692192078
        },
        "1": {
            "0": 0.8576734066009521,
            "1": 0.943038284778595
        }
    }
}