{
    "confidence_score": 0.7751590013504028,
    "ptm": 0.9237546324729919,
    "iptm": 0.9018892049789429,
    "ligand_iptm": 0.0,
    "protein_iptm": 0.9018892049789429,
    "complex_plddt": 0.743476390838623,
    "complex_iplddt": 0.7520623803138733,
    "complex_pde": 0.293364018201828,
    "complex_ipde": 0.5272464156150818,
    "chains_ptm": {
        "0": 0.9430831670761108,
        "1": 0.953281819820404
    },
    "pair_chains_iptm": {
        "0": {
            "0": 0.9430831670761108,
            "1": 0.8996267318725586
        },
        "1": {
            "0": 0.9018892049789429,
            "1": 0.953281819820404
        }
    }
}