{
    "confidence_score": 0.7422508001327515,
    "ptm": 0.9045326709747314,
    "iptm": 0.8762604594230652,
    "ligand_iptm": 0.0,
    "protein_iptm": 0.8762604594230652,
    "complex_plddt": 0.7087483406066895,
    "complex_iplddt": 0.7003439664840698,
    "complex_pde": 0.3251607120037079,
    "complex_ipde": 0.728722095489502,
    "chains_ptm": {
        "0": 0.9303100109100342,
        "1": 0.9355625510215759
    },
    "pair_chains_iptm": {
        "0": {
            "0": 0.9303100109100342,
            "1": 0.8587430715560913
        },
        "1": {
            "0": 0.8762604594230652,
            "1": 0.9355625510215759
        }
    }
}