{
    "confidence_score": 0.7455291152000427,
    "ptm": 0.8841748833656311,
    "iptm": 0.8396763801574707,
    "ligand_iptm": 0.0,
    "protein_iptm": 0.8396763801574707,
    "complex_plddt": 0.7219922542572021,
    "complex_iplddt": 0.7209529280662537,
    "complex_pde": 0.3545951247215271,
    "complex_ipde": 0.9684702754020691,
    "chains_ptm": {
        "0": 0.9288340210914612,
        "1": 0.9345932602882385
    },
    "pair_chains_iptm": {
        "0": {
            "0": 0.9288340210914612,
            "1": 0.8396763801574707
        },
        "1": {
            "0": 0.835340678691864,
            "1": 0.9345932602882385
        }
    }
}