{
    "confidence_score": 0.7863224744796753,
    "ptm": 0.9226211905479431,
    "iptm": 0.9101782441139221,
    "ligand_iptm": 0.0,
    "protein_iptm": 0.9101782441139221,
    "complex_plddt": 0.7553585171699524,
    "complex_iplddt": 0.749767005443573,
    "complex_pde": 0.2879430949687958,
    "complex_ipde": 0.47288885712623596,
    "chains_ptm": {
        "0": 0.9339659214019775,
        "1": 0.9523269534111023
    },
    "pair_chains_iptm": {
        "0": {
            "0": 0.9339659214019775,
            "1": 0.8806577920913696
        },
        "1": {
            "0": 0.9101782441139221,
            "1": 0.9523269534111023
        }
    }
}