{
    "confidence_score": 0.7197036147117615,
    "ptm": 0.8683301210403442,
    "iptm": 0.8039475679397583,
    "ligand_iptm": 0.0,
    "protein_iptm": 0.8039475679397583,
    "complex_plddt": 0.6986425518989563,
    "complex_iplddt": 0.6906037330627441,
    "complex_pde": 0.3887180685997009,
    "complex_ipde": 1.2096669673919678,
    "chains_ptm": {
        "0": 0.9349418878555298,
        "1": 0.93279629945755
    },
    "pair_chains_iptm": {
        "0": {
            "0": 0.9349418878555298,
            "1": 0.7961565256118774
        },
        "1": {
            "0": 0.8039475679397583,
            "1": 0.93279629945755
        }
    }
}