{
    "confidence_score": 0.7832956314086914,
    "ptm": 0.88448166847229,
    "iptm": 0.8431364297866821,
    "ligand_iptm": 0.0,
    "protein_iptm": 0.8431364297866821,
    "complex_plddt": 0.7683354020118713,
    "complex_iplddt": 0.7658414840698242,
    "complex_pde": 0.3382631242275238,
    "complex_ipde": 0.8511675596237183,
    "chains_ptm": {
        "0": 0.9333193302154541,
        "1": 0.9376826882362366
    },
    "pair_chains_iptm": {
        "0": {
            "0": 0.9333193302154541,
            "1": 0.8359744548797607
        },
        "1": {
            "0": 0.8431364297866821,
            "1": 0.9376826882362366
        }
    }
}