{
    "confidence_score": 0.72850501537323,
    "ptm": 0.9134299755096436,
    "iptm": 0.8792929649353027,
    "ligand_iptm": 0.0,
    "protein_iptm": 0.8792929649353027,
    "complex_plddt": 0.6908079981803894,
    "complex_iplddt": 0.6942062377929688,
    "complex_pde": 0.3204655647277832,
    "complex_ipde": 0.7353205680847168,
    "chains_ptm": {
        "0": 0.9445546269416809,
        "1": 0.9477571249008179
    },
    "pair_chains_iptm": {
        "0": {
            "0": 0.9445546269416809,
            "1": 0.8629879951477051
        },
        "1": {
            "0": 0.8792929649353027,
            "1": 0.9477571249008179
        }
    }
}