{
    "confidence_score": 0.8114808201789856,
    "ptm": 0.8871458172798157,
    "iptm": 0.6395784020423889,
    "ligand_iptm": 0.0,
    "protein_iptm": 0.6395784020423889,
    "complex_plddt": 0.85445636510849,
    "complex_iplddt": 0.7700613737106323,
    "complex_pde": 0.490043967962265,
    "complex_ipde": 4.141841411590576,
    "chains_ptm": {
        "0": 0.9677720069885254,
        "1": 0.7932241559028625
    },
    "pair_chains_iptm": {
        "0": {
            "0": 0.9677720069885254,
            "1": 0.6395784020423889
        },
        "1": {
            "0": 0.62016761302948,
            "1": 0.7932241559028625
        }
    }
}