{
    "confidence_score": 0.8172381520271301,
    "ptm": 0.9115291833877563,
    "iptm": 0.6879584789276123,
    "ligand_iptm": 0.0,
    "protein_iptm": 0.6879584789276123,
    "complex_plddt": 0.8495580554008484,
    "complex_iplddt": 0.7760676145553589,
    "complex_pde": 0.43418511748313904,
    "complex_ipde": 3.6390018463134766,
    "chains_ptm": {
        "0": 0.97917640209198,
        "1": 0.8231116533279419
    },
    "pair_chains_iptm": {
        "0": {
            "0": 0.97917640209198,
            "1": 0.6845288872718811
        },
        "1": {
            "0": 0.6879584789276123,
            "1": 0.8231116533279419
        }
    }
}