{
    "confidence_score": 0.7932013869285583,
    "ptm": 0.8705678582191467,
    "iptm": 0.5645045638084412,
    "ligand_iptm": 0.0,
    "protein_iptm": 0.5645045638084412,
    "complex_plddt": 0.8503755927085876,
    "complex_iplddt": 0.7720531821250916,
    "complex_pde": 0.5309408903121948,
    "complex_ipde": 5.753007888793945,
    "chains_ptm": {
        "0": 0.966303825378418,
        "1": 0.8038145899772644
    },
    "pair_chains_iptm": {
        "0": {
            "0": 0.966303825378418,
            "1": 0.5645045638084412
        },
        "1": {
            "0": 0.5553216934204102,
            "1": 0.8038145899772644
        }
    }
}