{
    "confidence_score": 0.7510753870010376,
    "ptm": 0.8095285892486572,
    "iptm": 0.3904922902584076,
    "ligand_iptm": 0.0,
    "protein_iptm": 0.3904922902584076,
    "complex_plddt": 0.8412211537361145,
    "complex_iplddt": 0.7852660417556763,
    "complex_pde": 0.607786238193512,
    "complex_ipde": 10.138427734375,
    "chains_ptm": {
        "0": 0.9794088006019592,
        "1": 0.8421476483345032
    },
    "pair_chains_iptm": {
        "0": {
            "0": 0.9794088006019592,
            "1": 0.3904922902584076
        },
        "1": {
            "0": 0.25247013568878174,
            "1": 0.8421476483345032
        }
    }
}