{
    "confidence_score": 0.7758005261421204,
    "ptm": 0.8578988313674927,
    "iptm": 0.5156420469284058,
    "ligand_iptm": 0.0,
    "protein_iptm": 0.5156420469284058,
    "complex_plddt": 0.8408401608467102,
    "complex_iplddt": 0.7797252535820007,
    "complex_pde": 0.5762568712234497,
    "complex_ipde": 6.428680896759033,
    "chains_ptm": {
        "0": 0.9644597768783569,
        "1": 0.846063494682312
    },
    "pair_chains_iptm": {
        "0": {
            "0": 0.9644597768783569,
            "1": 0.45085278153419495
        },
        "1": {
            "0": 0.5156420469284058,
            "1": 0.846063494682312
        }
    }
}