{
    "confidence_score": 0.7735212445259094,
    "ptm": 0.8594993948936462,
    "iptm": 0.5051146745681763,
    "ligand_iptm": 0.0,
    "protein_iptm": 0.5051146745681763,
    "complex_plddt": 0.8406229019165039,
    "complex_iplddt": 0.7933503985404968,
    "complex_pde": 0.5667102932929993,
    "complex_ipde": 6.185917377471924,
    "chains_ptm": {
        "0": 0.9665426015853882,
        "1": 0.7858898043632507
    },
    "pair_chains_iptm": {
        "0": {
            "0": 0.9665426015853882,
            "1": 0.5037208795547485
        },
        "1": {
            "0": 0.5051146745681763,
            "1": 0.7858898043632507
        }
    }
}