{
    "confidence_score": 0.8065293431282043,
    "ptm": 0.9013600945472717,
    "iptm": 0.6750597357749939,
    "ligand_iptm": 0.0,
    "protein_iptm": 0.6750597357749939,
    "complex_plddt": 0.8393967747688293,
    "complex_iplddt": 0.784407913684845,
    "complex_pde": 0.4776424765586853,
    "complex_ipde": 3.9272730350494385,
    "chains_ptm": {
        "0": 0.9702672362327576,
        "1": 0.835966944694519
    },
    "pair_chains_iptm": {
        "0": {
            "0": 0.9702672362327576,
            "1": 0.6597902774810791
        },
        "1": {
            "0": 0.6750597357749939,
            "1": 0.835966944694519
        }
    }
}