{
    "confidence_score": 0.7994076609611511,
    "ptm": 0.8956452012062073,
    "iptm": 0.6618014574050903,
    "ligand_iptm": 0.0,
    "protein_iptm": 0.6618014574050903,
    "complex_plddt": 0.8338092565536499,
    "complex_iplddt": 0.7487844228744507,
    "complex_pde": 0.47122272849082947,
    "complex_ipde": 4.1776885986328125,
    "chains_ptm": {
        "0": 0.9716182351112366,
        "1": 0.8089863061904907
    },
    "pair_chains_iptm": {
        "0": {
            "0": 0.9716182351112366,
            "1": 0.6618014574050903
        },
        "1": {
            "0": 0.6455248594284058,
            "1": 0.8089863061904907
        }
    }
}