{
    "confidence_score": 0.753180980682373,
    "ptm": 0.8396854996681213,
    "iptm": 0.4226608872413635,
    "ligand_iptm": 0.0,
    "protein_iptm": 0.4226608872413635,
    "complex_plddt": 0.8358110189437866,
    "complex_iplddt": 0.7529396414756775,
    "complex_pde": 0.6437918543815613,
    "complex_ipde": 8.675366401672363,
    "chains_ptm": {
        "0": 0.9664173722267151,
        "1": 0.7708855867385864
    },
    "pair_chains_iptm": {
        "0": {
            "0": 0.9664173722267151,
            "1": 0.3946249783039093
        },
        "1": {
            "0": 0.4226608872413635,
            "1": 0.7708855867385864
        }
    }
}