{
    "confidence_score": 0.846015453338623,
    "ptm": 0.9484224915504456,
    "iptm": 0.8511775135993958,
    "ligand_iptm": 0.0,
    "protein_iptm": 0.8511775135993958,
    "complex_plddt": 0.8447248935699463,
    "complex_iplddt": 0.7784635424613953,
    "complex_pde": 0.3735863268375397,
    "complex_ipde": 1.8320019245147705,
    "chains_ptm": {
        "0": 0.9783199429512024,
        "1": 0.9016798138618469
    },
    "pair_chains_iptm": {
        "0": {
            "0": 0.9783199429512024,
            "1": 0.7968475818634033
        },
        "1": {
            "0": 0.8511775135993958,
            "1": 0.9016798138618469
        }
    }
}