{
    "confidence_score": 0.70465487241745,
    "ptm": 0.6049174666404724,
    "iptm": 0.6200698018074036,
    "ligand_iptm": 0.0,
    "protein_iptm": 0.0,
    "complex_plddt": 0.7258011698722839,
    "complex_iplddt": 0.7238367199897766,
    "complex_pde": 0.2819620668888092,
    "complex_ipde": 0.3011166453361511,
    "chains_ptm": {
        "0": 0.6646928787231445,
        "1": 0.6676090955734253
    },
    "pair_chains_iptm": {
        "0": {
            "0": 0.6646928787231445,
            "1": 0.6075050830841064
        },
        "1": {
            "0": 0.6200698018074036,
            "1": 0.6676090955734253
        }
    }
}