{
    "confidence_score": 0.6531984806060791,
    "ptm": 0.5578677654266357,
    "iptm": 0.5242146849632263,
    "ligand_iptm": 0.0,
    "protein_iptm": 0.0,
    "complex_plddt": 0.6854444146156311,
    "complex_iplddt": 0.68300461769104,
    "complex_pde": 0.29457888007164,
    "complex_ipde": 0.3146146535873413,
    "chains_ptm": {
        "0": 0.6250566840171814,
        "1": 0.6258389353752136
    },
    "pair_chains_iptm": {
        "0": {
            "0": 0.6250566840171814,
            "1": 0.524211585521698
        },
        "1": {
            "0": 0.5242146849632263,
            "1": 0.6258389353752136
        }
    }
}