{
    "confidence_score": 0.5984171032905579,
    "ptm": 0.5351198315620422,
    "iptm": 0.5724268555641174,
    "ligand_iptm": 0.0,
    "protein_iptm": 0.0,
    "complex_plddt": 0.604914665222168,
    "complex_iplddt": 0.6140146851539612,
    "complex_pde": 0.3883321285247803,
    "complex_ipde": 0.45839279890060425,
    "chains_ptm": {
        "0": 0.6025407314300537,
        "1": 0.606491208076477
    },
    "pair_chains_iptm": {
        "0": {
            "0": 0.6025407314300537,
            "1": 0.5614022612571716
        },
        "1": {
            "0": 0.5724268555641174,
            "1": 0.606491208076477
        }
    }
}