{
    "confidence_score": 0.6418390274047852,
    "ptm": 0.506247341632843,
    "iptm": 0.5073913335800171,
    "ligand_iptm": 0.0,
    "protein_iptm": 0.0,
    "complex_plddt": 0.6754509806632996,
    "complex_iplddt": 0.6780965924263,
    "complex_pde": 0.3417571485042572,
    "complex_ipde": 0.3758960962295532,
    "chains_ptm": {
        "0": 0.5740809440612793,
        "1": 0.5777080655097961
    },
    "pair_chains_iptm": {
        "0": {
            "0": 0.5740809440612793,
            "1": 0.5073913335800171
        },
        "1": {
            "0": 0.5013625025749207,
            "1": 0.5777080655097961
        }
    }
}