{
    "confidence_score": 0.6557995676994324,
    "ptm": 0.5646139979362488,
    "iptm": 0.5902108550071716,
    "ligand_iptm": 0.0,
    "protein_iptm": 0.0,
    "complex_plddt": 0.6721966862678528,
    "complex_iplddt": 0.6697483062744141,
    "complex_pde": 0.31273022294044495,
    "complex_ipde": 0.35392993688583374,
    "chains_ptm": {
        "0": 0.6382952332496643,
        "1": 0.6423808336257935
    },
    "pair_chains_iptm": {
        "0": {
            "0": 0.6382952332496643,
            "1": 0.5888850688934326
        },
        "1": {
            "0": 0.5902108550071716,
            "1": 0.6423808336257935
        }
    }
}