{
    "confidence_score": 0.5641283392906189,
    "ptm": 0.5344115495681763,
    "iptm": 0.4974725842475891,
    "ligand_iptm": 0.0,
    "protein_iptm": 0.0,
    "complex_plddt": 0.580792248249054,
    "complex_iplddt": 0.580188512802124,
    "complex_pde": 0.34854477643966675,
    "complex_ipde": 0.4105519950389862,
    "chains_ptm": {
        "0": 0.6272721290588379,
        "1": 0.6146969199180603
    },
    "pair_chains_iptm": {
        "0": {
            "0": 0.6272721290588379,
            "1": 0.4974725842475891
        },
        "1": {
            "0": 0.47329726815223694,
            "1": 0.6146969199180603
        }
    }
}