{
    "confidence_score": 0.664916455745697,
    "ptm": 0.5229583382606506,
    "iptm": 0.5319753885269165,
    "ligand_iptm": 0.0,
    "protein_iptm": 0.0,
    "complex_plddt": 0.6981516480445862,
    "complex_iplddt": 0.7058650255203247,
    "complex_pde": 0.34471994638442993,
    "complex_ipde": 0.3867848217487335,
    "chains_ptm": {
        "0": 0.5814157724380493,
        "1": 0.5849789977073669
    },
    "pair_chains_iptm": {
        "0": {
            "0": 0.5814157724380493,
            "1": 0.5223850607872009
        },
        "1": {
            "0": 0.5319753885269165,
            "1": 0.5849789977073669
        }
    }
}