{
    "confidence_score": 0.5451644659042358,
    "ptm": 0.4595777094364166,
    "iptm": 0.37397247552871704,
    "ligand_iptm": 0.0,
    "protein_iptm": 0.0,
    "complex_plddt": 0.5879624485969543,
    "complex_iplddt": 0.6207241415977478,
    "complex_pde": 0.5663168430328369,
    "complex_ipde": 0.7669176459312439,
    "chains_ptm": {
        "0": 0.5778703689575195,
        "1": 0.5724478363990784
    },
    "pair_chains_iptm": {
        "0": {
            "0": 0.5778703689575195,
            "1": 0.37397247552871704
        },
        "1": {
            "0": 0.37344855070114136,
            "1": 0.5724478363990784
        }
    }
}