{
    "confidence_score": 0.6391794085502625,
    "ptm": 0.4904833137989044,
    "iptm": 0.49680906534194946,
    "ligand_iptm": 0.0,
    "protein_iptm": 0.0,
    "complex_plddt": 0.6747720241546631,
    "complex_iplddt": 0.6732736825942993,
    "complex_pde": 0.4109380841255188,
    "complex_ipde": 0.4806402921676636,
    "chains_ptm": {
        "0": 0.5113325119018555,
        "1": 0.5503105521202087
    },
    "pair_chains_iptm": {
        "0": {
            "0": 0.5113325119018555,
            "1": 0.45287084579467773
        },
        "1": {
            "0": 0.49680906534194946,
            "1": 0.5503105521202087
        }
    }
}