{
    "confidence_score": 0.7106357216835022,
    "ptm": 0.5936692953109741,
    "iptm": 0.5883150696754456,
    "ligand_iptm": 0.0,
    "protein_iptm": 0.0,
    "complex_plddt": 0.7412158846855164,
    "complex_iplddt": 0.73907071352005,
    "complex_pde": 0.286510169506073,
    "complex_ipde": 0.3108578026294708,
    "chains_ptm": {
        "0": 0.6567454934120178,
        "1": 0.656480610370636
    },
    "pair_chains_iptm": {
        "0": {
            "0": 0.6567454934120178,
            "1": 0.573424220085144
        },
        "1": {
            "0": 0.5883150696754456,
            "1": 0.656480610370636
        }
    }
}