{
    "confidence_score": 0.9495770335197449,
    "ptm": 0.8877636194229126,
    "iptm": 0.872621476650238,
    "ligand_iptm": 0.0,
    "protein_iptm": 0.872621476650238,
    "complex_plddt": 0.9688159823417664,
    "complex_iplddt": 0.9726955890655518,
    "complex_pde": 0.32209309935569763,
    "complex_ipde": 0.4918353855609894,
    "chains_ptm": {
        "0": 0.9153643846511841,
        "1": 0.9095981121063232
    },
    "pair_chains_iptm": {
        "0": {
            "0": 0.9153643846511841,
            "1": 0.8515898585319519
        },
        "1": {
            "0": 0.872621476650238,
            "1": 0.9095981121063232
        }
    }
}