{
    "confidence_score": 0.9533199667930603,
    "ptm": 0.9098218083381653,
    "iptm": 0.8924974203109741,
    "ligand_iptm": 0.0,
    "protein_iptm": 0.8924974203109741,
    "complex_plddt": 0.9685255885124207,
    "complex_iplddt": 0.9659667015075684,
    "complex_pde": 0.27953866124153137,
    "complex_ipde": 0.34408941864967346,
    "chains_ptm": {
        "0": 0.9312301874160767,
        "1": 0.923462986946106
    },
    "pair_chains_iptm": {
        "0": {
            "0": 0.9312301874160767,
            "1": 0.8924974203109741
        },
        "1": {
            "0": 0.8923340439796448,
            "1": 0.923462986946106
        }
    }
}