{
    "confidence_score": 0.9552813768386841,
    "ptm": 0.910389244556427,
    "iptm": 0.8974076509475708,
    "ligand_iptm": 0.0,
    "protein_iptm": 0.8974076509475708,
    "complex_plddt": 0.9697498083114624,
    "complex_iplddt": 0.966579258441925,
    "complex_pde": 0.29147452116012573,
    "complex_ipde": 0.3858911097049713,
    "chains_ptm": {
        "0": 0.9293291568756104,
        "1": 0.9315168857574463
    },
    "pair_chains_iptm": {
        "0": {
            "0": 0.9293291568756104,
            "1": 0.8974076509475708
        },
        "1": {
            "0": 0.8923458456993103,
            "1": 0.9315168857574463
        }
    }
}