{
    "confidence_score": 0.9590951800346375,
    "ptm": 0.9090167284011841,
    "iptm": 0.8965188264846802,
    "ligand_iptm": 0.0,
    "protein_iptm": 0.8965188264846802,
    "complex_plddt": 0.9747392535209656,
    "complex_iplddt": 0.9723044633865356,
    "complex_pde": 0.2921203672885895,
    "complex_ipde": 0.3993624150753021,
    "chains_ptm": {
        "0": 0.9293582439422607,
        "1": 0.9294671416282654
    },
    "pair_chains_iptm": {
        "0": {
            "0": 0.9293582439422607,
            "1": 0.8965188264846802
        },
        "1": {
            "0": 0.8959487676620483,
            "1": 0.9294671416282654
        }
    }
}