{
    "confidence_score": 0.954757034778595,
    "ptm": 0.9000523686408997,
    "iptm": 0.8817221522331238,
    "ligand_iptm": 0.0,
    "protein_iptm": 0.8817221522331238,
    "complex_plddt": 0.9730157852172852,
    "complex_iplddt": 0.9762848019599915,
    "complex_pde": 0.3051052987575531,
    "complex_ipde": 0.4374781548976898,
    "chains_ptm": {
        "0": 0.9182630777359009,
        "1": 0.922291100025177
    },
    "pair_chains_iptm": {
        "0": {
            "0": 0.9182630777359009,
            "1": 0.8817221522331238
        },
        "1": {
            "0": 0.879361093044281,
            "1": 0.922291100025177
        }
    }
}