{
    "confidence_score": 0.9575685858726501,
    "ptm": 0.9101471900939941,
    "iptm": 0.8977768421173096,
    "ligand_iptm": 0.0,
    "protein_iptm": 0.8977768421173096,
    "complex_plddt": 0.9725164175033569,
    "complex_iplddt": 0.9695206880569458,
    "complex_pde": 0.2939090430736542,
    "complex_ipde": 0.40223240852355957,
    "chains_ptm": {
        "0": 0.92814040184021,
        "1": 0.9311895966529846
    },
    "pair_chains_iptm": {
        "0": {
            "0": 0.92814040184021,
            "1": 0.8977768421173096
        },
        "1": {
            "0": 0.8941245675086975,
            "1": 0.9311895966529846
        }
    }
}