{
    "confidence_score": 0.9557609558105469,
    "ptm": 0.9056284427642822,
    "iptm": 0.8920204639434814,
    "ligand_iptm": 0.0,
    "protein_iptm": 0.8920204639434814,
    "complex_plddt": 0.9716960787773132,
    "complex_iplddt": 0.9746299982070923,
    "complex_pde": 0.303265780210495,
    "complex_ipde": 0.44300928711891174,
    "chains_ptm": {
        "0": 0.9272555708885193,
        "1": 0.9256980419158936
    },
    "pair_chains_iptm": {
        "0": {
            "0": 0.9272555708885193,
            "1": 0.8877525925636292
        },
        "1": {
            "0": 0.8920204639434814,
            "1": 0.9256980419158936
        }
    }
}