{
    "confidence_score": 0.9574646353721619,
    "ptm": 0.9010348320007324,
    "iptm": 0.8869060277938843,
    "ligand_iptm": 0.0,
    "protein_iptm": 0.8869060277938843,
    "complex_plddt": 0.9751042127609253,
    "complex_iplddt": 0.9750419855117798,
    "complex_pde": 0.323038786649704,
    "complex_ipde": 0.5264580249786377,
    "chains_ptm": {
        "0": 0.9235125184059143,
        "1": 0.9243829846382141
    },
    "pair_chains_iptm": {
        "0": {
            "0": 0.9235125184059143,
            "1": 0.8869060277938843
        },
        "1": {
            "0": 0.8813494443893433,
            "1": 0.9243829846382141
        }
    }
}