{
    "confidence_score": 0.9469118118286133,
    "ptm": 0.9011118412017822,
    "iptm": 0.8855217695236206,
    "ligand_iptm": 0.0,
    "protein_iptm": 0.8855217695236206,
    "complex_plddt": 0.9622592926025391,
    "complex_iplddt": 0.9613589644432068,
    "complex_pde": 0.2886352241039276,
    "complex_ipde": 0.3658783435821533,
    "chains_ptm": {
        "0": 0.9169484376907349,
        "1": 0.9243510365486145
    },
    "pair_chains_iptm": {
        "0": {
            "0": 0.9169484376907349,
            "1": 0.8855217695236206
        },
        "1": {
            "0": 0.8813795447349548,
            "1": 0.9243510365486145
        }
    }
}