{
    "confidence_score": 0.956468403339386,
    "ptm": 0.8980545997619629,
    "iptm": 0.8811631798744202,
    "ligand_iptm": 0.0,
    "protein_iptm": 0.8811631798744202,
    "complex_plddt": 0.9752947092056274,
    "complex_iplddt": 0.9755257964134216,
    "complex_pde": 0.3216593563556671,
    "complex_ipde": 0.5151805877685547,
    "chains_ptm": {
        "0": 0.9246435761451721,
        "1": 0.9222481846809387
    },
    "pair_chains_iptm": {
        "0": {
            "0": 0.9246435761451721,
            "1": 0.8808095455169678
        },
        "1": {
            "0": 0.8811631798744202,
            "1": 0.9222481846809387
        }
    }
}