{
    "confidence_score": 0.7291648387908936,
    "ptm": 0.6631152629852295,
    "iptm": 0.0,
    "ligand_iptm": 0.0,
    "protein_iptm": 0.0,
    "complex_plddt": 0.7456772327423096,
    "complex_iplddt": 0.7456772327423096,
    "complex_pde": 1.7681806087493896,
    "complex_ipde": 0.0,
    "chains_ptm": {
        "0": 0.6631152629852295
    },
    "pair_chains_iptm": {
        "0": {
            "0": 0.6631152629852295
        }
    }
}