{
    "confidence_score": 0.8959084749221802,
    "ptm": 0.8968176245689392,
    "iptm": 0.8619384169578552,
    "ligand_iptm": 0.0,
    "protein_iptm": 0.8619384169578552,
    "complex_plddt": 0.9044010043144226,
    "complex_iplddt": 0.8649206161499023,
    "complex_pde": 0.5106014013290405,
    "complex_ipde": 3.6267731189727783,
    "chains_ptm": {
        "0": 0.9330594539642334,
        "1": 0.9693728089332581
    },
    "pair_chains_iptm": {
        "0": {
            "0": 0.9330594539642334,
            "1": 0.8073974847793579
        },
        "1": {
            "0": 0.8619384169578552,
            "1": 0.9693728089332581
        }
    }
}