{
    "confidence_score": 0.8923571705818176,
    "ptm": 0.8884687423706055,
    "iptm": 0.8418623208999634,
    "ligand_iptm": 0.0,
    "protein_iptm": 0.8418623208999634,
    "complex_plddt": 0.9049808382987976,
    "complex_iplddt": 0.8694690465927124,
    "complex_pde": 0.5399354696273804,
    "complex_ipde": 4.180043697357178,
    "chains_ptm": {
        "0": 0.9301496744155884,
        "1": 0.9652283191680908
    },
    "pair_chains_iptm": {
        "0": {
            "0": 0.9301496744155884,
            "1": 0.7877359986305237
        },
        "1": {
            "0": 0.8418623208999634,
            "1": 0.9652283191680908
        }
    }
}