{
    "confidence_score": 0.8981789946556091,
    "ptm": 0.8925302624702454,
    "iptm": 0.8697566986083984,
    "ligand_iptm": 0.0,
    "protein_iptm": 0.8697566986083984,
    "complex_plddt": 0.9052845239639282,
    "complex_iplddt": 0.862590491771698,
    "complex_pde": 0.4946025311946869,
    "complex_ipde": 3.2105815410614014,
    "chains_ptm": {
        "0": 0.9264740347862244,
        "1": 0.9671252965927124
    },
    "pair_chains_iptm": {
        "0": {
            "0": 0.9264740347862244,
            "1": 0.8022217154502869
        },
        "1": {
            "0": 0.8697566986083984,
            "1": 0.9671252965927124
        }
    }
}