{
    "confidence_score": 0.894848644733429,
    "ptm": 0.8895593285560608,
    "iptm": 0.8601371049880981,
    "ligand_iptm": 0.0,
    "protein_iptm": 0.8601371049880981,
    "complex_plddt": 0.9035265445709229,
    "complex_iplddt": 0.8597999811172485,
    "complex_pde": 0.5103065967559814,
    "complex_ipde": 3.2961204051971436,
    "chains_ptm": {
        "0": 0.9241228103637695,
        "1": 0.9658237099647522
    },
    "pair_chains_iptm": {
        "0": {
            "0": 0.9241228103637695,
            "1": 0.8000450730323792
        },
        "1": {
            "0": 0.8601371049880981,
            "1": 0.9658237099647522
        }
    }
}