{
    "confidence_score": 0.8942288756370544,
    "ptm": 0.8904620409011841,
    "iptm": 0.8536228537559509,
    "ligand_iptm": 0.0,
    "protein_iptm": 0.8536228537559509,
    "complex_plddt": 0.9043803215026855,
    "complex_iplddt": 0.8596553802490234,
    "complex_pde": 0.521016538143158,
    "complex_ipde": 3.5678770542144775,
    "chains_ptm": {
        "0": 0.9273337721824646,
        "1": 0.9650216102600098
    },
    "pair_chains_iptm": {
        "0": {
            "0": 0.9273337721824646,
            "1": 0.7964215278625488
        },
        "1": {
            "0": 0.8536228537559509,
            "1": 0.9650216102600098
        }
    }
}