{"records": [{"id": "9ezp_union", "structure": {"resolution": null, "method": null, "deposited": null, "released": null, "revised": null, "num_chains": 2, "num_interfaces": null, "pH": null, "temperature": null}, "chains": [{"chain_id": 0, "chain_name": "A", "mol_type": 0, "cluster_id": -1, "msa_id": "9ezp_union_0", "num_residues": 57, "valid": true, "entity_id": 0}, {"chain_id": 1, "chain_name": "B", "mol_type": 0, "cluster_id": -1, "msa_id": "9ezp_union_1", "num_residues": 19, "valid": true, "entity_id": 1}], "interfaces": [], "inference_options": {"pocket_constraints": [], "contact_constraints": [], "atom_contact_constraints": [], "atom_contact_union_constraints": [[[[0, 26, 196], [0, 39, 312], 9.82595, true], [[0, 26, 196], [0, 39, 313], 9.82595, true]], [[[0, 28, 211], [0, 39, 312], 8.745107, true], [[0, 28, 211], [0, 39, 313], 8.745107, true]], [[[0, 29, 219], [0, 44, 352], 9.4, true], [[0, 29, 219], [0, 44, 353], 9.4, true]], [[[0, 36, 278], [0, 46, 366], 10.846747, true], [[0, 36, 278], [0, 46, 367], 10.846747, true]], [[[0, 37, 292], [0, 44, 352], 9.4, true], [[0, 37, 292], [0, 44, 353], 9.4, true]], [[[0, 38, 303], [0, 44, 352], 8.05, true], [[0, 38, 303], [0, 44, 353], 8.05, true]], [[[0, 39, 312], [0, 40, 314], 9.82595, true], [[0, 39, 313], [0, 40, 314], 9.82595, true]], [[[0, 39, 312], [0, 40, 314], 9.82595, true], [[0, 39, 313], [0, 40, 314], 9.82595, true]], [[[0, 19, 146], [0, 40, 314], 8.05, true], [[0, 19, 147], [0, 40, 314], 8.05, true]], [[[0, 39, 312], [0, 42, 329], 8.745107, true], [[0, 39, 313], [0, 42, 329], 8.745107, true]], [[[0, 39, 312], [0, 43, 333], 10.846747, true], [[0, 39, 313], [0, 43, 333], 10.846747, true]], [[[0, 39, 312], [0, 44, 344], 9.82595, true], [[0, 39, 313], [0, 44, 344], 9.82595, true]], [[[0, 44, 350], [0, 45, 356], 7.05, true], [[0, 44, 351], [0, 45, 356], 7.05, true]], [[[0, 39, 312], [0, 45, 356], 9.82595, true], [[0, 39, 313], [0, 45, 356], 9.82595, true]], [[[0, 44, 352], [0, 45, 356], 8.05, true], [[0, 44, 353], [0, 45, 356], 8.05, true]], [[[0, 19, 146], [0, 46, 360], 8.05, true], [[0, 19, 147], [0, 46, 360], 8.05, true]], [[[0, 19, 144], [0, 46, 360], 9.4, true], [[0, 19, 145], [0, 46, 360], 9.4, true]], [[[0, 19, 146], [0, 38, 303], 7.05, true], [[0, 19, 147], [0, 38, 303], 7.05, true]], [[[0, 50, 391], [0, 51, 405], 8.05, true], [[0, 50, 391], [0, 51, 406], 8.05, true]], [[[0, 50, 391], [0, 52, 416], 11.567309, true], [[0, 50, 391], [0, 52, 417], 11.567309, true]], [[[0, 50, 391], [0, 52, 416], 11.567309, true], [[0, 50, 391], [0, 52, 417], 11.567309, true]], [[[0, 50, 391], [0, 51, 407], 9.4, true], [[0, 50, 391], [0, 51, 408], 9.4, true]], [[[0, 51, 399], [0, 52, 416], 11.567309, true], [[0, 51, 399], [0, 52, 417], 11.567309, true]], [[[0, 7, 50], [0, 51, 399], 9.4, true], [[0, 7, 51], [0, 51, 399], 9.4, true]], [[[0, 51, 399], [0, 52, 416], 11.567309, true], [[0, 51, 399], [0, 52, 417], 11.567309, true]], [[[0, 4, 29], [0, 53, 418], 8.745107, true], [[0, 4, 30], [0, 53, 418], 8.745107, true]], [[[0, 52, 416], [0, 53, 418], 9.82595, true], [[0, 52, 417], [0, 53, 418], 9.82595, true]], [[[0, 6, 42], [0, 53, 418], 9.82595, true], [[0, 6, 43], [0, 53, 418], 9.82595, true]], [[[0, 52, 416], [0, 54, 427], 11.567309, true], [[0, 52, 417], [0, 54, 427], 11.567309, true]], [[[0, 5, 31], [0, 52, 416], 9.82595, true], [[0, 5, 31], [0, 52, 417], 9.82595, true]], [[[0, 6, 42], [0, 54, 427], 10.846747, true], [[0, 6, 43], [0, 54, 427], 10.846747, true]], [[[0, 52, 416], [0, 54, 427], 11.567309, true], [[0, 52, 417], [0, 54, 427], 11.567309, true]], [[[0, 4, 29], [0, 55, 435], 9.82595, true], [[0, 4, 30], [0, 55, 435], 9.82595, true]], [[[0, 3, 20], [0, 52, 416], 11.066887, true], [[0, 3, 20], [0, 52, 417], 11.066887, true]], [[[0, 3, 20], [0, 4, 29], 8.785107, true], [[0, 3, 20], [0, 4, 30], 8.785107, true]], [[[0, 3, 23], [0, 52, 416], 10.100261, true], [[0, 3, 23], [0, 52, 417], 10.100261, true]], [[[0, 3, 23], [0, 4, 29], 10.100261, true], [[0, 3, 23], [0, 4, 30], 10.100261, true]], [[[0, 4, 29], [0, 5, 32], 8.953238, true], [[0, 4, 30], [0, 5, 32], 8.953238, true]], [[[0, 5, 32], [0, 52, 416], 8.785107, true], [[0, 5, 32], [0, 52, 417], 8.785107, true]], [[[0, 7, 50], [0, 52, 412], 9.59, true], [[0, 7, 51], [0, 52, 412], 9.59, true]], [[[0, 6, 37], [0, 7, 50], 8.09, true], [[0, 6, 37], [0, 7, 51], 8.09, true]], [[[0, 6, 36], [0, 52, 416], 10.846747, true], [[0, 6, 36], [0, 52, 417], 10.846747, true]], [[[0, 6, 41], [0, 7, 50], 6.99, true], [[0, 6, 41], [0, 7, 51], 6.99, true]], [[[0, 6, 40], [0, 7, 50], 6.99, true], [[0, 6, 40], [0, 7, 51], 6.99, true]], [[[0, 6, 42], [0, 7, 50], 8.785107, true], [[0, 6, 42], [0, 7, 51], 8.785107, true], [[0, 6, 43], [0, 7, 50], 8.785107, true], [[0, 6, 43], [0, 7, 51], 8.785107, true]], [[[0, 7, 52], [0, 52, 412], 9.39, true], [[0, 7, 53], [0, 52, 412], 9.39, true]], [[[0, 6, 37], [0, 7, 52], 8.09, true], [[0, 6, 37], [0, 7, 53], 8.09, true]], [[[0, 6, 41], [0, 7, 52], 8.09, true], [[0, 6, 41], [0, 7, 53], 8.09, true]], [[[0, 6, 40], [0, 7, 52], 6.99, true], [[0, 6, 40], [0, 7, 53], 6.99, true]], [[[0, 6, 40], [0, 7, 52], 6.99, true], [[0, 6, 40], [0, 7, 53], 6.99, true]], [[[0, 6, 42], [0, 7, 52], 8.785107, true], [[0, 6, 42], [0, 7, 53], 8.785107, true], [[0, 6, 43], [0, 7, 52], 8.785107, true], [[0, 6, 43], [0, 7, 53], 8.785107, true]], [[[0, 8, 57], [0, 52, 416], 12.568058, true], [[0, 8, 57], [0, 52, 417], 12.568058, true]], [[[0, 9, 72], [0, 18, 136], 9.59, true], [[0, 9, 73], [0, 18, 136], 9.59, true]], [[[0, 9, 72], [0, 18, 133], 9.59, true], [[0, 9, 73], [0, 18, 133], 9.59, true]], [[[0, 9, 72], [0, 48, 385], 8.09, true], [[0, 9, 73], [0, 48, 385], 8.09, true]], [[[0, 9, 72], [0, 50, 395], 8.09, true], [[0, 9, 73], [0, 50, 395], 8.09, true]], [[[0, 9, 72], [0, 50, 395], 8.09, true], [[0, 9, 73], [0, 50, 395], 8.09, true]], [[[0, 2, 12], [0, 54, 433], 10.846747, true], [[0, 2, 12], [0, 54, 434], 10.846747, true]], [[[0, 19, 144], [0, 51, 403], 9.59, true], [[0, 19, 145], [0, 51, 403], 9.59, true]], [[[0, 8, 60], [0, 19, 144], 9.59, true], [[0, 8, 60], [0, 19, 145], 9.59, true]], [[[0, 19, 144], [0, 25, 193], 6.140001, true], [[0, 19, 145], [0, 25, 193], 6.140001, true]], [[[0, 9, 68], [0, 19, 146], 8.09, true], [[0, 9, 68], [0, 19, 147], 8.09, true]], [[[0, 6, 36], [0, 52, 416], 10.846747, true], [[0, 6, 36], [0, 52, 417], 10.846747, true]], [[[0, 19, 146], [0, 28, 217], 8.953238, true], [[0, 19, 147], [0, 28, 217], 8.953238, true]], [[[0, 6, 36], [0, 7, 50], 8.05, true], [[0, 6, 36], [0, 7, 51], 8.05, true]], [[[0, 29, 224], [0, 54, 433], 11.066887, true], [[0, 29, 224], [0, 54, 434], 11.066887, true]], [[[0, 31, 240], [0, 46, 366], 10.8267, true], [[0, 31, 240], [0, 46, 367], 10.8267, true]], [[[0, 6, 36], [0, 7, 52], 9.4, true], [[0, 6, 36], [0, 7, 53], 9.4, true]], [[[0, 35, 268], [0, 46, 366], 8.785107, true], [[0, 35, 268], [0, 46, 367], 8.785107, true]], [[[0, 35, 268], [0, 46, 366], 8.785107, true], [[0, 35, 268], [0, 46, 367], 8.785107, true]], [[[0, 35, 274], [0, 46, 366], 8.785107, true], [[0, 35, 274], [0, 46, 367], 8.785107, true]], [[[0, 35, 277], [0, 46, 366], 11.066887, true], [[0, 35, 277], [0, 46, 367], 11.066887, true]], [[[0, 35, 275], [0, 46, 366], 12.568058, true], [[0, 35, 275], [0, 46, 367], 12.568058, true]], [[[0, 35, 276], [0, 46, 366], 8.953238, true], [[0, 35, 276], [0, 46, 367], 8.953238, true]], [[[0, 36, 279], [0, 54, 433], 12.568058, true], [[0, 36, 279], [0, 54, 434], 12.568058, true]], [[[0, 36, 279], [0, 46, 366], 12.568058, true], [[0, 36, 279], [0, 46, 367], 12.568058, true]], [[[0, 36, 279], [0, 54, 433], 12.568058, true], [[0, 36, 279], [0, 54, 434], 12.568058, true]], [[[0, 36, 279], [0, 46, 366], 12.568058, true], [[0, 36, 279], [0, 46, 367], 12.568058, true]], [[[0, 36, 291], [0, 52, 416], 8.785107, true], [[0, 36, 291], [0, 52, 417], 8.785107, true]], [[[0, 6, 42], [0, 7, 44], 9.82595, true], [[0, 6, 43], [0, 7, 44], 9.82595, true]], [[[0, 37, 293], [0, 46, 366], 8.785107, true], [[0, 37, 293], [0, 46, 367], 