{
    "confidence_score": 0.8105908632278442,
    "ptm": 0.8829370737075806,
    "iptm": 0.8789588809013367,
    "ligand_iptm": 0.0,
    "protein_iptm": 0.8789588809013367,
    "complex_plddt": 0.7934988737106323,
    "complex_iplddt": 0.7745144963264465,
    "complex_pde": 0.4533519148826599,
    "complex_ipde": 0.9285888671875,
    "chains_ptm": {
        "0": 0.9056910276412964,
        "1": 0.9020256996154785
    },
    "pair_chains_iptm": {
        "0": {
            "0": 0.9056910276412964,
            "1": 0.8695590496063232
        },
        "1": {
            "0": 0.8789588809013367,
            "1": 0.9020256996154785
        }
    }
}