{
    "confidence_score": 0.8311805129051208,
    "ptm": 0.9288263320922852,
    "iptm": 0.9232096076011658,
    "ligand_iptm": 0.0,
    "protein_iptm": 0.9232096076011658,
    "complex_plddt": 0.8081731796264648,
    "complex_iplddt": 0.7907150387763977,
    "complex_pde": 0.38439032435417175,
    "complex_ipde": 0.8011449575424194,
    "chains_ptm": {
        "0": 0.9411592483520508,
        "1": 0.9486355185508728
    },
    "pair_chains_iptm": {
        "0": {
            "0": 0.9411592483520508,
            "1": 0.9141254425048828
        },
        "1": {
            "0": 0.9232096076011658,
            "1": 0.9486355185508728
        }
    }
}