{
    "confidence_score": 0.851692795753479,
    "ptm": 0.9433387517929077,
    "iptm": 0.942119300365448,
    "ligand_iptm": 0.0,
    "protein_iptm": 0.942119300365448,
    "complex_plddt": 0.829086184501648,
    "complex_iplddt": 0.8127041459083557,
    "complex_pde": 0.3408763110637665,
    "complex_ipde": 0.5949563980102539,
    "chains_ptm": {
        "0": 0.9494665861129761,
        "1": 0.9603922963142395
    },
    "pair_chains_iptm": {
        "0": {
            "0": 0.9494665861129761,
            "1": 0.9335327744483948
        },
        "1": {
            "0": 0.942119300365448,
            "1": 0.9603922963142395
        }
    }
}