{
    "confidence_score": 0.8132118582725525,
    "ptm": 0.8909120559692383,
    "iptm": 0.8863676190376282,
    "ligand_iptm": 0.0,
    "protein_iptm": 0.8863676190376282,
    "complex_plddt": 0.7949228882789612,
    "complex_iplddt": 0.7782503962516785,
    "complex_pde": 0.46770086884498596,
    "complex_ipde": 1.0181020498275757,
    "chains_ptm": {
        "0": 0.9035300016403198,
        "1": 0.915179431438446
    },
    "pair_chains_iptm": {
        "0": {
            "0": 0.9035300016403198,
            "1": 0.8743539452552795
        },
        "1": {
            "0": 0.8863676190376282,
            "1": 0.915179431438446
        }
    }
}