{
    "confidence_score": 0.8283798098564148,
    "ptm": 0.8919872641563416,
    "iptm": 0.8889757394790649,
    "ligand_iptm": 0.0,
    "protein_iptm": 0.8889757394790649,
    "complex_plddt": 0.8132308721542358,
    "complex_iplddt": 0.7995782494544983,
    "complex_pde": 0.43010619282722473,
    "complex_ipde": 0.8382344841957092,
    "chains_ptm": {
        "0": 0.9130771160125732,
        "1": 0.9171262383460999
    },
    "pair_chains_iptm": {
        "0": {
            "0": 0.9130771160125732,
            "1": 0.8838385343551636
        },
        "1": {
            "0": 0.8889757394790649,
            "1": 0.9171262383460999
        }
    }
}