{
    "confidence_score": 0.9025680422782898,
    "ptm": 0.9398618340492249,
    "iptm": 0.8915866613388062,
    "ligand_iptm": 0.0,
    "protein_iptm": 0.8915866613388062,
    "complex_plddt": 0.9053133726119995,
    "complex_iplddt": 0.8666403293609619,
    "complex_pde": 0.28393784165382385,
    "complex_ipde": 0.3911668360233307,
    "chains_ptm": {
        "0": 0.9562921524047852,
        "1": 0.9090704321861267
    },
    "pair_chains_iptm": {
        "0": {
            "0": 0.9562921524047852,
            "1": 0.819246232509613
        },
        "1": {
            "0": 0.8915866613388062,
            "1": 0.9090704321861267
        }
    }
}