{
    "confidence_score": 0.9157471656799316,
    "ptm": 0.9612171053886414,
    "iptm": 0.9368476271629333,
    "ligand_iptm": 0.0,
    "protein_iptm": 0.9368476271629333,
    "complex_plddt": 0.9104720950126648,
    "complex_iplddt": 0.8718973398208618,
    "complex_pde": 0.26372799277305603,
    "complex_ipde": 0.3153037130832672,
    "chains_ptm": {
        "0": 0.9735994338989258,
        "1": 0.9393554925918579
    },
    "pair_chains_iptm": {
        "0": {
            "0": 0.9735994338989258,
            "1": 0.8722696304321289
        },
        "1": {
            "0": 0.9368476271629333,
            "1": 0.9393554925918579
        }
    }
}