{
    "confidence_score": 0.8770942687988281,
    "ptm": 0.9525815844535828,
    "iptm": 0.905782163143158,
    "ligand_iptm": 0.0,
    "protein_iptm": 0.905782163143158,
    "complex_plddt": 0.8699223399162292,
    "complex_iplddt": 0.8031612634658813,
    "complex_pde": 0.2785665988922119,
    "complex_ipde": 0.39353084564208984,
    "chains_ptm": {
        "0": 0.9716590642929077,
        "1": 0.9093537330627441
    },
    "pair_chains_iptm": {
        "0": {
            "0": 0.9716590642929077,
            "1": 0.8108026385307312
        },
        "1": {
            "0": 0.905782163143158,
            "1": 0.9093537330627441
        }
    }
}