{
    "confidence_score": 0.9144139289855957,
    "ptm": 0.9575802683830261,
    "iptm": 0.9221420884132385,
    "ligand_iptm": 0.0,
    "protein_iptm": 0.9221420884132385,
    "complex_plddt": 0.9124819040298462,
    "complex_iplddt": 0.8766276836395264,
    "complex_pde": 0.27081024646759033,
    "complex_ipde": 0.35293975472450256,
    "chains_ptm": {
        "0": 0.9725061058998108,
        "1": 0.927307665348053
    },
    "pair_chains_iptm": {
        "0": {
            "0": 0.9725061058998108,
            "1": 0.8713945150375366
        },
        "1": {
            "0": 0.9221420884132385,
            "1": 0.927307665348053
        }
    }
}