{
    "confidence_score": 0.9103458523750305,
    "ptm": 0.9491907358169556,
    "iptm": 0.8898226618766785,
    "ligand_iptm": 0.0,
    "protein_iptm": 0.8898226618766785,
    "complex_plddt": 0.9154766201972961,
    "complex_iplddt": 0.8876054286956787,
    "complex_pde": 0.28895750641822815,
    "complex_ipde": 0.4490691125392914,
    "chains_ptm": {
        "0": 0.9701041579246521,
        "1": 0.9007341265678406
    },
    "pair_chains_iptm": {
        "0": {
            "0": 0.9701041579246521,
            "1": 0.8594570159912109
        },
        "1": {
            "0": 0.8898226618766785,
            "1": 0.9007341265678406
        }
    }
}