{
    "confidence_score": 0.9294951558113098,
    "ptm": 0.960952639579773,
    "iptm": 0.9367933869361877,
    "ligand_iptm": 0.0,
    "protein_iptm": 0.9367933869361877,
    "complex_plddt": 0.9276705384254456,
    "complex_iplddt": 0.8980432748794556,
    "complex_pde": 0.2666133940219879,
    "complex_ipde": 0.30902764201164246,
    "chains_ptm": {
        "0": 0.971575915813446,
        "1": 0.9425670504570007
    },
    "pair_chains_iptm": {
        "0": {
            "0": 0.971575915813446,
            "1": 0.8743064999580383
        },
        "1": {
            "0": 0.9367933869361877,
            "1": 0.9425670504570007
        }
    }
}