{
    "confidence_score": 0.9100698828697205,
    "ptm": 0.9544517993927002,
    "iptm": 0.911479115486145,
    "ligand_iptm": 0.0,
    "protein_iptm": 0.911479115486145,
    "complex_plddt": 0.9097175598144531,
    "complex_iplddt": 0.8750248551368713,
    "complex_pde": 0.27401939034461975,
    "complex_ipde": 0.3592033386230469,
    "chains_ptm": {
        "0": 0.9694579839706421,
        "1": 0.92146235704422
    },
    "pair_chains_iptm": {
        "0": {
            "0": 0.9694579839706421,
            "1": 0.8683590888977051
        },
        "1": {
            "0": 0.911479115486145,
            "1": 0.92146235704422
        }
    }
}