{
    "confidence_score": 0.9036992192268372,
    "ptm": 0.9405954480171204,
    "iptm": 0.8717876076698303,
    "ligand_iptm": 0.0,
    "protein_iptm": 0.8717876076698303,
    "complex_plddt": 0.9116771221160889,
    "complex_iplddt": 0.8819556832313538,
    "complex_pde": 0.29614707827568054,
    "complex_ipde": 0.47236111760139465,
    "chains_ptm": {
        "0": 0.9665881395339966,
        "1": 0.8793575763702393
    },
    "pair_chains_iptm": {
        "0": {
            "0": 0.9665881395339966,
            "1": 0.8366560935974121
        },
        "1": {
            "0": 0.8717876076698303,
            "1": 0.8793575763702393
        }
    }
}