{
    "confidence_score": 0.9131338000297546,
    "ptm": 0.9590629935264587,
    "iptm": 0.928913950920105,
    "ligand_iptm": 0.0,
    "protein_iptm": 0.928913950920105,
    "complex_plddt": 0.9091887474060059,
    "complex_iplddt": 0.874661386013031,
    "complex_pde": 0.2665293216705322,
    "complex_ipde": 0.3324536383152008,
    "chains_ptm": {
        "0": 0.9732391238212585,
        "1": 0.9368887543678284
    },
    "pair_chains_iptm": {
        "0": {
            "0": 0.9732391238212585,
            "1": 0.8788517713546753
        },
        "1": {
            "0": 0.928913950920105,
            "1": 0.9368887543678284
        }
    }
}