{
    "confidence_score": 0.9259130358695984,
    "ptm": 0.9603745341300964,
    "iptm": 0.9314520359039307,
    "ligand_iptm": 0.0,
    "protein_iptm": 0.9314520359039307,
    "complex_plddt": 0.9245282411575317,
    "complex_iplddt": 0.8978372812271118,
    "complex_pde": 0.2671803832054138,
    "complex_ipde": 0.32669761776924133,
    "chains_ptm": {
        "0": 0.9734340906143188,
        "1": 0.9368433952331543
    },
    "pair_chains_iptm": {
        "0": {
            "0": 0.9734340906143188,
            "1": 0.8728368282318115
        },
        "1": {
            "0": 0.9314520359039307,
            "1": 0.9368433952331543
        }
    }
}