{
    "confidence_score": 0.5259720683097839,
    "ptm": 0.35897254943847656,
    "iptm": 0.296733021736145,
    "ligand_iptm": 0.0,
    "protein_iptm": 0.0,
    "complex_plddt": 0.5832818150520325,
    "complex_iplddt": 0.6054589748382568,
    "complex_pde": 0.810076892375946,
    "complex_ipde": 1.0586845874786377,
    "chains_ptm": {
        "0": 0.416765421628952,
        "1": 0.4645855128765106
    },
    "pair_chains_iptm": {
        "0": {
            "0": 0.416765421628952,
            "1": 0.2823738753795624
        },
        "1": {
            "0": 0.296733021736145,
            "1": 0.4645855128765106
        }
    }
}