{
    "confidence_score": 0.6122018098831177,
    "ptm": 0.5066370964050293,
    "iptm": 0.4722105860710144,
    "ligand_iptm": 0.0,
    "protein_iptm": 0.0,
    "complex_plddt": 0.6471995711326599,
    "complex_iplddt": 0.6623557209968567,
    "complex_pde": 0.3560293912887573,
    "complex_ipde": 0.41041573882102966,
    "chains_ptm": {
        "0": 0.5778566598892212,
        "1": 0.5905548334121704
    },
    "pair_chains_iptm": {
        "0": {
            "0": 0.5778566598892212,
            "1": 0.45929649472236633
        },
        "1": {
            "0": 0.4722105860710144,
            "1": 0.5905548334121704
        }
    }
}