{
    "confidence_score": 0.6248034238815308,
    "ptm": 0.4937158226966858,
    "iptm": 0.4433172047138214,
    "ligand_iptm": 0.0,
    "protein_iptm": 0.0,
    "complex_plddt": 0.6701749563217163,
    "complex_iplddt": 0.6894022822380066,
    "complex_pde": 0.44161394238471985,
    "complex_ipde": 0.4906761646270752,
    "chains_ptm": {
        "0": 0.551371693611145,
        "1": 0.5318719148635864
    },
    "pair_chains_iptm": {
        "0": {
            "0": 0.551371693611145,
            "1": 0.4433172047138214
        },
        "1": {
            "0": 0.44202402234077454,
            "1": 0.5318719148635864
        }
    }
}