{
    "confidence_score": 0.7187725305557251,
    "ptm": 0.5849921703338623,
    "iptm": 0.5839055776596069,
    "ligand_iptm": 0.0,
    "protein_iptm": 0.0,
    "complex_plddt": 0.7524892687797546,
    "complex_iplddt": 0.7577627301216125,
    "complex_pde": 0.2862851917743683,
    "complex_ipde": 0.30686721205711365,
    "chains_ptm": {
        "0": 0.6379814743995667,
        "1": 0.6353261470794678
    },
    "pair_chains_iptm": {
        "0": {
            "0": 0.6379814743995667,
            "1": 0.5790638327598572
        },
        "1": {
            "0": 0.5839055776596069,
            "1": 0.6353261470794678
        }
    }
}