{
    "confidence_score": 0.7003185153007507,
    "ptm": 0.5587515234947205,
    "iptm": 0.5446873307228088,
    "ligand_iptm": 0.0,
    "protein_iptm": 0.0,
    "complex_plddt": 0.7392262816429138,
    "complex_iplddt": 0.746232807636261,
    "complex_pde": 0.3158555328845978,
    "complex_ipde": 0.3653051555156708,
    "chains_ptm": {
        "0": 0.6247009634971619,
        "1": 0.6411646008491516
    },
    "pair_chains_iptm": {
        "0": {
            "0": 0.6247009634971619,
            "1": 0.5312795042991638
        },
        "1": {
            "0": 0.5446873307228088,
            "1": 0.6411646008491516
        }
    }
}