{
    "confidence_score": 0.7343327403068542,
    "ptm": 0.5899831652641296,
    "iptm": 0.5607174038887024,
    "ligand_iptm": 0.0,
    "protein_iptm": 0.0,
    "complex_plddt": 0.7777366042137146,
    "complex_iplddt": 0.7816565036773682,
    "complex_pde": 0.2887739837169647,
    "complex_ipde": 0.31332916021347046,
    "chains_ptm": {
        "0": 0.6374809741973877,
        "1": 0.6337092518806458
    },
    "pair_chains_iptm": {
        "0": {
            "0": 0.6374809741973877,
            "1": 0.5535292625427246
        },
        "1": {
            "0": 0.5607174038887024,
            "1": 0.6337092518806458
        }
    }
}