{
    "confidence_score": 0.5901486277580261,
    "ptm": 0.5058108568191528,
    "iptm": 0.4683561623096466,
    "ligand_iptm": 0.0,
    "protein_iptm": 0.0,
    "complex_plddt": 0.620596706867218,
    "complex_iplddt": 0.6248442530632019,
    "complex_pde": 0.3721981942653656,
    "complex_ipde": 0.42290496826171875,
    "chains_ptm": {
        "0": 0.5649266242980957,
        "1": 0.5668511390686035
    },
    "pair_chains_iptm": {
        "0": {
            "0": 0.5649266242980957,
            "1": 0.4630894064903259
        },
        "1": {
            "0": 0.4683561623096466,
            "1": 0.5668511390686035
        }
    }
}