{
    "confidence_score": 0.5505794882774353,
    "ptm": 0.5153592824935913,
    "iptm": 0.45630040764808655,
    "ligand_iptm": 0.0,
    "protein_iptm": 0.0,
    "complex_plddt": 0.5741491913795471,
    "complex_iplddt": 0.5795121788978577,
    "complex_pde": 0.5096474289894104,
    "complex_ipde": 0.630183756351471,
    "chains_ptm": {
        "0": 0.574417769908905,
        "1": 0.5768347382545471
    },
    "pair_chains_iptm": {
        "0": {
            "0": 0.574417769908905,
            "1": 0.44834309816360474
        },
        "1": {
            "0": 0.45630040764808655,
            "1": 0.5768347382545471
        }
    }
}