{
    "confidence_score": 0.6694366931915283,
    "ptm": 0.551820695400238,
    "iptm": 0.5470263361930847,
    "ligand_iptm": 0.0,
    "protein_iptm": 0.0,
    "complex_plddt": 0.700039267539978,
    "complex_iplddt": 0.7051429748535156,
    "complex_pde": 0.3259024918079376,
    "complex_ipde": 0.36515676975250244,
    "chains_ptm": {
        "0": 0.6055587530136108,
        "1": 0.6090977191925049
    },
    "pair_chains_iptm": {
        "0": {
            "0": 0.6055587530136108,
            "1": 0.5386550426483154
        },
        "1": {
            "0": 0.5470263361930847,
            "1": 0.6090977191925049
        }
    }
}