{
    "confidence_score": 0.45318660140037537,
    "ptm": 0.31169915199279785,
    "iptm": 0.22432999312877655,
    "ligand_iptm": 0.0,
    "protein_iptm": 0.0,
    "complex_plddt": 0.5104007720947266,
    "complex_iplddt": 0.5493466854095459,
    "complex_pde": 1.4210902452468872,
    "complex_ipde": 2.2166690826416016,
    "chains_ptm": {
        "0": 0.4059785306453705,
        "1": 0.3990681767463684
    },
    "pair_chains_iptm": {
        "0": {
            "0": 0.4059785306453705,
            "1": 0.22432999312877655
        },
        "1": {
            "0": 0.22213731706142426,
            "1": 0.3990681767463684
        }
    }
}