{
    "confidence_score": 0.8078159689903259,
    "ptm": 0.9218652248382568,
    "iptm": 0.7472097873687744,
    "ligand_iptm": 0.0,
    "protein_iptm": 0.7472097873687744,
    "complex_plddt": 0.822967529296875,
    "complex_iplddt": 0.799984335899353,
    "complex_pde": 0.416425496339798,
    "complex_ipde": 3.0964138507843018,
    "chains_ptm": {
        "0": 0.9782769083976746,
        "1": 0.9069772362709045
    },
    "pair_chains_iptm": {
        "0": {
            "0": 0.9782769083976746,
            "1": 0.7153686285018921
        },
        "1": {
            "0": 0.7472097873687744,
            "1": 0.9069772362709045
        }
    }
}