{
    "confidence_score": 0.7927517294883728,
    "ptm": 0.9265625476837158,
    "iptm": 0.7773626446723938,
    "ligand_iptm": 0.0,
    "protein_iptm": 0.7773626446723938,
    "complex_plddt": 0.7965989708900452,
    "complex_iplddt": 0.7239557504653931,
    "complex_pde": 0.4332457482814789,
    "complex_ipde": 2.6794040203094482,
    "chains_ptm": {
        "0": 0.9747503995895386,
        "1": 0.8479607701301575
    },
    "pair_chains_iptm": {
        "0": {
            "0": 0.9747503995895386,
            "1": 0.6646246910095215
        },
        "1": {
            "0": 0.7773626446723938,
            "1": 0.8479607701301575
        }
    }
}