{
    "confidence_score": 0.7701277136802673,
    "ptm": 0.8886108994483948,
    "iptm": 0.6609894633293152,
    "ligand_iptm": 0.0,
    "protein_iptm": 0.6609894633293152,
    "complex_plddt": 0.7974122762680054,
    "complex_iplddt": 0.720161497592926,
    "complex_pde": 0.513769805431366,
    "complex_ipde": 3.450277328491211,
    "chains_ptm": {
        "0": 0.9603202939033508,
        "1": 0.820999801158905
    },
    "pair_chains_iptm": {
        "0": {
            "0": 0.9603202939033508,
            "1": 0.5492798089981079
        },
        "1": {
            "0": 0.6609894633293152,
            "1": 0.820999801158905
        }
    }
}