{
    "confidence_score": 0.6796583533287048,
    "ptm": 0.7671067714691162,
    "iptm": 0.07622744143009186,
    "ligand_iptm": 0.0,
    "protein_iptm": 0.07622744143009186,
    "complex_plddt": 0.8305160403251648,
    "complex_iplddt": 0.8305160403251648,
    "complex_pde": 0.8681530356407166,
    "complex_ipde": 14.479043960571289,
    "chains_ptm": {
        "0": 0.9736583828926086,
        "1": 0.8523761630058289
    },
    "pair_chains_iptm": {
        "0": {
            "0": 0.9736583828926086,
            "1": 0.05943998321890831
        },
        "1": {
            "0": 0.07622744143009186,
            "1": 0.8523761630058289
        }
    }
}