{
    "confidence_score": 0.7799870371818542,
    "ptm": 0.8910245299339294,
    "iptm": 0.6118986010551453,
    "ligand_iptm": 0.0,
    "protein_iptm": 0.6118986010551453,
    "complex_plddt": 0.8220091462135315,
    "complex_iplddt": 0.7470526099205017,
    "complex_pde": 0.5016211271286011,
    "complex_ipde": 5.822275161743164,
    "chains_ptm": {
        "0": 0.9838434457778931,
        "1": 0.878589391708374
    },
    "pair_chains_iptm": {
        "0": {
            "0": 0.9838434457778931,
            "1": 0.5806666016578674
        },
        "1": {
            "0": 0.6118986010551453,
            "1": 0.878589391708374
        }
    }
}