{
    "confidence_score": 0.7090498805046082,
    "ptm": 0.7869710326194763,
    "iptm": 0.30376720428466797,
    "ligand_iptm": 0.0,
    "protein_iptm": 0.30376720428466797,
    "complex_plddt": 0.8103705644607544,
    "complex_iplddt": 0.7928058505058289,
    "complex_pde": 0.712588906288147,
    "complex_ipde": 10.172484397888184,
    "chains_ptm": {
        "0": 0.9696359038352966,
        "1": 0.82304447889328
    },
    "pair_chains_iptm": {
        "0": {
            "0": 0.9696359038352966,
            "1": 0.30376720428466797
        },
        "1": {
            "0": 0.17968551814556122,
            "1": 0.82304447889328
        }
    }
}