{
    "confidence_score": 0.8137102127075195,
    "ptm": 0.9299935698509216,
    "iptm": 0.7688062787055969,
    "ligand_iptm": 0.0,
    "protein_iptm": 0.7688062787055969,
    "complex_plddt": 0.8249362111091614,
    "complex_iplddt": 0.7915399074554443,
    "complex_pde": 0.38508865237236023,
    "complex_ipde": 2.5875957012176514,
    "chains_ptm": {
        "0": 0.9813567996025085,
        "1": 0.9023153185844421
    },
    "pair_chains_iptm": {
        "0": {
            "0": 0.9813567996025085,
            "1": 0.765893280506134
        },
        "1": {
            "0": 0.7688062787055969,
            "1": 0.9023153185844421
        }
    }
}