{
    "confidence_score": 0.8188220858573914,
    "ptm": 0.9337206482887268,
    "iptm": 0.8088107705116272,
    "ligand_iptm": 0.0,
    "protein_iptm": 0.8088107705116272,
    "complex_plddt": 0.8213249444961548,
    "complex_iplddt": 0.7798655033111572,
    "complex_pde": 0.4134165942668915,
    "complex_ipde": 2.2965338230133057,
    "chains_ptm": {
        "0": 0.9764585494995117,
        "1": 0.8683632016181946
    },
    "pair_chains_iptm": {
        "0": {
            "0": 0.9764585494995117,
            "1": 0.7707198858261108
        },
        "1": {
            "0": 0.8088107705116272,
            "1": 0.8683632016181946
        }
    }
}