{
    "confidence_score": 0.8464040160179138,
    "ptm": 0.9688990116119385,
    "iptm": 0.9274747371673584,
    "ligand_iptm": 0.0,
    "protein_iptm": 0.9274747371673584,
    "complex_plddt": 0.8261362910270691,
    "complex_iplddt": 0.7544263601303101,
    "complex_pde": 0.31085842847824097,
    "complex_ipde": 0.7860725522041321,
    "chains_ptm": {
        "0": 0.9819819927215576,
        "1": 0.9388957023620605
    },
    "pair_chains_iptm": {
        "0": {
            "0": 0.9819819927215576,
            "1": 0.8881131410598755
        },
        "1": {
            "0": 0.9274747371673584,
            "1": 0.9388957023620605
        }
    }
}