{
    "confidence_score": 0.7557689547538757,
    "ptm": 0.8260638117790222,
    "iptm": 0.5775441527366638,
    "ligand_iptm": 0.0,
    "protein_iptm": 0.5775441527366638,
    "complex_plddt": 0.8003251552581787,
    "complex_iplddt": 0.7390096783638,
    "complex_pde": 0.5097967386245728,
    "complex_ipde": 4.072163105010986,
    "chains_ptm": {
        "0": 0.9641274809837341,
        "1": 0.8083320260047913
    },
    "pair_chains_iptm": {
        "0": {
            "0": 0.9641274809837341,
            "1": 0.5775441527366638
        },
        "1": {
            "0": 0.37424981594085693,
            "1": 0.8083320260047913
        }
    }
}