{
    "confidence_score": 0.36437326669692993,
    "ptm": 0.16344578564167023,
    "iptm": 0.10875523835420609,
    "ligand_iptm": 0.0,
    "protein_iptm": 0.10875523835420609,
    "complex_plddt": 0.42827776074409485,
    "complex_iplddt": 0.4175349175930023,
    "complex_pde": 4.370088577270508,
    "complex_ipde": 17.191856384277344,
    "chains_ptm": {
        "0": 0.2510909140110016,
        "1": 0.23705393075942993,
        "2": 0.3209807872772217
    },
    "pair_chains_iptm": {
        "0": {
            "0": 0.2510909140110016,
            "1": 0.12341968715190887,
            "2": 0.09349292516708374
        },
        "1": {
            "0": 0.11980187147855759,
            "1": 0.23705393075942993,
            "2": 0.09404147416353226
        },
        "2": {
            "0": 0.09210538864135742,
            "1": 0.09496760368347168,
            "2": 0.3209807872772217
        }
    }
}