{
    "confidence_score": 0.40090107917785645,
    "ptm": 0.17999660968780518,
    "iptm": 0.11249850690364838,
    "ligand_iptm": 0.0,
    "protein_iptm": 0.11249850690364838,
    "complex_plddt": 0.47300171852111816,
    "complex_iplddt": 0.45328158140182495,
    "complex_pde": 4.196756362915039,
    "complex_ipde": 16.952192306518555,
    "chains_ptm": {
        "0": 0.26668623089790344,
        "1": 0.26162582635879517,
        "2": 0.3691508173942566
    },
    "pair_chains_iptm": {
        "0": {
            "0": 0.26668623089790344,
            "1": 0.11822008341550827,
            "2": 0.10175159573554993
        },
        "1": {
            "0": 0.1192106157541275,
            "1": 0.26162582635879517,
            "2": 0.10374956578016281
        },
        "2": {
            "0": 0.10680080950260162,
            "1": 0.10651204735040665,
            "2": 0.3691508173942566
        }
    }
}