{
    "confidence_score": 0.42378854751586914,
    "ptm": 0.24041202664375305,
    "iptm": 0.12942513823509216,
    "ligand_iptm": 0.0,
    "protein_iptm": 0.12942513823509216,
    "complex_plddt": 0.4973793923854828,
    "complex_iplddt": 0.4994499981403351,
    "complex_pde": 3.429436683654785,
    "complex_ipde": 14.191155433654785,
    "chains_ptm": {
        "0": 0.46742260456085205,
        "1": 0.43435046076774597,
        "2": 0.47925740480422974
    },
    "pair_chains_iptm": {
        "0": {
            "0": 0.46742260456085205,
            "1": 0.13687102496623993,
            "2": 0.11187814921140671
        },
        "1": {
            "0": 0.14574073255062103,
            "1": 0.43435046076774597,
            "2": 0.1286614090204239
        },
        "2": {
            "0": 0.12918080389499664,
            "1": 0.11964629590511322,
            "2": 0.47925740480422974
        }
    }
}