{
    "confidence_score": 0.3604138493537903,
    "ptm": 0.17424005270004272,
    "iptm": 0.11407267302274704,
    "ligand_iptm": 0.0,
    "protein_iptm": 0.11407267302274704,
    "complex_plddt": 0.42199912667274475,
    "complex_iplddt": 0.4192085564136505,
    "complex_pde": 4.050103664398193,
    "complex_ipde": 16.196104049682617,
    "chains_ptm": {
        "0": 0.2503206729888916,
        "1": 0.2464575171470642,
        "2": 0.34466761350631714
    },
    "pair_chains_iptm": {
        "0": {
            "0": 0.2503206729888916,
            "1": 0.13018161058425903,
            "2": 0.1000652089715004
        },
        "1": {
            "0": 0.12878325581550598,
            "1": 0.2464575171470642,
            "2": 0.10830631107091904
        },
        "2": {
            "0": 0.09575411677360535,
            "1": 0.10524166375398636,
            "2": 0.34466761350631714
        }
    }
}