{
    "confidence_score": 0.3979107737541199,
    "ptm": 0.17407545447349548,
    "iptm": 0.11147739738225937,
    "ligand_iptm": 0.0,
    "protein_iptm": 0.11147739738225937,
    "complex_plddt": 0.46951910853385925,
    "complex_iplddt": 0.4332349896430969,
    "complex_pde": 4.229763031005859,
    "complex_ipde": 16.956422805786133,
    "chains_ptm": {
        "0": 0.27958640456199646,
        "1": 0.2733907401561737,
        "2": 0.35005703568458557
    },
    "pair_chains_iptm": {
        "0": {
            "0": 0.27958640456199646,
            "1": 0.12183425575494766,
            "2": 0.0995427593588829
        },
        "1": {
            "0": 0.1205551028251648,
            "1": 0.2733907401561737,
            "2": 0.10095392167568207
        },
        "2": {
            "0": 0.10239969193935394,
            "1": 0.10477397590875626,
            "2": 0.35005703568458557
        }
    }
}